return_id,sales_id,date_id,date,customer_id,product_id,region_id,return_units,return_value_eur,return_reason
1,71788,20250526,2025-05-26,928,1075,3,1,204.07,Defect
2,67219,20210611,2021-06-11,1077,1170,9,3,185.1,Customer Cancellation
3,54067,20211228,2021-12-28,379,1042,3,6,2003.92,Defect
4,7169,20220428,2022-04-28,533,1181,6,1,219.8,Other
5,29619,20221106,2022-11-06,928,1069,3,1,200.15,Defect
6,101426,20251012,2025-10-12,149,1139,8,20,1996.91,Wrong Configuration
7,20442,20251207,2025-12-07,984,1085,2,1,900.88,Customer Cancellation
8,2663,20250129,2025-01-29,894,1183,1,3,533.33,Shipping Damage
9,20372,20250123,2025-01-23,688,1075,9,4,819.84,Shipping Damage
10,108152,20220827,2022-08-27,469,1058,1,7,3478.21,Wrong Configuration
11,15316,20240121,2024-01-21,224,1196,9,11,2154.84,Customer Cancellation
12,23539,20220406,2022-04-06,157,1030,1,4,2232.9,Shipping Damage
13,113199,20230628,2023-06-28,374,1019,4,1,957.94,Defect
14,202,20251004,2025-10-04,813,1130,3,6,443.96,Wrong Configuration
15,52091,20250624,2025-06-24,530,1021,5,3,2009.05,Customer Cancellation
16,15395,20230803,2023-08-03,574,1118,7,3,4449.38,Defect
17,88289,20250703,2025-07-03,689,1072,1,21,3862.57,Other
18,46591,20220727,2022-07-27,971,1170,6,16,946.81,Shipping Damage
19,14006,20251212,2025-12-12,1178,1017,7,13,13474.7,Defect
20,13753,20241012,2024-10-12,650,1010,2,1,926.86,Customer Cancellation
21,119831,20240110,2024-01-10,898,1021,3,12,8726.78,Shipping Damage
22,82402,20210819,2021-08-19,308,1024,1,5,2356.4,Wrong Configuration
23,1750,20210716,2021-07-16,243,1023,3,3,1558.57,Customer Cancellation
24,114631,20250802,2025-08-02,164,1193,9,4,777.64,Defect
25,11204,20230611,2023-06-11,978,1050,6,56,29435.95,Other
26,59655,20251006,2025-10-06,515,1132,3,9,698.37,Wrong Configuration
27,35528,20220518,2022-05-18,82,1052,3,3,1181.73,Defect
28,101798,20210628,2021-06-28,1063,1046,6,51,24281.23,Other
29,11981,20251223,2025-12-23,1131,1055,4,7,2799.45,Defect
30,61755,20240229,2024-02-29,778,1049,6,8,2863.01,Wrong Configuration
31,93023,20251121,2025-11-21,281,1094,3,1,947.43,Shipping Damage
32,13665,20220127,2022-01-27,78,1195,9,4,839.7,Shipping Damage
33,113758,20250325,2025-03-25,756,1065,2,3,393.21,Wrong Configuration
34,59280,20250222,2025-02-22,149,1136,8,13,852.21,Defect
35,61524,20210302,2021-03-02,788,1167,6,2,105.24,Wrong Configuration
36,31155,20210823,2021-08-23,640,1179,9,5,229.9,Wrong Configuration
37,75640,20251126,2025-11-26,253,1044,2,2,782.08,Defect
38,47218,20241108,2024-11-08,591,1019,6,3,2869.1,Wrong Configuration
39,16529,20220401,2022-04-01,563,1104,1,7,5701.15,Customer Cancellation
40,117742,20251114,2025-11-14,1122,1161,7,4,240.34,Defect
41,78536,20241210,2024-12-10,82,1017,3,6,5748.41,Defect
42,114610,20220509,2022-05-09,233,1080,5,1,630.49,Shipping Damage
43,103220,20220822,2022-08-22,847,1026,4,28,13142.27,Shipping Damage
44,2620,20251203,2025-12-03,148,1161,1,1,64.33,Customer Cancellation
45,57663,20230108,2023-01-08,923,1017,8,16,14624.06,Defect
46,19072,20231006,2023-10-06,223,1123,9,12,899.39,Shipping Damage
47,72649,20240710,2024-07-10,185,1160,9,6,460.49,Defect
48,17793,20250718,2025-07-18,1,1038,10,1,632.84,Wrong Configuration
49,27054,20240917,2024-09-17,149,1106,8,13,15297.72,Other
50,110312,20241115,2024-11-15,409,1161,5,41,2277.35,Customer Cancellation
51,6092,20211013,2021-10-13,439,1077,2,8,1016.85,Wrong Configuration
52,10745,20230523,2023-05-23,621,1079,8,27,4810.45,Wrong Configuration
53,101589,20250419,2025-04-19,582,1004,5,15,11387.4,Wrong Configuration
54,54159,20221113,2022-11-13,773,1128,5,6,242.02,Defect
55,38274,20250207,2025-02-07,583,1170,2,3,217.06,Defect
56,32115,20240301,2024-03-01,186,1006,1,17,13180.33,Wrong Configuration
57,28228,20230309,2023-03-09,1198,1114,2,3,4600.85,Shipping Damage
58,52851,20241213,2024-12-13,259,1082,2,4,3346.21,Wrong Configuration
59,95498,20210224,2021-02-24,429,1188,1,2,432.25,Defect
60,26303,20240128,2024-01-28,460,1011,3,1,970.2,Shipping Damage
61,48643,20221106,2022-11-06,359,1051,1,2,726.8,Defect
62,23719,20241228,2024-12-28,332,1001,5,45,35292.44,Wrong Configuration
63,53878,20241221,2024-12-21,680,1072,8,4,696.01,Customer Cancellation
64,66947,20240520,2024-05-20,17,1007,1,38,39477.63,Customer Cancellation
65,105327,20240502,2024-05-02,685,1013,4,63,57082.4,Customer Cancellation
66,81445,20211114,2021-11-14,789,1000,3,4,2219.66,Defect
67,56220,20210418,2021-04-18,579,1194,2,18,4374.37,Defect
68,53450,20210828,2021-08-28,422,1094,7,6,4536.41,Shipping Damage
69,54209,20250203,2025-02-03,472,1012,9,5,5217.67,Wrong Configuration
70,86165,20240807,2024-08-07,843,1076,5,9,1183.33,Defect
71,87738,20250510,2025-05-10,592,1080,2,3,1948.75,Defect
72,116452,20250805,2025-08-05,971,1077,6,4,647.27,Wrong Configuration
73,35247,20241015,2024-10-15,238,1149,4,2,1579.8,Shipping Damage
74,544,20251024,2025-10-24,1149,1175,2,2,134.17,Wrong Configuration
75,102312,20240404,2024-04-04,702,1054,3,16,8244.31,Defect
76,107418,20240331,2024-03-31,1041,1120,4,1,90.54,Customer Cancellation
77,97482,20230204,2023-02-04,429,1044,1,3,1150.79,Customer Cancellation
78,36299,20221130,2022-11-30,793,1184,4,6,820.54,Customer Cancellation
79,55376,20231106,2023-11-06,772,1067,3,4,763.83,Defect
80,2340,20240108,2024-01-08,1150,1064,4,14,2838.59,Defect
81,24564,20230813,2023-08-13,332,1002,5,8,5412.67,Defect
82,84383,20220802,2022-08-02,951,1047,6,5,2716.03,Defect
83,95886,20220726,2022-07-26,610,1161,5,2,130.57,Defect
84,18907,20221115,2022-11-15,263,1019,6,18,14803.39,Shipping Damage
85,60905,20240326,2024-03-26,1032,1161,1,18,1212.76,Customer Cancellation
86,79138,20251127,2025-11-27,1041,1132,4,3,263.76,Shipping Damage
87,55867,20221025,2022-10-25,553,1064,1,6,1193.15,Defect
88,37916,20210526,2021-05-26,39,1002,3,5,3560.26,Defect
89,69991,20250311,2025-03-11,80,1015,2,8,8227.47,Customer Cancellation
90,22603,20211112,2021-11-12,653,1019,9,2,1880.11,Wrong Configuration
91,7434,20240327,2024-03-27,532,1185,8,2,480.79,Defect
92,94522,20210310,2021-03-10,1041,1014,4,1,1143.01,Wrong Configuration
93,46184,20221113,2022-11-13,1061,1136,6,13,870.67,Customer Cancellation
94,29548,20251020,2025-10-20,702,1163,3,28,1037.13,Defect
95,29212,20220402,2022-04-02,214,1190,6,1,237.02,Defect
96,31099,20251006,2025-10-06,65,1037,1,1,580.16,Wrong Configuration
97,63792,20231013,2023-10-13,1063,1135,6,15,1183.59,Other
98,67823,20250214,2025-02-14,394,1162,3,1,74.79,Wrong Configuration
99,30301,20250102,2025-01-02,263,1169,6,3,142.11,Customer Cancellation
100,11467,20240922,2024-09-22,1152,1052,6,15,5684.72,Customer Cancellation
101,2889,20210727,2021-07-27,191,1175,1,4,214.37,Other
102,61086,20250905,2025-09-05,1147,1120,1,14,1325.46,Wrong Configuration
103,88410,20210907,2021-09-07,121,1002,10,34,25049.15,Wrong Configuration
104,20691,20211120,2021-11-20,71,1137,10,5,298.37,Wrong Configuration
105,117837,20210412,2021-04-12,241,1183,7,1,159.44,Other
106,21502,20241101,2024-11-01,728,1027,5,6,3045.87,Wrong Configuration
107,92178,20210607,2021-06-07,500,1052,5,2,732.88,Shipping Damage
108,37871,20221231,2022-12-31,1081,1186,1,4,883.11,Defect
109,31979,20231206,2023-12-06,506,1159,4,4,2242.25,Shipping Damage
110,33297,20210129,2021-01-29,479,1034,1,5,2830.49,Customer Cancellation
111,72637,20250817,2025-08-17,157,1143,1,3,2363.53,Shipping Damage
112,3283,20220326,2022-03-26,572,1121,2,41,2858.31,Customer Cancellation
113,67931,20210510,2021-05-10,582,1186,5,34,7208.82,Wrong Configuration
114,100434,20250719,2025-07-19,540,1164,3,6,278.73,Defect
115,54418,20240829,2024-08-29,404,1138,6,37,2918.52,Defect
116,70716,20241205,2024-12-05,921,1171,5,10,401.42,Other
117,13109,20240811,2024-08-11,471,1031,6,1,738.11,Defect
118,73413,20210830,2021-08-30,257,1033,2,6,3009.86,Shipping Damage
119,35633,20211001,2021-10-01,403,1141,4,7,3770.43,Customer Cancellation
120,83815,20251002,2025-10-02,156,1107,8,5,6201.3,Other
121,105955,20220801,2022-08-01,186,1120,1,21,1926.0,Defect
122,93687,20220412,2022-04-12,516,1090,8,24,16206.54,Defect
123,83146,20221027,2022-10-27,27,1183,1,9,1360.62,Defect
124,29164,20251014,2025-10-14,652,1086,3,1,812.41,Customer Cancellation
125,114366,20241107,2024-11-07,1053,1140,1,7,7255.44,Shipping Damage
126,53883,20210115,2021-01-15,121,1097,10,29,15950.85,Wrong Configuration
127,119851,20240411,2024-04-11,1148,1118,8,6,9241.81,Customer Cancellation
128,4578,20241226,2024-12-26,584,1197,3,15,3134.73,Shipping Damage
129,81018,20221123,2022-11-23,349,1031,1,29,15512.51,Other
130,7032,20230314,2023-03-14,96,1161,1,6,353.33,Shipping Damage
131,20866,20231226,2023-12-26,962,1082,2,7,5018.23,Customer Cancellation
132,89665,20251112,2025-11-12,737,1029,5,1,673.73,Customer Cancellation
133,25376,20231110,2023-11-10,259,1123,2,12,862.51,Customer Cancellation
134,52688,20250225,2025-02-25,195,1021,1,1,632.82,Customer Cancellation
135,36073,20230829,2023-08-29,989,1070,4,4,621.59,Customer Cancellation
136,675,20210302,2021-03-02,579,1010,2,258,248181.09,Wrong Configuration
137,48400,20230425,2023-04-25,874,1001,1,8,5847.69,Defect
138,3734,20241117,2024-11-17,633,1170,1,1,69.72,Customer Cancellation
139,23445,20250605,2025-06-05,860,1171,6,7,399.16,Defect
140,97542,20250805,2025-08-05,862,1120,10,3,300.52,Defect
141,110809,20250802,2025-08-02,84,1073,1,15,2433.22,Wrong Configuration
142,60584,20210903,2021-09-03,1073,1055,5,3,1143.82,Customer Cancellation
143,77822,20231027,2023-10-27,630,1121,3,6,505.49,Defect
144,53984,20241202,2024-12-02,1073,1091,5,8,6182.61,Defect
145,16436,20230514,2023-05-14,1167,1029,6,3,1647.14,Customer Cancellation
146,87365,20231221,2023-12-21,678,1009,1,8,6908.14,Defect
147,48215,20211105,2021-11-05,705,1040,1,1,348.57,Defect
148,14965,20220529,2022-05-29,532,1138,8,7,508.09,Wrong Configuration
149,44268,20220821,2022-08-21,144,1047,2,6,3031.17,Shipping Damage
150,87888,20241116,2024-11-16,1070,1102,7,5,6888.31,Wrong Configuration
151,113160,20240712,2024-07-12,778,1085,6,1,796.91,Defect
152,4976,20230214,2023-02-14,1088,1089,5,1,796.99,Shipping Damage
153,119617,20251025,2025-10-25,268,1008,5,6,5053.37,Defect
154,109344,20210723,2021-07-23,70,1035,1,9,4760.72,Wrong Configuration
155,111360,20210204,2021-02-04,300,1127,6,2,208.59,Defect
156,40715,20220125,2022-01-25,772,1099,3,5,4092.4,Defect
157,16606,20250924,2025-09-24,956,1169,4,2,102.33,Customer Cancellation
158,115337,20220912,2022-09-12,1046,1120,3,5,446.39,Defect
159,85504,20250207,2025-02-07,349,1120,1,47,4262.67,Defect
160,82020,20210420,2021-04-20,353,1199,4,69,16373.91,Customer Cancellation
161,8242,20250924,2025-09-24,184,1045,3,4,1544.64,Customer Cancellation
162,20206,20250304,2025-03-04,112,1154,8,19,11679.88,Other
163,85127,20240410,2024-04-10,118,1006,3,18,15018.05,Defect
164,92288,20220403,2022-04-03,214,1155,6,3,1722.25,Wrong Configuration
165,45567,20220330,2022-03-30,82,1028,3,1,465.01,Wrong Configuration
166,104907,20251206,2025-12-06,28,1094,1,37,30788.0,Shipping Damage
167,26502,20230217,2023-02-17,444,1127,2,3,278.71,Defect
168,61372,20230724,2023-07-24,357,1078,8,36,7863.32,Wrong Configuration
169,92551,20210409,2021-04-09,130,1104,6,3,2856.35,Defect
170,106607,20240406,2024-04-06,974,1117,8,7,7232.7,Other
171,33214,20230611,2023-06-11,391,1060,1,4,624.5,Shipping Damage
172,35807,20220525,2022-05-25,340,1000,6,6,4052.25,Wrong Configuration
173,85853,20221225,2022-12-25,903,1108,10,2,2681.86,Other
174,9483,20240730,2024-07-30,435,1097,7,7,4045.62,Customer Cancellation
175,28261,20250523,2025-05-23,951,1120,6,3,288.02,Customer Cancellation
176,116884,20210421,2021-04-21,380,1155,2,1,559.47,Wrong Configuration
177,103901,20250630,2025-06-30,230,1065,6,1,149.51,Other
178,117676,20240602,2024-06-02,110,1013,10,17,13589.5,Defect
179,2875,20211021,2021-10-21,459,1168,6,13,696.57,Defect
180,117940,20230108,2023-01-08,977,1000,3,42,27062.42,Customer Cancellation
181,77875,20211130,2021-11-30,567,1022,3,6,3899.83,Wrong Configuration
182,98677,20210427,2021-04-27,890,1125,5,21,1558.37,Customer Cancellation
183,39651,20250814,2025-08-14,836,1027,1,24,10941.79,Defect
184,15867,20250428,2025-04-28,539,1090,6,5,4081.71,Defect
185,2757,20251116,2025-11-16,411,1053,6,42,15040.0,Defect
186,9275,20221124,2022-11-24,1105,1047,2,19,8751.58,Defect
187,19859,20220319,2022-03-19,259,1015,2,7,5903.69,Defect
188,10818,20230912,2023-09-12,672,1142,7,1,619.32,Customer Cancellation
189,101819,20230401,2023-04-01,258,1137,3,2,127.23,Customer Cancellation
190,83334,20241227,2024-12-27,126,1193,6,2,364.21,Wrong Configuration
191,41184,20210630,2021-06-30,107,1167,3,12,623.76,Customer Cancellation
192,61100,20250226,2025-02-26,717,1167,5,10,631.04,Shipping Damage
193,26770,20211113,2021-11-13,1147,1091,1,5,3311.59,Defect
194,75871,20221215,2022-12-15,592,1107,2,8,8359.46,Defect
195,7113,20250103,2025-01-03,537,1122,5,2,176.82,Customer Cancellation
196,96979,20230907,2023-09-07,165,1126,1,2,127.14,Defect
197,69350,20210815,2021-08-15,944,1063,5,3,504.29,Customer Cancellation
198,3065,20210501,2021-05-01,163,1051,8,22,8170.88,Defect
199,28145,20221108,2022-11-08,297,1181,1,13,2626.35,Defect
200,51387,20241130,2024-11-30,860,1155,6,1,635.95,Defect
201,69945,20220717,2022-07-17,258,1026,3,2,1083.32,Defect
202,36486,20250531,2025-05-31,499,1177,3,11,511.54,Customer Cancellation
203,44310,20220106,2022-01-06,668,1021,8,42,21930.12,Defect
204,11099,20220921,2022-09-21,613,1070,5,41,5047.99,Customer Cancellation
205,11700,20220102,2022-01-02,275,1124,10,5,418.0,Wrong Configuration
206,2449,20240514,2024-05-14,736,1095,5,1,556.26,Shipping Damage
207,71366,20240930,2024-09-30,778,1009,6,4,3669.66,Customer Cancellation
208,3290,20210908,2021-09-08,885,1113,7,2,2902.38,Defect
209,41390,20241119,2024-11-19,186,1013,1,6,4814.41,Shipping Damage
210,96958,20241220,2024-12-20,186,1162,1,23,1398.91,Defect
211,39403,20230214,2023-02-14,971,1088,6,6,5660.84,Wrong Configuration
212,116223,20240321,2024-03-21,230,1118,6,10,13873.64,Other
213,93840,20250716,2025-07-16,409,1173,5,13,694.2,Wrong Configuration
214,65457,20241218,2024-12-18,982,1012,4,5,4054.27,Customer Cancellation
215,67816,20221107,2022-11-07,1036,1182,9,1,273.16,Defect
216,12801,20230903,2023-09-03,489,1032,2,23,11882.39,Other
217,53089,20250304,2025-03-04,1147,1097,1,11,6681.09,Wrong Configuration
218,38687,20240411,2024-04-11,806,1108,3,12,21029.05,Wrong Configuration
219,30657,20240911,2024-09-11,468,1099,5,20,15729.25,Wrong Configuration
220,112632,20230606,2023-06-06,132,1050,4,1,556.36,Customer Cancellation
221,111888,20230522,2023-05-22,937,1097,6,8,5546.69,Shipping Damage
222,48636,20210807,2021-08-07,144,1187,2,1,290.59,Defect
223,60861,20210630,2021-06-30,313,1117,6,1,1105.37,Shipping Damage
224,66291,20230325,2023-03-25,286,1151,1,1,577.21,Shipping Damage
225,85662,20211203,2021-12-03,1164,1038,9,1,627.24,Shipping Damage
226,24022,20251211,2025-12-11,1079,1107,6,5,4938.25,Other
227,88948,20251224,2025-12-24,496,1164,3,3,123.56,Customer Cancellation
228,58108,20250720,2025-07-20,511,1138,7,18,1488.58,Customer Cancellation
229,50777,20240907,2024-09-07,607,1074,1,39,3805.93,Defect
230,50025,20220529,2022-05-29,8,1055,10,2,897.57,Wrong Configuration
231,55939,20241016,2024-10-16,663,1033,5,3,1867.51,Customer Cancellation
232,31744,20240120,2024-01-20,29,1181,4,1,260.43,Wrong Configuration
233,14472,20211121,2021-11-21,340,1021,6,4,2259.78,Defect
234,56967,20220909,2022-09-09,806,1157,3,11,9328.26,Wrong Configuration
235,102405,20231103,2023-11-03,440,1005,2,4,2975.21,Customer Cancellation
236,20476,20240818,2024-08-18,381,1067,8,6,1023.96,Customer Cancellation
237,50419,20241110,2024-11-10,1071,1113,5,3,5079.71,Other
238,36756,20220619,2022-06-19,1079,1043,6,22,6578.17,Customer Cancellation
239,15636,20220702,2022-07-02,1079,1198,6,12,1990.13,Other
240,116010,20251225,2025-12-25,975,1160,3,13,976.69,Shipping Damage
241,5429,20220227,2022-02-27,687,1185,3,10,2327.76,Shipping Damage
242,82569,20251211,2025-12-11,265,1189,4,17,4437.07,Defect
243,63921,20240303,2024-03-03,997,1113,2,1,1851.9,Customer Cancellation
244,6144,20240511,2024-05-11,345,1111,6,7,9775.76,Customer Cancellation
245,29827,20210622,2021-06-22,864,1042,6,8,3073.44,Wrong Configuration
246,79749,20210603,2021-06-03,1051,1138,4,29,1980.66,Wrong Configuration
247,32185,20240402,2024-04-02,444,1122,2,5,402.22,Customer Cancellation
248,69086,20230324,2023-03-24,898,1185,3,1,241.39,Wrong Configuration
249,26840,20240307,2024-03-07,393,1065,5,22,2931.08,Other
250,95105,20231009,2023-10-09,1110,1161,5,11,606.55,Defect
251,88611,20211120,2021-11-20,1184,1177,4,2,87.87,Wrong Configuration
252,73901,20220505,2022-05-05,766,1039,8,17,11188.83,Defect
253,40472,20230722,2023-07-22,788,1044,6,2,741.7,Wrong Configuration
254,16623,20250112,2025-01-12,439,1038,2,8,4986.68,Customer Cancellation
255,62688,20210507,2021-05-07,448,1028,2,1,459.3,Defect
256,56354,20230430,2023-04-30,1051,1153,4,7,4236.33,Defect
257,34224,20240912,2024-09-12,1011,1139,1,5,453.1,Shipping Damage
258,54403,20241020,2024-10-20,64,1069,1,5,926.21,Wrong Configuration
259,9287,20220728,2022-07-28,1196,1115,2,14,17955.14,Wrong Configuration
260,68266,20240619,2024-06-19,952,1066,2,3,509.61,Wrong Configuration
261,46438,20251217,2025-12-17,39,1128,3,24,1314.05,Defect
262,61000,20210531,2021-05-31,838,1122,2,1,72.66,Shipping Damage
263,107742,20250523,2025-05-23,888,1052,3,2,881.93,Other
264,109439,20251102,2025-11-02,308,1080,1,7,5048.42,Shipping Damage
265,506,20240406,2024-04-06,231,1147,1,13,7143.37,Defect
266,36494,20230909,2023-09-09,472,1199,9,1,226.0,Shipping Damage
267,77298,20250604,2025-06-04,520,1168,6,17,1002.62,Other
268,62327,20220208,2022-02-08,232,1038,4,23,12772.53,Customer Cancellation
269,16399,20250630,2025-06-30,393,1044,5,13,4112.95,Defect
270,41066,20230114,2023-01-14,394,1063,3,4,743.3,Defect
271,28276,20220417,2022-04-17,123,1130,2,1,89.27,Customer Cancellation
272,118245,20230530,2023-05-30,404,1056,6,5,2018.5,Defect
273,102053,20231207,2023-12-07,864,1106,6,5,7190.86,Defect
274,108477,20231127,2023-11-27,259,1013,2,8,6805.05,Defect
275,75511,20210918,2021-09-18,340,1195,6,19,3388.07,Customer Cancellation
276,5060,20250519,2025-05-19,1062,1042,4,19,6883.08,Customer Cancellation
277,52053,20251221,2025-12-21,1124,1199,2,51,11250.43,Wrong Configuration
278,50154,20211209,2021-12-09,45,1195,2,9,1308.39,Other
279,114542,20241227,2024-12-27,179,1175,4,14,865.33,Shipping Damage
280,56646,20250422,2025-04-22,1147,1065,1,18,2745.47,Other
281,48174,20221006,2022-10-06,1130,1045,6,1,434.58,Wrong Configuration
282,32058,20250329,2025-03-29,110,1025,10,17,11649.11,Customer Cancellation
283,21055,20220608,2022-06-08,842,1003,1,27,25683.69,Defect
284,69131,20250101,2025-01-01,678,1032,1,8,4699.04,Wrong Configuration
285,57634,20231211,2023-12-11,1056,1087,2,1,578.36,Defect
286,33803,20241023,2024-10-23,420,1026,1,11,6458.84,Customer Cancellation
287,4130,20221010,2022-10-10,672,1024,7,1,530.22,Customer Cancellation
288,74611,20230322,2023-03-22,1174,1005,1,17,11445.27,Customer Cancellation
289,46727,20210802,2021-08-02,940,1045,3,10,3453.74,Defect
290,27887,20220207,2022-02-07,77,1021,5,1,607.07,Shipping Damage
291,65316,20220814,2022-08-14,1039,1185,2,6,1367.97,Customer Cancellation
292,3916,20231130,2023-11-30,1105,1010,2,22,20288.69,Wrong Configuration
293,2111,20220614,2022-06-14,1105,1098,2,32,13911.42,Shipping Damage
294,55647,20240509,2024-05-09,579,1037,2,4,2035.99,Defect
295,1200,20230223,2023-02-23,308,1021,1,10,5869.75,Defect
296,104859,20241215,2024-12-15,301,1166,1,14,843.16,Defect
297,108754,20240125,2024-01-25,786,1190,6,5,1040.09,Shipping Damage
298,6360,20230305,2023-03-05,608,1005,4,1,851.44,Wrong Configuration
299,64765,20231103,2023-11-03,310,1019,7,3,2809.51,Defect
300,43707,20241010,2024-10-10,1038,1046,2,7,3689.04,Wrong Configuration
301,94657,20241214,2024-12-14,559,1086,8,6,4581.24,Wrong Configuration
302,56129,20230420,2023-04-20,908,1127,5,12,1028.09,Shipping Damage
303,99634,20210214,2021-02-14,755,1160,1,28,1976.72,Other
304,1257,20241102,2024-11-02,678,1063,1,17,3077.86,Wrong Configuration
305,96738,20220421,2022-04-21,1171,1194,3,3,834.03,Customer Cancellation
306,39687,20240906,2024-09-06,542,1187,8,15,4527.07,Customer Cancellation
307,65446,20211004,2021-10-04,223,1092,9,5,3557.59,Wrong Configuration
308,93604,20240505,2024-05-05,3,1100,6,4,5776.56,Defect
309,81797,20210706,2021-07-06,751,1188,6,2,462.3,Customer Cancellation
310,36824,20240926,2024-09-26,797,1091,3,1,813.7,Wrong Configuration
311,52502,20250719,2025-07-19,1155,1053,8,12,4886.87,Defect
312,72126,20220219,2022-02-19,1025,1193,6,2,385.61,Shipping Damage
313,887,20210403,2021-04-03,975,1138,3,11,714.32,Wrong Configuration
314,21749,20250423,2025-04-23,412,1170,2,2,126.05,Defect
315,64471,20231125,2023-11-25,1151,1175,2,8,524.93,Wrong Configuration
316,67266,20240412,2024-04-12,621,1075,8,28,4319.55,Wrong Configuration
317,47070,20250915,2025-09-15,39,1184,3,37,5895.28,Defect
318,107443,20230926,2023-09-26,1127,1151,3,15,8074.13,Other
319,87479,20250929,2025-09-29,1199,1024,9,9,4847.49,Shipping Damage
320,105081,20221021,2022-10-21,173,1131,6,20,1716.05,Wrong Configuration
321,104662,20250424,2025-04-24,1193,1060,6,1,181.21,Other
322,88549,20211207,2021-12-07,763,1043,5,6,1570.11,Other
323,1388,20230608,2023-06-08,940,1044,3,7,2553.49,Shipping Damage
324,49882,20231112,2023-11-12,28,1130,1,15,1009.11,Shipping Damage
325,65395,20240904,2024-09-04,659,1178,6,2,87.22,Shipping Damage
326,100286,20230116,2023-01-16,454,1172,9,6,289.05,Wrong Configuration
327,71517,20230829,2023-08-29,1170,1107,6,3,3569.5,Defect
328,49313,20220324,2022-03-24,163,1001,8,13,8077.01,Wrong Configuration
329,89613,20250420,2025-04-20,1014,1166,5,7,437.63,Defect
330,14806,20230702,2023-07-02,1120,1154,5,4,2637.1,Other
331,96795,20230115,2023-01-15,999,1184,7,7,1017.39,Shipping Damage
332,30401,20240101,2024-01-01,516,1102,8,7,9693.08,Customer Cancellation
333,52460,20251019,2025-10-19,1075,1189,4,3,780.82,Customer Cancellation
334,42498,20220430,2022-04-30,466,1049,6,3,931.58,Wrong Configuration
335,7330,20210726,2021-07-26,1066,1122,1,2,142.19,Other
336,37201,20250607,2025-06-07,1155,1142,8,6,4079.07,Defect
337,7697,20210112,2021-01-12,674,1098,2,1,558.31,Defect
338,53322,20241024,2024-10-24,275,1044,10,9,3453.99,Defect
339,17214,20240522,2024-05-22,213,1186,1,6,1423.85,Other
340,38432,20240904,2024-09-04,928,1121,3,1,96.76,Wrong Configuration
341,81292,20211209,2021-12-09,770,1153,7,2,1415.05,Defect
342,54898,20210427,2021-04-27,595,1190,4,3,675.21,Wrong Configuration
343,94546,20210121,2021-01-21,676,1041,8,1,289.14,Customer Cancellation
344,95441,20240316,2024-03-16,459,1009,6,14,10299.41,Wrong Configuration
345,18821,20230805,2023-08-05,393,1057,5,20,8246.31,Shipping Damage
346,79098,20221218,2022-12-18,340,1110,6,15,22738.05,Defect
347,59207,20231217,2023-12-17,950,1022,9,8,5120.25,Other
348,88168,20251108,2025-11-08,313,1036,6,1,640.81,Shipping Damage
349,14626,20211231,2021-12-31,962,1050,2,4,1884.51,Shipping Damage
350,107359,20240315,2024-03-15,410,1124,9,15,1385.37,Wrong Configuration
351,19738,20220429,2022-04-29,607,1080,1,38,21628.23,Customer Cancellation
352,67373,20210426,2021-04-26,752,1000,10,14,8029.04,Wrong Configuration
353,32074,20240405,2024-04-05,1034,1113,1,1,1705.17,Wrong Configuration
354,87544,20230626,2023-06-26,806,1087,3,3,1709.92,Defect
355,67532,20240212,2024-02-12,1020,1100,4,7,9504.44,Wrong Configuration
356,21885,20240624,2024-06-24,459,1008,6,27,20668.18,Defect
357,76987,20250619,2025-06-19,266,1005,2,1,789.62,Other
358,57816,20240211,2024-02-11,156,1018,8,11,11770.95,Defect
359,116168,20221130,2022-11-30,440,1077,2,31,4190.97,Other
360,104315,20241013,2024-10-13,119,1033,4,6,4172.53,Wrong Configuration
361,6813,20241201,2024-12-01,712,1105,8,9,14443.82,Customer Cancellation
362,20474,20220331,2022-03-31,595,1190,4,2,460.98,Wrong Configuration
363,49025,20211009,2021-10-09,173,1009,6,22,15971.02,Customer Cancellation
364,51763,20251224,2025-12-24,338,1191,1,16,4232.1,Defect
365,64572,20231215,2023-12-15,252,1194,9,14,4283.42,Other
366,24411,20221106,2022-11-06,642,1047,4,1,552.71,Defect
367,41695,20210502,2021-05-02,696,1054,7,12,5415.01,Customer Cancellation
368,40027,20250701,2025-07-01,910,1104,6,10,10515.49,Customer Cancellation
369,73039,20220114,2022-01-14,982,1055,4,12,3845.17,Defect
370,109241,20240811,2024-08-11,949,1156,4,53,22550.03,Customer Cancellation
371,42339,20220618,2022-06-18,414,1055,1,8,3257.8,Customer Cancellation
372,40197,20230426,2023-04-26,1122,1181,7,28,5974.17,Wrong Configuration
373,19241,20210612,2021-06-12,1132,1004,3,12,7139.24,Wrong Configuration
374,58209,20210720,2021-07-20,552,1005,1,2,1308.76,Defect
375,48059,20210305,2021-03-05,124,1167,3,45,2233.27,Defect
376,13023,20240103,2024-01-03,864,1138,6,2,171.92,Defect
377,110866,20231110,2023-11-10,1051,1000,4,15,8128.03,Defect
378,66358,20250927,2025-09-27,118,1103,3,9,15005.23,Wrong Configuration
379,48247,20250106,2025-01-06,476,1110,3,15,26352.01,Defect
380,24954,20230808,2023-08-08,924,1078,6,24,5824.1,Shipping Damage
381,70899,20250302,2025-03-02,779,1098,1,1,617.47,Customer Cancellation
382,66740,20250616,2025-06-16,667,1182,6,7,1838.99,Wrong Configuration
383,119704,20211214,2021-12-14,78,1097,9,9,5420.02,Shipping Damage
384,119204,20220320,2022-03-20,259,1092,2,20,17583.44,Customer Cancellation
385,93747,20241017,2024-10-17,1000,1169,1,3,132.69,Customer Cancellation
386,87296,20220906,2022-09-06,903,1164,10,21,704.7,Defect
387,109591,20240625,2024-06-25,79,1135,4,2,178.21,Shipping Damage
388,110403,20221028,2022-10-28,847,1103,4,19,23894.88,Customer Cancellation
389,113561,20251116,2025-11-16,474,1010,1,11,10469.2,Defect
390,17568,20251224,2025-12-24,780,1158,1,1,783.63,Defect
391,100909,20221231,2022-12-31,135,1135,7,2,162.03,Defect
392,54538,20250927,2025-09-27,627,1127,5,3,324.16,Defect
393,66950,20210331,2021-03-31,539,1025,6,6,4086.54,Wrong Configuration
394,48338,20250513,2025-05-13,1156,1083,1,16,11418.14,Shipping Damage
395,9870,20251207,2025-12-07,1034,1106,1,3,3994.58,Other
396,81748,20230219,2023-02-19,222,1043,8,7,2037.52,Customer Cancellation
397,26585,20240901,2024-09-01,179,1199,4,29,6835.98,Shipping Damage
398,16579,20241123,2024-11-23,8,1177,10,9,387.89,Defect
399,13431,20220905,2022-09-05,65,1170,1,18,1100.88,Defect
400,12809,20241130,2024-11-30,734,1016,2,3,3310.77,Wrong Configuration
401,10006,20231020,2023-10-20,318,1132,6,20,1496.4,Defect
402,96611,20251104,2025-11-04,592,1180,2,19,5182.73,Wrong Configuration
403,3924,20250223,2025-02-23,849,1055,5,18,7759.03,Shipping Damage
404,52896,20221007,2022-10-07,272,1135,8,1,81.83,Defect
405,117448,20241128,2024-11-28,1130,1131,6,1,92.38,Defect
406,42561,20241027,2024-10-27,991,1007,7,9,9261.43,Defect
407,105594,20240902,2024-09-02,98,1033,3,9,5165.99,Customer Cancellation
408,83972,20221228,2022-12-28,444,1004,2,4,3282.04,Shipping Damage
409,54264,20251202,2025-12-02,727,1024,8,6,3569.78,Customer Cancellation
410,90700,20210511,2021-05-11,359,1049,1,8,2731.59,Shipping Damage
411,116889,20210107,2021-01-07,1043,1161,2,10,532.49,Wrong Configuration
412,57502,20240303,2024-03-03,82,1097,3,48,33033.83,Wrong Configuration
413,80076,20221002,2022-10-02,131,1045,4,17,6132.27,Shipping Damage
414,110474,20220131,2022-01-31,930,1125,1,13,1152.85,Shipping Damage
415,86465,20251106,2025-11-06,1170,1012,6,5,4878.97,Defect
416,114560,20210916,2021-09-16,121,1015,10,57,38806.95,Customer Cancellation
417,90260,20210212,2021-02-12,399,1110,4,1,1654.71,Defect
418,32565,20251014,2025-10-14,766,1152,8,5,4110.35,Defect
419,25372,20241205,2024-12-05,692,1028,5,10,5164.45,Customer Cancellation
420,77952,20240728,2024-07-28,759,1185,2,20,4979.3,Customer Cancellation
421,35589,20220814,2022-08-14,262,1093,9,1,736.19,Wrong Configuration
422,78776,20230414,2023-04-14,559,1091,8,31,23408.94,Defect
423,78076,20241115,2024-11-15,310,1019,7,26,25380.87,Customer Cancellation
424,66614,20220627,2022-06-27,468,1047,5,22,10983.25,Defect
425,93971,20220717,2022-07-17,1070,1100,7,12,16783.79,Customer Cancellation
426,21786,20210711,2021-07-11,976,1032,1,6,2986.75,Customer Cancellation
427,77309,20230703,2023-07-03,70,1157,1,9,7224.54,Customer Cancellation
428,16265,20251110,2025-11-10,1111,1091,6,1,945.32,Customer Cancellation
429,82817,20231020,2023-10-20,528,1075,5,30,4426.12,Wrong Configuration
430,12071,20240512,2024-05-12,969,1150,1,1,693.04,Customer Cancellation
431,118484,20250519,2025-05-19,459,1158,6,9,6199.87,Wrong Configuration
432,63960,20240514,2024-05-14,1022,1163,6,5,227.59,Other
433,106441,20240804,2024-08-04,326,1066,6,5,921.06,Customer Cancellation
434,52725,20210108,2021-01-08,1044,1007,1,2,1991.06,Other
435,71372,20221213,2022-12-13,614,1003,3,1,1175.68,Shipping Damage
436,1518,20231120,2023-11-20,9,1016,3,2,2064.98,Customer Cancellation
437,65398,20231202,2023-12-02,607,1030,1,26,15703.62,Wrong Configuration
438,64525,20240627,2024-06-27,133,1047,6,1,533.54,Other
439,43691,20240108,2024-01-08,186,1181,1,28,6364.63,Wrong Configuration
440,50406,20251225,2025-12-25,359,1035,1,1,535.67,Customer Cancellation
441,63263,20220728,2022-07-28,951,1181,6,20,3988.13,Defect
442,113316,20211024,2021-10-24,149,1139,8,9,744.53,Shipping Damage
443,4473,20230507,2023-05-07,747,1086,6,14,9526.53,Customer Cancellation
444,98175,20240605,2024-06-05,968,1120,7,1,97.26,Shipping Damage
445,33943,20220406,2022-04-06,8,1050,10,5,2261.79,Wrong Configuration
446,38557,20241106,2024-11-06,872,1038,4,2,1168.1,Defect
447,44146,20210428,2021-04-28,292,1170,1,3,188.26,Defect
448,714,20220514,2022-05-14,411,1184,6,23,3394.26,Defect
449,85744,20231227,2023-12-27,660,1119,3,14,20239.35,Defect
450,103049,20220330,2022-03-30,426,1021,2,1,607.07,Other
451,41495,20230922,2023-09-22,352,1164,9,2,81.76,Wrong Configuration
452,62296,20241003,2024-10-03,712,1096,8,2,2092.6,Shipping Damage
453,74821,20230910,2023-09-10,1122,1051,7,12,5107.63,Defect
454,87176,20220304,2022-03-04,1199,1111,9,11,15333.58,Defect
455,116,20240921,2024-09-21,1049,1195,4,3,626.37,Shipping Damage
456,37487,20251116,2025-11-16,43,1165,7,4,235.94,Other
457,43608,20231117,2023-11-17,933,1068,10,15,2242.48,Shipping Damage
458,46398,20210906,2021-09-06,411,1164,6,7,235.38,Shipping Damage
459,12540,20250320,2025-03-20,752,1022,10,7,4906.81,Customer Cancellation
460,118642,20220929,2022-09-29,1131,1036,4,7,3284.7,Defect
461,113393,20230819,2023-08-19,836,1019,1,25,20270.68,Customer Cancellation
462,11969,20211204,2021-12-04,728,1072,5,2,334.13,Defect
463,100502,20241028,2024-10-28,393,1116,5,22,26542.99,Shipping Damage
464,9106,20251025,2025-10-25,118,1007,3,5,5483.16,Customer Cancellation
465,39546,20240122,2024-01-22,509,1006,2,3,2620.04,Defect
466,32225,20220813,2022-08-13,699,1129,5,4,268.5,Other
467,73152,20251226,2025-12-26,935,1007,9,1,1169.5,Defect
468,77346,20230615,2023-06-15,946,1024,3,9,4679.73,Customer Cancellation
469,36353,20221119,2022-11-19,332,1108,5,34,53794.15,Shipping Damage
470,62067,20210609,2021-06-09,951,1063,6,9,1463.24,Defect
471,28853,20241028,2024-10-28,540,1104,3,1,965.92,Wrong Configuration
472,52121,20220511,2022-05-11,511,1099,7,13,8666.66,Wrong Configuration
473,111664,20220907,2022-09-07,582,1065,5,20,2567.08,Defect
474,93818,20210917,2021-09-17,1000,1039,1,1,660.94,Wrong Configuration
475,68726,20250519,2025-05-19,242,1028,10,35,15673.0,Defect
476,69384,20240319,2024-03-19,965,1183,3,1,185.04,Defect
477,32686,20240311,2024-03-11,781,1149,9,1,704.95,Wrong Configuration
478,9701,20211203,2021-12-03,1181,1105,6,4,6280.4,Defect
479,107660,20241225,2024-12-25,430,1047,5,10,4866.72,Wrong Configuration
480,53749,20231212,2023-12-12,30,1043,7,10,3364.22,Wrong Configuration
481,111993,20240321,2024-03-21,758,1038,2,4,2628.28,Wrong Configuration
482,80671,20220514,2022-05-14,459,1164,6,21,866.52,Shipping Damage
483,55970,20230424,2023-04-24,259,1192,2,5,1215.18,Wrong Configuration
484,35620,20240923,2024-09-23,474,1184,1,4,639.15,Defect
485,1003,20250314,2025-03-14,146,1160,7,15,1256.84,Defect
486,1645,20221222,2022-12-22,687,1080,3,1,586.2,Defect
487,67238,20210215,2021-02-15,275,1127,10,21,1944.3,Shipping Damage
488,72057,20221028,2022-10-28,124,1182,3,8,1766.61,Defect
489,74335,20240721,2024-07-21,788,1128,6,10,489.95,Other
490,8530,20231013,2023-10-13,1105,1114,2,7,9193.01,Customer Cancellation
491,51450,20251212,2025-12-12,446,1172,4,1,58.42,Wrong Configuration
492,29825,20211115,2021-11-15,1132,1013,3,37,30416.49,Shipping Damage
493,43179,20251122,2025-11-22,696,1018,7,10,10186.06,Shipping Damage
494,62967,20221006,2022-10-06,1167,1050,6,5,2613.79,Customer Cancellation
495,25183,20220725,2022-07-25,474,1053,1,15,5729.61,Customer Cancellation
496,66048,20211110,2021-11-10,97,1004,8,1,830.62,Wrong Configuration
497,34081,20250626,2025-06-26,897,1025,7,4,3535.69,Defect
498,72835,20240807,2024-08-07,199,1005,5,20,15762.21,Defect
499,16413,20210509,2021-05-09,1109,1005,2,1,708.95,Defect
500,112114,20210623,2021-06-23,592,1117,2,9,7886.75,Wrong Configuration
501,103584,20230312,2023-03-12,806,1007,3,11,11702.73,Customer Cancellation
502,23189,20250508,2025-05-08,1037,1178,1,1,48.13,Defect
503,37858,20241230,2024-12-30,941,1060,3,4,637.04,Defect
504,94420,20241126,2024-11-26,678,1026,1,18,10223.34,Customer Cancellation
505,2232,20211222,2021-12-22,694,1045,7,25,8674.45,Defect
506,16354,20210715,2021-07-15,1127,1125,3,7,477.36,Defect
507,97119,20250315,2025-03-15,1028,1108,5,29,46788.71,Defect
508,58667,20240207,2024-02-07,1091,1072,6,2,379.85,Shipping Damage
509,95976,20221004,2022-10-04,440,1072,2,21,3079.9,Customer Cancellation
510,9162,20220627,2022-06-27,186,1170,1,5,301.38,Defect
511,7963,20250718,2025-07-18,308,1055,1,6,2867.91,Defect
512,35643,20230903,2023-09-03,1011,1007,1,3,3145.21,Defect
513,72832,20250510,2025-05-10,922,1157,6,3,2504.44,Defect
514,14132,20240423,2024-04-23,133,1015,6,4,3498.31,Defect
515,37593,20231008,2023-10-08,900,1105,9,2,3275.87,Other
516,9156,20210907,2021-09-07,1078,1172,2,1,49.49,Other
517,2686,20240901,2024-09-01,727,1030,8,3,2011.92,Other
518,15150,20250522,2025-05-22,1011,1057,1,7,3243.77,Defect
519,24311,20231008,2023-10-08,458,1135,9,1,80.8,Shipping Damage
520,94724,20250602,2025-06-02,633,1197,1,6,1323.07,Wrong Configuration
521,64777,20240305,2024-03-05,58,1189,8,12,2997.35,Shipping Damage
522,63622,20210515,2021-05-15,352,1110,9,3,5034.75,Wrong Configuration
523,7120,20250617,2025-06-17,732,1072,3,1,203.38,Other
524,77015,20240905,2024-09-05,394,1018,3,6,6365.5,Defect
525,7096,20230703,2023-07-03,922,1193,6,24,4097.95,Wrong Configuration
526,30264,20230105,2023-01-05,755,1012,1,14,12018.71,Wrong Configuration
527,45516,20251007,2025-10-07,584,1081,3,27,19525.51,Customer Cancellation
528,64630,20230421,2023-04-21,206,1124,6,2,188.93,Defect
529,64498,20240214,2024-02-14,1155,1013,8,19,16958.38,Customer Cancellation
530,59266,20250719,2025-07-19,936,1192,5,1,266.85,Customer Cancellation
531,96564,20240329,2024-03-29,828,1186,1,8,1876.0,Customer Cancellation
532,34110,20230208,2023-02-08,590,1126,3,2,124.5,Shipping Damage
533,26977,20210808,2021-08-08,828,1006,1,10,7706.29,Defect
534,97739,20220508,2022-05-08,1186,1013,7,1,800.52,Defect
535,68721,20240105,2024-01-05,282,1017,2,5,5100.99,Defect
536,108837,20231106,2023-11-06,456,1040,2,1,364.97,Defect
537,9139,20231025,2023-10-25,400,1100,6,3,4498.51,Wrong Configuration
538,58552,20251107,2025-11-07,1075,1045,4,15,6267.14,Other
539,41375,20230208,2023-02-08,370,1067,6,6,1151.15,Customer Cancellation
540,31198,20241220,2024-12-20,856,1064,3,11,2174.53,Shipping Damage
541,85072,20241201,2024-12-01,124,1132,3,3,194.59,Defect
542,46140,20230416,2023-04-16,895,1150,1,8,5147.12,Customer Cancellation
543,109764,20251126,2025-11-26,607,1162,1,17,1165.41,Customer Cancellation
544,45083,20230416,2023-04-16,889,1199,6,1,268.42,Wrong Configuration
545,96787,20230323,2023-03-23,499,1190,3,6,1340.42,Defect
546,30420,20221127,2022-11-27,678,1066,1,2,270.0,Shipping Damage
547,52261,20220730,2022-07-30,639,1158,3,17,11712.51,Shipping Damage
548,72675,20230417,2023-04-17,982,1134,4,48,3072.94,Wrong Configuration
549,103249,20221101,2022-11-01,891,1108,6,16,25650.0,Wrong Configuration
550,76746,20250514,2025-05-14,1188,1040,5,2,820.25,Defect
551,14115,20250222,2025-02-22,946,1008,3,11,9637.7,Defect
552,42940,20250106,2025-01-06,228,1026,1,2,1311.51,Defect
553,117712,20220613,2022-06-13,806,1005,3,4,2822.49,Defect
554,91257,20250920,2025-09-20,898,1047,3,1,592.69,Customer Cancellation
555,22951,20230914,2023-09-14,1129,1017,1,1,1063.3,Wrong Configuration
556,14995,20240315,2024-03-15,845,1054,2,37,13738.68,Wrong Configuration
557,20199,20240907,2024-09-07,375,1067,10,2,375.55,Wrong Configuration
558,75197,20240924,2024-09-24,950,1124,9,6,545.22,Defect
559,11446,20240504,2024-05-04,179,1108,4,11,18954.32,Defect
560,97610,20240528,2024-05-28,476,1199,3,2,574.08,Defect
561,62501,20211109,2021-11-09,760,1118,4,6,7650.29,Wrong Configuration
562,23326,20240914,2024-09-14,1040,1080,8,2,1443.39,Shipping Damage
563,25883,20210622,2021-06-22,80,1003,2,2,2150.34,Defect
564,40914,20241226,2024-12-26,1062,1011,4,7,5962.24,Defect
565,50781,20250525,2025-05-25,622,1137,6,63,3590.92,Defect
566,87453,20230618,2023-06-18,1057,1170,6,1,72.69,Customer Cancellation
567,101386,20231025,2023-10-25,409,1003,5,4,4275.44,Shipping Damage
568,19261,20240519,2024-05-19,553,1037,1,12,6874.97,Customer Cancellation
569,91735,20251025,2025-10-25,268,1045,5,3,1190.27,Defect
570,63935,20231201,2023-12-01,1143,1161,6,4,263.72,Other
571,12963,20240316,2024-03-16,253,1027,2,5,2309.85,Wrong Configuration
572,25460,20220325,2022-03-25,951,1170,6,4,231.76,Defect
573,42893,20251222,2025-12-22,175,1151,2,3,1918.94,Other
574,54160,20250517,2025-05-17,680,1016,8,9,9480.2,Defect
575,46847,20251125,2025-11-25,186,1032,1,19,10121.41,Defect
576,36256,20241123,2024-11-23,1109,1133,2,1,119.39,Customer Cancellation
577,114232,20231016,2023-10-16,1173,1170,5,1,58.8,Other
578,54975,20241230,2024-12-30,2,1027,5,1,503.76,Other
579,35728,20220806,2022-08-06,102,1092,10,1,1039.24,Other
580,41409,20240412,2024-04-12,813,1054,3,31,13953.29,Shipping Damage
581,70455,20240612,2024-06-12,250,1064,6,3,598.94,Wrong Configuration
582,15114,20240413,2024-04-13,474,1065,1,10,1493.9,Shipping Damage
583,24341,20240522,2024-05-22,775,1073,1,2,338.49,Shipping Damage
584,49494,20230607,2023-06-07,232,1169,4,29,1098.63,Defect
585,39412,20210318,2021-03-18,482,1157,4,1,783.44,Customer Cancellation
586,23772,20211021,2021-10-21,1020,1009,4,25,18769.22,Defect
587,93742,20231108,2023-11-08,178,1136,5,1,77.27,Customer Cancellation
588,6356,20221101,2022-11-01,704,1123,1,2,136.61,Defect
589,99213,20231212,2023-12-12,778,1050,6,3,1567.26,Customer Cancellation
590,2808,20240119,2024-01-19,186,1193,1,3,609.96,Defect
591,74285,20250910,2025-09-10,982,1075,4,9,1613.34,Defect
592,88027,20221015,2022-10-15,146,1072,7,25,4092.56,Defect
593,9501,20250227,2025-02-27,629,1139,10,1,106.9,Defect
594,73619,20230930,2023-09-30,1013,1077,3,1,152.56,Defect
595,104064,20251219,2025-12-19,169,1097,5,2,1497.73,Customer Cancellation
596,110566,20220520,2022-05-20,347,1130,1,35,2560.9,Customer Cancellation
597,65505,20250603,2025-06-03,668,1006,8,29,20147.85,Customer Cancellation
598,116978,20210429,2021-04-29,386,1039,4,20,10459.99,Defect
599,105639,20250910,2025-09-10,275,1133,10,10,1046.81,Wrong Configuration
600,108326,20250930,2025-09-30,356,1136,5,1,80.25,Wrong Configuration
601,40416,20210327,2021-03-27,1039,1077,2,1,119.49,Customer Cancellation
602,71001,20230519,2023-05-19,100,1064,10,19,3244.13,Defect
603,20883,20210522,2021-05-22,120,1142,2,6,3336.59,Other
604,72882,20250216,2025-02-16,268,1103,5,3,5373.45,Defect
605,38090,20230804,2023-08-04,76,1110,5,5,8233.44,Defect
606,5449,20231223,2023-12-23,800,1157,7,2,1622.11,Shipping Damage
607,112124,20250315,2025-03-15,269,1088,7,25,28122.36,Shipping Damage
608,50897,20250619,2025-06-19,121,1179,10,10,477.42,Shipping Damage
609,35677,20221102,2022-11-02,952,1012,2,1,1028.64,Customer Cancellation
610,44237,20220428,2022-04-28,525,1172,7,8,324.58,Defect
611,41829,20230926,2023-09-26,1126,1185,4,5,1196.92,Defect
612,38529,20231029,2023-10-29,551,1101,1,6,6630.04,Customer Cancellation
613,10884,20250906,2025-09-06,180,1071,8,1,152.15,Defect
614,96408,20250915,2025-09-15,1183,1083,3,8,6284.14,Other
615,46728,20240503,2024-05-03,116,1003,1,100,100286.5,Customer Cancellation
616,74580,20240308,2024-03-08,153,1059,2,4,1765.19,Wrong Configuration
617,118231,20250904,2025-09-04,28,1114,1,13,18159.51,Shipping Damage
618,34268,20221117,2022-11-17,1154,1090,1,4,2432.79,Wrong Configuration
619,74069,20220825,2022-08-25,800,1094,7,3,2495.49,Wrong Configuration
620,43863,20250226,2025-02-26,119,1130,4,1,95.4,Other
621,79059,20210227,2021-02-27,1052,1077,1,1,149.32,Customer Cancellation
622,53892,20210419,2021-04-19,149,1090,8,9,5488.91,Wrong Configuration
623,101135,20250804,2025-08-04,372,1193,1,8,1624.16,Defect
624,80784,20240227,2024-02-27,634,1154,1,22,12286.87,Wrong Configuration
625,112833,20210615,2021-06-15,596,1057,6,1,445.03,Defect
626,114989,20210201,2021-02-01,856,1146,3,34,16848.91,Defect
627,867,20250815,2025-08-15,715,1038,6,1,657.54,Wrong Configuration
628,84211,20250529,2025-05-29,89,1023,6,1,625.25,Customer Cancellation
629,39685,20231205,2023-12-05,607,1138,1,4,266.88,Defect
630,6331,20220717,2022-07-17,704,1030,1,2,1372.49,Wrong Configuration
631,28345,20230809,2023-08-09,702,1125,3,25,1992.67,Defect
632,15338,20240316,2024-03-16,1004,1139,1,6,585.73,Defect
633,61802,20210129,2021-01-29,298,1161,10,1,58.22,Defect
634,106523,20230108,2023-01-08,262,1015,9,9,7890.55,Defect
635,119091,20220107,2022-01-07,213,1066,1,29,4196.88,Customer Cancellation
636,46930,20231124,2023-11-24,892,1092,4,2,2058.32,Defect
637,30450,20210130,2021-01-30,1153,1143,1,1,732.57,Wrong Configuration
638,99036,20250726,2025-07-26,1077,1053,9,25,9502.96,Defect
639,56776,20241207,2024-12-07,698,1104,1,13,11919.03,Defect
640,99178,20220523,2022-05-23,57,1039,7,5,3037.08,Wrong Configuration
641,78221,20231105,2023-11-05,1109,1048,2,1,552.22,Customer Cancellation
642,115156,20231202,2023-12-02,979,1030,10,39,24179.5,Defect
643,41518,20240928,2024-09-28,1076,1060,1,1,173.6,Shipping Damage
644,82248,20230225,2023-02-25,799,1179,4,1,46.22,Wrong Configuration
645,55140,20230401,2023-04-01,461,1135,8,12,836.45,Defect
646,52369,20230618,2023-06-18,570,1111,6,10,14212.45,Wrong Configuration
647,99563,20240107,2024-01-07,490,1126,4,2,116.96,Defect
648,18903,20250923,2025-09-23,1041,1179,4,3,132.63,Defect
649,99757,20240513,2024-05-13,265,1005,4,24,17123.89,Defect
650,119250,20240810,2024-08-10,678,1185,1,17,3792.2,Other
651,86671,20240523,2024-05-23,1103,1017,4,4,4047.5,Defect
652,62818,20240111,2024-01-11,146,1092,7,23,19591.04,Wrong Configuration
653,104230,20230618,2023-06-18,259,1164,2,2,86.47,Wrong Configuration
654,18108,20211012,2021-10-12,1051,1029,4,29,15168.54,Defect
655,76478,20240529,2024-05-29,174,1064,4,1,228.27,Defect
656,32435,20250210,2025-02-10,118,1091,3,2,1878.07,Customer Cancellation
657,20764,20240428,2024-04-28,224,1199,9,12,2890.07,Customer Cancellation
658,55133,20210310,2021-03-10,411,1117,6,13,12283.26,Shipping Damage
659,96367,20210614,2021-06-14,284,1052,5,2,764.41,Wrong Configuration
660,13775,20220218,2022-02-18,1132,1153,3,81,45408.62,Wrong Configuration
661,60021,20211112,2021-11-12,521,1007,8,7,6761.16,Wrong Configuration
662,108707,20250116,2025-01-16,899,1125,1,10,924.31,Wrong Configuration
663,24992,20230908,2023-09-08,20,1134,4,3,234.69,Customer Cancellation
664,80996,20210520,2021-05-20,160,1032,10,1,528.02,Other
665,93690,20251205,2025-12-05,967,1082,9,1,921.21,Wrong Configuration
666,57922,20240617,2024-06-17,411,1164,6,27,1126.9,Defect
667,25048,20211124,2021-11-24,300,1051,6,1,417.11,Shipping Damage
668,49345,20241229,2024-12-29,771,1186,1,2,464.08,Shipping Damage
669,58513,20220709,2022-07-09,248,1011,3,1,966.73,Defect
670,116403,20250209,2025-02-09,691,1162,6,5,323.38,Customer Cancellation
671,105652,20250904,2025-09-04,250,1073,6,3,571.43,Defect
672,73519,20230215,2023-02-15,1172,1027,1,2,977.82,Customer Cancellation
673,12326,20240422,2024-04-22,836,1060,1,11,1600.63,Defect
674,74700,20251218,2025-12-18,765,1137,6,2,153.21,Defect
675,29787,20250422,2025-04-22,82,1190,3,5,1148.48,Customer Cancellation
676,74205,20251229,2025-12-29,671,1156,2,13,6448.17,Customer Cancellation
677,67425,20210318,2021-03-18,349,1124,1,30,2215.03,Other
678,51734,20240211,2024-02-11,112,1118,8,10,13384.73,Customer Cancellation
679,33651,20250403,2025-04-03,764,1059,2,5,2063.78,Defect
680,96129,20251209,2025-12-09,532,1084,8,2,1190.31,Defect
681,118171,20230131,2023-01-31,552,1137,1,1,62.02,Defect
682,19846,20251015,2025-10-15,660,1001,3,9,6993.2,Other
683,10825,20240608,2024-06-08,577,1108,10,2,3590.07,Shipping Damage
684,58366,20221121,2022-11-21,186,1130,1,11,820.07,Wrong Configuration
685,80305,20250219,2025-02-19,853,1022,9,14,8945.37,Customer Cancellation
686,108030,20231030,2023-10-30,1147,1028,1,8,4095.19,Defect
687,13898,20251228,2025-12-28,983,1059,7,13,6151.02,Defect
688,108272,20231022,2023-10-22,698,1031,1,18,10369.21,Defect
689,26181,20210419,2021-04-19,627,1002,5,2,1615.0,Defect
690,115626,20240222,2024-02-22,1032,1008,1,20,18046.38,Wrong Configuration
691,103922,20250625,2025-06-25,1134,1080,1,3,1960.48,Wrong Configuration
692,83958,20251024,2025-10-24,755,1170,1,40,2578.28,Defect
693,16786,20220722,2022-07-22,747,1073,6,27,3915.49,Other
694,11688,20230806,2023-08-06,869,1195,10,34,6993.8,Shipping Damage
695,118487,20220607,2022-06-07,521,1077,8,4,610.67,Shipping Damage
696,112153,20231122,2023-11-22,976,1177,1,4,144.76,Shipping Damage
697,53140,20210408,2021-04-08,950,1023,9,12,6581.0,Wrong Configuration
698,32270,20210420,2021-04-20,683,1115,9,22,26615.39,Customer Cancellation
699,12585,20220924,2022-09-24,1154,1076,1,2,311.24,Defect
700,51636,20210419,2021-04-19,347,1082,1,20,12806.13,Wrong Configuration
701,29192,20240117,2024-01-17,847,1015,4,26,20136.57,Customer Cancellation
702,19621,20221215,2022-12-15,227,1066,5,1,180.6,Other
703,44837,20241128,2024-11-28,806,1131,3,9,881.67,Shipping Damage
704,6900,20250222,2025-02-22,766,1042,8,23,10203.63,Customer Cancellation
705,40009,20250228,2025-02-28,376,1123,5,5,409.05,Other
706,35421,20210823,2021-08-23,1070,1096,7,4,3442.89,Defect
707,88066,20240306,2024-03-06,410,1007,9,3,3089.35,Wrong Configuration
708,97766,20220306,2022-03-06,539,1088,6,3,2757.15,Customer Cancellation
709,76693,20230302,2023-03-02,842,1118,1,14,17088.62,Defect
710,44062,20241223,2024-12-23,1034,1046,1,2,1137.39,Wrong Configuration
711,35760,20240323,2024-03-23,1052,1189,1,1,306.27,Customer Cancellation
712,62292,20250602,2025-06-02,481,1038,1,1,649.31,Defect
713,89149,20250613,2025-06-13,63,1033,8,2,1339.14,Wrong Configuration
714,52245,20241231,2024-12-31,782,1165,9,2,112.69,Wrong Configuration
715,7525,20231113,2023-11-13,1073,1094,5,13,11134.97,Wrong Configuration
716,6236,20241210,2024-12-10,459,1086,6,10,7997.61,Defect
717,72553,20211212,2021-12-12,82,1196,3,8,1575.74,Defect
718,62764,20210117,2021-01-17,793,1047,4,24,11401.16,Defect
719,71612,20210131,2021-01-31,809,1172,6,17,755.75,Other
720,67253,20250814,2025-08-14,399,1170,4,9,640.66,Defect
721,25782,20240619,2024-06-19,670,1073,5,13,2169.26,Defect
722,79913,20230414,2023-04-14,697,1199,1,27,6712.75,Defect
723,104420,20251204,2025-12-04,717,1040,5,3,1222.51,Defect
724,30032,20250310,2025-03-10,211,1026,4,8,4967.05,Shipping Damage
725,71620,20240414,2024-04-14,1032,1036,1,15,7609.22,Defect
726,97877,20220616,2022-06-16,872,1045,4,11,3708.56,Defect
727,25149,20211214,2021-12-14,156,1185,8,9,2120.34,Wrong Configuration
728,25088,20231203,2023-12-03,528,1044,5,9,2982.81,Customer Cancellation
729,96554,20220327,2022-03-27,935,1055,9,4,1801.17,Defect
730,79962,20231102,2023-11-02,401,1115,4,7,10751.74,Other
731,62339,20210108,2021-01-08,82,1114,3,7,8832.07,Defect
732,114305,20240915,2024-09-15,244,1114,3,1,1429.19,Shipping Damage
733,74318,20250630,2025-06-30,212,1064,3,7,1377.82,Defect
734,62372,20240526,2024-05-26,1178,1046,7,4,1876.59,Customer Cancellation
735,111931,20210923,2021-09-23,969,1082,1,5,3993.85,Customer Cancellation
736,76158,20230921,2023-09-21,898,1150,3,8,4939.53,Other
737,114967,20240217,2024-02-17,778,1060,6,10,1648.91,Wrong Configuration
738,110879,20211121,2021-11-21,1000,1196,1,2,386.78,Defect
739,68454,20211009,2021-10-09,678,1164,1,14,580.04,Wrong Configuration
740,18380,20211206,2021-12-06,771,1102,1,8,10991.52,Defect
741,95594,20211122,2021-11-22,689,1092,1,12,10217.94,Shipping Damage
742,36744,20231220,2023-12-20,623,1082,1,21,17242.95,Customer Cancellation
743,16607,20240214,2024-02-14,686,1184,4,8,1239.0,Defect
744,11736,20240330,2024-03-30,122,1022,2,11,7725.03,Customer Cancellation
745,60281,20210210,2021-02-10,1178,1176,7,3,171.13,Shipping Damage
746,17075,20220330,2022-03-30,666,1159,5,2,1204.0,Shipping Damage
747,7321,20241109,2024-11-09,334,1018,1,6,6449.48,Shipping Damage
748,112770,20220312,2022-03-12,153,1078,2,5,1346.13,Wrong Configuration
749,88114,20210722,2021-07-22,1154,1075,1,3,535.47,Wrong Configuration
750,87440,20230217,2023-02-17,602,1008,4,2,1534.8,Shipping Damage
751,112145,20220904,2022-09-04,275,1056,10,3,1158.71,Defect
752,67556,20240630,2024-06-30,836,1032,1,9,4717.28,Defect
753,58846,20220514,2022-05-14,276,1038,1,32,17179.15,Wrong Configuration
754,26790,20220725,2022-07-25,569,1101,3,5,6197.61,Customer Cancellation
755,66660,20210402,2021-04-02,771,1042,1,2,757.34,Customer Cancellation
756,10913,20210626,2021-06-26,687,1101,3,6,6578.2,Customer Cancellation
757,10318,20250501,2025-05-01,898,1164,3,3,125.98,Defect
758,29187,20251223,2025-12-23,691,1028,6,1,512.44,Shipping Damage
759,2440,20210310,2021-03-10,80,1092,2,1,857.84,Wrong Configuration
760,11363,20210511,2021-05-11,217,1192,10,2,474.58,Defect
761,18438,20210602,2021-06-02,379,1140,3,18,15576.26,Defect
762,51252,20230922,2023-09-22,8,1153,10,3,2052.49,Shipping Damage
763,32831,20250908,2025-09-08,173,1058,6,11,4669.95,Defect
764,95309,20220523,2022-05-23,516,1013,8,14,11404.15,Other
765,48864,20251208,2025-12-08,6,1074,7,1,125.23,Wrong Configuration
766,48494,20230419,2023-04-19,164,1050,9,3,1670.13,Defect
767,24555,20251108,2025-11-08,945,1066,6,20,3194.08,Customer Cancellation
768,61347,20240407,2024-04-07,756,1197,2,6,1330.24,Shipping Damage
769,74266,20220313,2022-03-13,725,1109,5,1,1251.23,Wrong Configuration
770,111279,20241212,2024-12-12,1041,1073,4,11,1765.51,Customer Cancellation
771,38612,20211019,2021-10-19,11,1021,1,7,4332.6,Wrong Configuration
772,23547,20240731,2024-07-31,395,1096,8,42,37649.74,Shipping Damage
773,40387,20250722,2025-07-22,623,1066,1,7,1097.43,Defect
774,56289,20230813,2023-08-13,164,1070,9,5,714.88,Customer Cancellation
775,82041,20220316,2022-03-16,468,1002,5,4,3423.49,Other
776,38051,20211115,2021-11-15,623,1090,1,27,17002.36,Defect
777,55237,20210702,2021-07-02,133,1136,6,8,572.64,Defect
778,78295,20230501,2023-05-01,246,1098,4,4,2081.84,Other
779,82657,20240919,2024-09-19,1110,1128,5,43,1921.97,Wrong Configuration
780,49623,20250509,2025-05-09,459,1141,6,11,6979.42,Shipping Damage
781,43237,20221218,2022-12-18,480,1061,3,7,956.71,Defect
782,53796,20231103,2023-11-03,292,1046,1,5,2624.77,Other
783,54217,20221006,2022-10-06,33,1137,1,1,65.83,Other
784,82185,20240317,2024-03-17,149,1162,8,30,1828.04,Wrong Configuration
785,96821,20231205,2023-12-05,978,1067,6,29,4971.14,Defect
786,117332,20220416,2022-04-16,250,1053,6,4,1437.28,Other
787,104307,20230620,2023-06-20,1075,1056,4,9,4123.15,Defect
788,41472,20240407,2024-04-07,300,1085,6,1,822.9,Customer Cancellation
789,21679,20240214,2024-02-14,496,1123,3,16,1139.18,Defect
790,115457,20241106,2024-11-06,962,1107,2,2,2507.45,Defect
791,32490,20220424,2022-04-24,400,1047,6,1,573.2,Customer Cancellation
792,27854,20251210,2025-12-10,698,1083,1,14,10765.76,Customer Cancellation
793,55112,20241010,2024-10-10,533,1110,6,2,3608.76,Defect
794,49228,20210309,2021-03-09,357,1067,8,201,32144.68,Defect
795,28488,20250618,2025-06-18,429,1134,1,4,374.49,Shipping Damage
796,56108,20251203,2025-12-03,1158,1011,6,6,6010.75,Customer Cancellation
797,115671,20250116,2025-01-16,777,1128,9,4,252.57,Customer Cancellation
798,12602,20230403,2023-04-03,847,1011,4,14,12591.12,Customer Cancellation
799,1026,20240306,2024-03-06,1122,1103,7,3,5201.31,Defect
800,301,20210515,2021-05-15,112,1134,8,26,1628.2,Shipping Damage
801,74882,20210815,2021-08-15,170,1070,1,1,129.76,Other
802,65560,20220214,2022-02-14,57,1015,7,5,4005.84,Defect
803,14339,20240210,2024-02-10,333,1076,1,3,484.82,Defect
804,52503,20210328,2021-03-28,345,1080,6,7,4423.86,Defect
805,119189,20250406,2025-04-06,62,1174,8,7,437.53,Defect
806,76577,20210316,2021-03-16,910,1131,6,4,333.61,Defect
807,98676,20251220,2025-12-20,843,1109,5,13,16124.8,Defect
808,98882,20221124,2022-11-24,691,1081,6,1,702.61,Defect
809,40158,20240713,2024-07-13,592,1170,2,13,910.51,Defect
810,27124,20230210,2023-02-10,991,1087,7,8,4329.75,Wrong Configuration
811,14239,20230502,2023-05-02,1174,1000,1,20,15191.53,Customer Cancellation
812,62594,20211030,2021-10-30,287,1037,6,1,551.36,Defect
813,25207,20250809,2025-08-09,222,1001,8,4,3259.34,Defect
814,2038,20240321,2024-03-21,558,1050,10,14,6652.76,Customer Cancellation
815,89668,20231206,2023-12-06,722,1138,8,14,1073.14,Customer Cancellation
816,39742,20241204,2024-12-04,331,1118,10,1,1546.94,Defect
817,82521,20230902,2023-09-02,65,1123,1,22,1447.02,Shipping Damage
818,93721,20230818,2023-08-18,1063,1081,6,15,9996.05,Wrong Configuration
819,58443,20250714,2025-07-14,342,1108,3,1,1863.13,Defect
820,4897,20250708,2025-07-08,806,1096,3,5,5593.51,Customer Cancellation
821,191,20220507,2022-05-07,933,1006,10,17,12589.78,Shipping Damage
822,95482,20211105,2021-11-05,868,1054,6,1,457.44,Defect
823,7068,20220717,2022-07-17,440,1118,2,5,6474.23,Customer Cancellation
824,107961,20230317,2023-03-17,1169,1043,8,1,354.9,Wrong Configuration
825,13733,20251231,2025-12-31,1069,1030,4,20,15696.17,Wrong Configuration
826,119594,20251106,2025-11-06,949,1096,4,23,21575.94,Defect
827,49777,20210506,2021-05-06,849,1087,5,4,1824.71,Customer Cancellation
828,13180,20220707,2022-07-07,345,1161,6,4,206.52,Defect
829,7124,20241206,2024-12-06,30,1129,7,3,208.43,Wrong Configuration
830,70563,20221218,2022-12-18,826,1074,9,18,1425.02,Other
831,111170,20230130,2023-01-30,865,1018,1,9,9504.22,Customer Cancellation
832,71966,20230707,2023-07-07,347,1119,1,7,10121.91,Defect
833,40425,20231110,2023-11-10,1176,1076,6,17,2274.28,Defect
834,594,20220628,2022-06-28,353,1094,4,17,11589.96,Customer Cancellation
835,101413,20230124,2023-01-24,296,1007,2,6,5881.2,Customer Cancellation
836,15703,20240511,2024-05-11,126,1172,6,4,224.12,Wrong Configuration
837,7771,20220725,2022-07-25,425,1066,1,29,4642.64,Other
838,17628,20250402,2025-04-02,849,1123,5,21,1477.58,Defect
839,101737,20250130,2025-01-30,1161,1085,3,5,4287.8,Defect
840,77255,20240315,2024-03-15,410,1008,9,16,11044.05,Shipping Damage
841,75845,20240906,2024-09-06,545,1126,10,2,118.23,Other
842,35616,20241223,2024-12-23,478,1079,5,1,207.1,Wrong Configuration
843,31975,20210207,2021-02-07,212,1150,3,21,12991.65,Defect
844,118138,20250916,2025-09-16,78,1188,9,5,1180.72,Customer Cancellation
845,115017,20231002,2023-10-02,1036,1025,9,3,2258.05,Defect
846,119909,20230122,2023-01-22,942,1090,1,2,1413.27,Defect
847,15644,20220502,2022-05-02,706,1125,9,8,672.24,Customer Cancellation
848,67158,20220307,2022-03-07,763,1164,5,6,230.56,Customer Cancellation
849,400,20231210,2023-12-10,469,1105,1,2,3230.9,Defect
850,69560,20240128,2024-01-28,973,1047,1,22,10631.33,Wrong Configuration
851,10899,20231208,2023-12-08,894,1032,1,10,5296.09,Customer Cancellation
852,34549,20221206,2022-12-06,146,1046,7,5,1970.3,Wrong Configuration
853,88619,20251122,2025-11-22,1073,1182,5,12,3604.3,Wrong Configuration
854,91700,20251117,2025-11-17,1077,1009,9,1,820.52,Other
855,49751,20250730,2025-07-30,839,1059,10,15,6501.89,Wrong Configuration
856,3246,20230111,2023-01-11,125,1008,3,32,22355.25,Wrong Configuration
857,75384,20220115,2022-01-15,122,1095,2,7,3108.81,Other
858,305,20211012,2021-10-12,559,1110,8,22,30138.11,Shipping Damage
859,42652,20240228,2024-02-28,378,1042,7,1,406.07,Defect
860,18036,20220710,2022-07-10,1028,1115,5,7,7967.08,Customer Cancellation
861,7683,20250216,2025-02-16,1179,1110,6,9,16450.09,Defect
862,70008,20210810,2021-08-10,165,1085,1,5,3547.8,Wrong Configuration
863,45,20230629,2023-06-29,939,1021,6,5,3406.01,Defect
864,103047,20250430,2025-04-30,322,1135,5,1,89.64,Defect
865,118556,20250628,2025-06-28,661,1091,4,1,892.16,Defect
866,27986,20220914,2022-09-14,992,1012,5,1,937.1,Defect
867,81651,20250602,2025-06-02,777,1022,9,9,6833.75,Wrong Configuration
868,114769,20220911,2022-09-11,7,1164,7,4,164.54,Other
869,86745,20240504,2024-05-04,698,1189,1,12,2965.41,Customer Cancellation
870,80247,20221116,2022-11-16,786,1020,6,5,2601.84,Wrong Configuration
871,7495,20210610,2021-06-10,112,1017,8,8,7610.33,Wrong Configuration
872,59012,20211107,2021-11-07,1169,1107,8,3,2871.87,Customer Cancellation
873,68094,20251113,2025-11-13,110,1131,10,15,1232.78,Defect
874,87683,20240608,2024-06-08,830,1061,2,1,143.58,Defect
875,80310,20250207,2025-02-07,1032,1120,1,12,1179.42,Defect
876,118371,20251105,2025-11-05,578,1019,9,20,17868.38,Defect
877,31149,20240521,2024-05-21,1153,1137,1,2,143.77,Customer Cancellation
878,91426,20250508,2025-05-08,759,1114,2,11,14230.42,Customer Cancellation
879,96248,20220830,2022-08-30,1158,1126,6,2,112.38,Other
880,32558,20241209,2024-12-09,1006,1060,5,8,1144.67,Defect
881,98805,20230102,2023-01-02,352,1119,9,3,4669.75,Shipping Damage
882,87860,20250427,2025-04-27,888,1005,3,2,1718.11,Wrong Configuration
883,58045,20250409,2025-04-09,689,1190,1,23,4844.82,Customer Cancellation
884,52082,20230407,2023-04-07,650,1019,2,3,3068.87,Defect
885,42736,20241105,2024-11-05,1061,1151,6,36,18876.42,Other
886,34429,20231118,2023-11-18,908,1068,5,17,2272.95,Shipping Damage
887,41078,20220712,2022-07-12,896,1013,7,3,2585.7,Defect
888,82587,20210714,2021-07-14,330,1133,3,5,473.92,Defect
889,117253,20210909,2021-09-09,345,1170,6,8,445.91,Defect
890,43995,20250228,2025-02-28,946,1062,3,5,1279.96,Other
891,51641,20220713,2022-07-13,528,1185,5,57,11277.85,Defect
892,53523,20221231,2022-12-31,696,1123,7,17,1212.72,Customer Cancellation
893,116968,20220508,2022-05-08,347,1032,1,25,10930.16,Defect
894,96927,20250818,2025-08-18,54,1065,7,4,541.23,Defect
895,11336,20250130,2025-01-30,434,1017,1,1,991.47,Defect
896,68903,20241116,2024-11-16,496,1076,3,4,528.31,Defect
897,50243,20210414,2021-04-14,184,1145,3,1,591.42,Wrong Configuration
898,108241,20220908,2022-09-08,435,1115,7,11,13531.87,Customer Cancellation
899,51366,20250407,2025-04-07,861,1057,1,2,830.21,Defect
900,72079,20221119,2022-11-19,1075,1003,4,6,5380.74,Defect
901,47695,20210601,2021-06-01,310,1167,7,2,102.63,Shipping Damage
902,91236,20230110,2023-01-10,352,1199,9,1,261.69,Defect
903,76384,20210724,2021-07-24,105,1182,1,1,283.2,Wrong Configuration
904,50826,20231012,2023-10-12,743,1082,1,1,804.48,Customer Cancellation
905,81075,20250813,2025-08-13,904,1166,1,1,76.87,Defect
906,37355,20220710,2022-07-10,357,1131,8,42,3250.26,Shipping Damage
907,81980,20210421,2021-04-21,454,1120,9,13,1149.92,Defect
908,118216,20220313,2022-03-13,1019,1182,6,4,1096.29,Defect
909,37976,20241123,2024-11-23,704,1174,1,1,64.34,Shipping Damage
910,77934,20240822,2024-08-22,950,1076,9,17,2574.35,Other
911,63067,20230314,2023-03-14,688,1054,9,2,962.58,Customer Cancellation
912,90723,20250104,2025-01-04,876,1130,8,7,667.98,Other
913,85413,20210204,2021-02-04,80,1052,2,1,389.85,Defect
914,95305,20241128,2024-11-28,853,1131,9,10,972.19,Defect
915,83774,20220102,2022-01-02,345,1138,6,3,221.4,Other
916,33353,20251213,2025-12-13,1144,1173,1,2,107.72,Other
917,42896,20220203,2022-02-03,349,1036,1,19,8988.35,Other
918,25180,20241031,2024-10-31,559,1098,8,25,12353.29,Wrong Configuration
919,105280,20210723,2021-07-23,1177,1015,2,5,4134.21,Defect
920,48855,20220331,2022-03-31,798,1101,1,3,3622.34,Customer Cancellation
921,6771,20221226,2022-12-26,515,1049,3,6,1924.65,Defect
922,49052,20210916,2021-09-16,926,1171,1,15,593.09,Defect
923,108861,20220204,2022-02-04,899,1028,1,7,3438.2,Defect
924,56090,20251119,2025-11-19,562,1199,2,1,275.8,Shipping Damage
925,119314,20240305,2024-03-05,310,1109,7,26,31101.23,Other
926,77144,20240731,2024-07-31,1151,1128,2,2,113.96,Defect
927,101621,20240809,2024-08-09,778,1005,6,6,4891.44,Defect
928,101912,20230923,2023-09-23,849,1011,5,16,14017.05,Other
929,38116,20241019,2024-10-19,257,1162,2,12,810.97,Defect
930,93676,20251011,2025-10-11,186,1068,1,3,458.23,Wrong Configuration
931,96852,20220523,2022-05-23,411,1134,6,18,1150.19,Wrong Configuration
932,40332,20210221,2021-02-21,901,1067,9,25,3998.89,Other
933,5866,20220622,2022-06-22,44,1195,2,3,584.41,Wrong Configuration
934,62655,20241030,2024-10-30,1075,1051,4,6,2612.28,Defect
935,112202,20210119,2021-01-19,921,1049,5,35,9937.14,Customer Cancellation
936,106377,20211127,2021-11-27,275,1147,10,19,11385.01,Wrong Configuration
937,75159,20250529,2025-05-29,149,1131,8,24,2287.2,Defect
938,75198,20211025,2021-10-25,620,1055,6,5,2190.53,Shipping Damage
939,103838,20250219,2025-02-19,1148,1170,8,13,923.59,Wrong Configuration
940,71315,20210112,2021-01-12,401,1192,4,5,1247.02,Defect
941,35802,20250526,2025-05-26,1057,1166,6,1,74.5,Customer Cancellation
942,53941,20250903,2025-09-03,277,1096,3,7,7972.24,Defect
943,67252,20241020,2024-10-20,429,1110,1,2,3320.28,Shipping Damage
944,109425,20210910,2021-09-10,429,1026,1,4,2338.0,Shipping Damage
945,72039,20250625,2025-06-25,1136,1171,1,1,58.82,Defect
946,28157,20240913,2024-09-13,682,1074,1,20,2031.38,Customer Cancellation
947,53561,20210620,2021-06-20,747,1038,6,32,15311.8,Shipping Damage
948,8075,20221214,2022-12-14,979,1053,10,33,11461.25,Defect
949,95731,20250414,2025-04-14,872,1162,4,9,593.97,Shipping Damage
950,26242,20230131,2023-01-31,678,1131,1,2,168.16,Wrong Configuration
951,8589,20210516,2021-05-16,802,1096,2,9,7669.35,Other
952,51023,20231106,2023-11-06,756,1007,2,7,7816.25,Customer Cancellation
953,70798,20240930,2024-09-30,714,1171,5,36,2059.25,Customer Cancellation
954,77352,20230626,2023-06-26,305,1181,8,3,710.07,Defect
955,17096,20251226,2025-12-26,733,1040,1,2,762.73,Defect
956,20676,20240131,2024-01-31,1045,1077,1,1,156.81,Wrong Configuration
957,50677,20231028,2023-10-28,271,1009,1,27,20222.61,Customer Cancellation
958,44366,20240301,2024-03-01,1150,1190,4,5,1119.71,Customer Cancellation
959,3618,20241215,2024-12-15,773,1064,5,28,5449.83,Defect
960,44049,20240916,2024-09-16,403,1174,4,3,192.09,Defect
961,51059,20241207,2024-12-07,1006,1170,5,7,462.31,Shipping Damage
962,35265,20211114,2021-11-14,186,1060,1,20,2894.98,Defect
963,63891,20231218,2023-12-18,459,1053,6,17,6710.35,Defect
964,106376,20231005,2023-10-05,1011,1117,1,4,4550.5,Wrong Configuration
965,95587,20220311,2022-03-11,724,1112,2,3,3573.2,Defect
966,76761,20220803,2022-08-03,112,1185,8,12,2897.09,Wrong Configuration
967,76619,20220706,2022-07-06,389,1067,1,2,343.74,Defect
968,116305,20250818,2025-08-18,950,1108,9,7,12087.39,Defect
969,47083,20240114,2024-01-14,671,1192,2,15,3394.28,Wrong Configuration
970,12904,20250104,2025-01-04,379,1139,3,4,341.79,Defect
971,77562,20251202,2025-12-02,743,1029,1,1,616.87,Customer Cancellation
972,90836,20251211,2025-12-11,621,1113,8,18,29920.83,Shipping Damage
973,60054,20250903,2025-09-03,129,1181,4,4,1068.56,Defect
974,47035,20211026,2021-10-26,688,1104,9,10,10195.74,Wrong Configuration
975,5880,20250127,2025-01-27,81,1026,4,1,653.5,Wrong Configuration
976,61099,20230405,2023-04-05,282,1015,2,6,5535.39,Customer Cancellation
977,30669,20240731,2024-07-31,471,1066,6,2,409.19,Wrong Configuration
978,105230,20210212,2021-02-12,310,1101,7,13,13713.52,Defect
979,103611,20221119,2022-11-19,940,1118,3,12,16595.15,Shipping Damage
980,3470,20250928,2025-09-28,474,1028,1,13,7162.58,Defect
981,77784,20230603,2023-06-03,175,1049,2,1,346.68,Defect
982,18155,20210731,2021-07-31,1075,1125,4,14,1007.56,Shipping Damage
983,54494,20251127,2025-11-27,148,1071,1,1,158.46,Defect
984,59422,20240725,2024-07-25,1036,1130,9,1,88.09,Defect
985,28851,20211014,2021-10-14,757,1148,6,1,527.52,Defect
986,39090,20220503,2022-05-03,1049,1032,4,1,519.34,Defect
987,39087,20250404,2025-04-04,479,1179,1,3,134.47,Defect
988,19439,20241027,2024-10-27,414,1123,1,39,2460.1,Defect
989,32430,20250615,2025-06-15,678,1064,1,10,2047.02,Defect
990,93535,20210525,2021-05-25,607,1063,1,29,4646.42,Defect
991,86171,20210216,2021-02-16,397,1157,6,3,2217.02,Other
992,57877,20250228,2025-02-28,480,1003,3,7,7890.73,Defect
993,33346,20231228,2023-12-28,949,1113,4,8,12992.45,Wrong Configuration
994,41711,20251124,2025-11-24,454,1050,9,1,566.56,Shipping Damage
995,18988,20250526,2025-05-26,1,1114,10,1,1608.61,Shipping Damage
996,71375,20241204,2024-12-04,255,1135,1,1,86.13,Wrong Configuration
997,106560,20241217,2024-12-17,31,1068,1,1,175.99,Shipping Damage
998,48008,20231218,2023-12-18,1131,1121,4,38,3121.5,Customer Cancellation
999,118012,20240927,2024-09-27,244,1193,3,1,193.32,Wrong Configuration
1000,62203,20220530,2022-05-30,928,1189,3,1,255.49,Wrong Configuration
1001,18068,20220714,2022-07-14,725,1019,5,8,6915.6,Defect
1002,26751,20220310,2022-03-10,1110,1017,5,19,16044.02,Shipping Damage
1003,101764,20250314,2025-03-14,274,1017,6,2,1933.4,Defect
1004,61816,20211019,2021-10-19,949,1021,4,24,12531.99,Other
1005,48954,20211204,2021-12-04,582,1050,5,1,506.01,Wrong Configuration
1006,35889,20240105,2024-01-05,9,1116,3,12,18616.32,Customer Cancellation
1007,74387,20250320,2025-03-20,357,1058,8,19,8351.1,Wrong Configuration
1008,46961,20240122,2024-01-22,1120,1047,5,12,6317.79,Shipping Damage
1009,61618,20210502,2021-05-02,1144,1171,1,4,191.8,Defect
1010,70089,20220129,2022-01-29,813,1120,3,37,2719.68,Wrong Configuration
1011,36040,20221113,2022-11-13,728,1040,5,5,1696.39,Other
1012,13283,20250327,2025-03-27,186,1009,1,10,8746.06,Shipping Damage
1013,79797,20241019,2024-10-19,338,1121,1,47,3292.93,Wrong Configuration
1014,79730,20250709,2025-07-09,988,1076,7,24,3249.37,Customer Cancellation
1015,46668,20251122,2025-11-22,179,1095,4,129,61148.81,Shipping Damage
1016,47478,20211226,2021-12-26,2,1159,5,1,523.03,Other
1017,34668,20230422,2023-04-22,1130,1191,6,2,538.44,Defect
1018,94192,20210817,2021-08-17,1014,1177,5,1,41.42,Defect
1019,18626,20221006,2022-10-06,169,1161,5,5,313.97,Other
1020,91707,20220324,2022-03-24,199,1056,5,28,9100.18,Other
1021,4314,20250417,2025-04-17,409,1063,5,221,41378.13,Defect
1022,37816,20250725,2025-07-25,678,1012,1,9,10015.15,Customer Cancellation
1023,102864,20241110,2024-11-10,851,1173,4,5,262.26,Shipping Damage
1024,4119,20210927,2021-09-27,877,1043,6,1,357.54,Wrong Configuration
1025,41016,20231022,2023-10-22,622,1131,6,25,2246.02,Other
1026,31381,20251220,2025-12-20,20,1181,4,4,905.7,Defect
1027,85042,20220512,2022-05-12,130,1036,6,1,566.69,Defect
1028,50129,20251206,2025-12-06,1114,1172,6,20,899.78,Customer Cancellation
1029,112748,20210925,2021-09-25,678,1170,1,11,608.38,Defect
1030,21398,20221001,2022-10-01,1011,1192,1,4,935.56,Defect
1031,64743,20220703,2022-07-03,839,1117,10,10,10053.67,Defect
1032,118617,20220415,2022-04-15,308,1194,1,2,556.26,Shipping Damage
1033,96401,20210920,2021-09-20,613,1009,5,5,3658.94,Shipping Damage
1034,22405,20250909,2025-09-09,481,1082,1,5,4480.89,Defect
1035,78835,20231017,2023-10-17,636,1002,9,1,874.14,Shipping Damage
1036,68303,20221203,2022-12-03,146,1136,7,19,1310.53,Customer Cancellation
1037,69426,20241204,2024-12-04,164,1041,9,9,2796.14,Defect
1038,35873,20251005,2025-10-05,547,1164,3,2,90.02,Wrong Configuration
1039,36907,20230711,2023-07-11,678,1085,1,17,12842.27,Defect
1040,97792,20230417,2023-04-17,645,1177,9,2,91.46,Defect
1041,70496,20220722,2022-07-22,433,1157,2,1,842.51,Wrong Configuration
1042,104306,20210901,2021-09-01,169,1062,5,3,596.97,Defect
1043,107862,20240215,2024-02-15,301,1183,1,5,832.73,Customer Cancellation
1044,1431,20251109,2025-11-09,1011,1082,1,1,900.56,Defect
1045,84530,20240805,2024-08-05,590,1036,3,1,612.15,Defect
1046,98025,20231120,2023-11-20,714,1149,5,13,8731.63,Wrong Configuration
1047,64491,20210924,2021-09-24,943,1020,1,2,981.15,Defect
1048,99299,20210604,2021-06-04,578,1052,9,25,8584.39,Wrong Configuration
1049,18421,20250619,2025-06-19,900,1095,9,1,534.27,Defect
1050,2030,20230922,2023-09-22,1051,1076,4,9,1094.97,Defect
1051,114546,20240930,2024-09-30,135,1190,7,3,685.94,Customer Cancellation
1052,66569,20210615,2021-06-15,937,1120,6,5,465.89,Shipping Damage
1053,28997,20231124,2023-11-24,262,1098,9,1,536.0,Defect
1054,22071,20220921,2022-09-21,733,1161,1,10,620.45,Other
1055,71594,20230517,2023-05-17,677,1167,10,2,107.8,Wrong Configuration
1056,30600,20240404,2024-04-04,298,1192,10,20,5416.32,Customer Cancellation
1057,28099,20250918,2025-09-18,395,1124,8,12,1054.06,Defect
1058,648,20240612,2024-06-12,892,1057,4,1,459.95,Customer Cancellation
1059,12384,20220514,2022-05-14,575,1179,6,7,262.01,Defect
1060,37167,20221127,2022-11-27,383,1052,6,4,1424.45,Defect
1061,85952,20250813,2025-08-13,411,1151,6,11,5999.8,Shipping Damage
1062,86504,20241013,2024-10-13,1161,1067,3,8,1709.07,Defect
1063,74168,20250928,2025-09-28,501,1174,5,6,356.2,Defect
1064,68568,20210507,2021-05-07,1075,1085,4,23,17037.04,Defect
1065,108404,20230624,2023-06-24,206,1030,6,2,1311.54,Wrong Configuration
1066,42519,20230409,2023-04-09,47,1110,6,2,3299.74,Wrong Configuration
1067,44456,20210115,2021-01-15,852,1187,1,1,292.46,Customer Cancellation
1068,53235,20230902,2023-09-02,1156,1125,1,13,988.2,Shipping Damage
1069,94773,20220610,2022-06-10,974,1043,8,48,16831.16,Defect
1070,23374,20250623,2025-06-23,1108,1171,2,3,169.54,Wrong Configuration
1071,72899,20241216,2024-12-16,295,1157,10,40,30022.54,Wrong Configuration
1072,33094,20250215,2025-02-15,411,1172,6,38,1578.57,Defect
1073,114791,20241228,2024-12-28,1068,1018,5,1,1060.08,Customer Cancellation
1074,95113,20250207,2025-02-07,983,1042,7,5,2038.15,Customer Cancellation
1075,70708,20251125,2025-11-25,918,1043,1,3,1094.56,Shipping Damage
1076,13268,20250425,2025-04-25,757,1079,6,9,1759.75,Defect
1077,17455,20230714,2023-07-14,39,1069,3,28,5078.85,Defect
1078,27744,20220921,2022-09-21,1011,1059,1,1,420.25,Defect
1079,106760,20220826,2022-08-26,160,1119,10,4,5811.23,Defect
1080,5407,20220319,2022-03-19,1064,1180,5,20,5039.33,Customer Cancellation
1081,75299,20210914,2021-09-14,1124,1017,2,5,3740.7,Customer Cancellation
1082,87591,20210218,2021-02-18,590,1077,3,1,139.48,Defect
1083,103406,20250713,2025-07-13,340,1199,6,32,7713.96,Defect
1084,37772,20240312,2024-03-12,8,1002,10,4,2941.2,Customer Cancellation
1085,19115,20220622,2022-06-22,283,1088,5,7,6622.42,Customer Cancellation
1086,34277,20240102,2024-01-02,268,1053,5,5,2093.35,Wrong Configuration
1087,64421,20230621,2023-06-21,496,1099,3,20,14317.98,Customer Cancellation
1088,42506,20210228,2021-02-28,722,1196,8,13,2152.34,Customer Cancellation
1089,109251,20210109,2021-01-09,537,1190,5,1,214.36,Customer Cancellation
1090,33966,20240222,2024-02-22,213,1125,1,5,432.84,Defect
1091,63439,20221225,2022-12-25,468,1131,5,5,388.89,Defect
1092,33183,20220513,2022-05-13,47,1069,6,2,411.46,Shipping Damage
1093,117241,20240521,2024-05-21,73,1080,6,3,2217.63,Defect
1094,91216,20240529,2024-05-29,982,1090,4,21,12536.63,Wrong Configuration
1095,16392,20211028,2021-10-28,976,1169,1,16,543.08,Wrong Configuration
1096,37780,20230112,2023-01-12,490,1149,4,4,2811.8,Shipping Damage
1097,25690,20240829,2024-08-29,755,1001,1,19,12632.8,Defect
1098,2688,20230117,2023-01-17,508,1124,10,2,200.23,Shipping Damage
1099,11687,20250610,2025-06-10,697,1113,1,7,10449.8,Wrong Configuration
1100,43066,20211127,2021-11-27,102,1014,10,1,1131.26,Wrong Configuration
1101,70699,20220128,2022-01-28,882,1086,6,1,769.38,Customer Cancellation
1102,35273,20210528,2021-05-28,1130,1094,6,4,3380.27,Defect
1103,111723,20221121,2022-11-21,572,1064,2,38,6917.73,Defect
1104,25255,20240125,2024-01-25,551,1103,1,10,16685.44,Defect
1105,79237,20240410,2024-04-10,305,1085,8,1,882.6,Wrong Configuration
1106,92884,20220401,2022-04-01,1051,1110,4,7,11446.99,Defect
1107,2041,20221206,2022-12-06,348,1190,6,2,438.42,Defect
1108,9411,20240703,2024-07-03,1077,1049,9,5,1648.46,Other
1109,76777,20240126,2024-01-26,923,1144,8,34,19367.65,Other
1110,2894,20240930,2024-09-30,778,1199,6,1,239.36,Defect
1111,31291,20230827,2023-08-27,291,1150,10,9,6568.26,Customer Cancellation
1112,3557,20221005,2022-10-05,497,1044,6,2,796.47,Defect
1113,81869,20240205,2024-02-05,429,1079,1,7,1311.54,Wrong Configuration
1114,76131,20250409,2025-04-09,922,1138,6,6,443.78,Shipping Damage
1115,28238,20230301,2023-03-01,199,1088,5,25,23136.64,Customer Cancellation
1116,103682,20241222,2024-12-22,609,1177,9,1,45.57,Shipping Damage
1117,92319,20211004,2021-10-04,501,1113,5,6,9395.2,Defect
1118,58453,20220315,2022-03-15,501,1097,5,17,10429.0,Wrong Configuration
1119,8749,20221118,2022-11-18,933,1181,10,19,4242.58,Defect
1120,118428,20250507,2025-05-07,1041,1151,4,7,4266.52,Defect
1121,88253,20220817,2022-08-17,1006,1192,5,35,8404.73,Shipping Damage
1122,35825,20251230,2025-12-30,230,1045,6,1,446.75,Wrong Configuration
1123,112631,20231020,2023-10-20,41,1185,4,6,1647.13,Defect
1124,42051,20220506,2022-05-06,598,1070,6,1,157.4,Customer Cancellation
1125,70374,20251206,2025-12-06,833,1082,3,9,8480.44,Wrong Configuration
1126,98872,20230317,2023-03-17,173,1014,6,47,58355.01,Customer Cancellation
1127,59395,20241130,2024-11-30,252,1025,9,4,2751.6,Defect
1128,74292,20210215,2021-02-15,35,1067,3,8,1192.96,Defect
1129,90693,20250323,2025-03-23,101,1152,3,2,1583.24,Shipping Damage
1130,109994,20230208,2023-02-08,468,1175,5,20,1177.64,Wrong Configuration
1131,108787,20251129,2025-11-29,179,1129,4,17,1214.17,Shipping Damage
1132,118849,20230201,2023-02-01,944,1047,5,19,9051.19,Defect
1133,34746,20210207,2021-02-07,656,1031,3,24,11573.13,Customer Cancellation
1134,115503,20251012,2025-10-12,89,1055,6,5,2084.4,Defect
1135,36401,20221123,2022-11-23,786,1056,6,1,399.34,Defect
1136,89611,20240425,2024-04-25,1081,1060,1,2,275.07,Defect
1137,6352,20250331,2025-03-31,559,1133,8,21,2298.33,Wrong Configuration
1138,55546,20240609,2024-06-09,102,1006,10,4,3754.97,Defect
1139,116606,20240226,2024-02-26,28,1090,1,6,3763.1,Other
1140,24156,20240329,2024-03-29,903,1132,10,16,1287.77,Wrong Configuration
1141,48620,20241104,2024-11-04,888,1107,3,10,13850.48,Shipping Damage
1142,2990,20221008,2022-10-08,14,1014,1,6,6530.06,Defect
1143,107796,20251202,2025-12-02,935,1076,9,4,640.15,Wrong Configuration
1144,68468,20210215,2021-02-15,124,1060,3,71,7986.76,Shipping Damage
1145,74235,20220122,2022-01-22,1073,1183,5,11,1756.83,Shipping Damage
1146,111446,20240316,2024-03-16,1004,1080,1,5,3196.68,Other
1147,14476,20240712,2024-07-12,411,1086,6,40,25091.03,Other
1148,53399,20250531,2025-05-31,439,1172,2,4,218.26,Defect
1149,37800,20250427,2025-04-27,1042,1082,2,4,3362.39,Shipping Damage
1150,53756,20211120,2021-11-20,185,1032,9,13,6095.85,Wrong Configuration
1151,1523,20230413,2023-04-13,168,1122,7,4,299.94,Wrong Configuration
1152,86758,20241130,2024-11-30,558,1066,10,21,3687.39,Shipping Damage
1153,1939,20251222,2025-12-22,146,1172,7,39,1745.24,Shipping Damage
1154,96901,20241113,2024-11-13,87,1124,10,1,90.34,Shipping Damage
1155,14545,20250508,2025-05-08,877,1177,6,1,51.72,Defect
1156,59579,20220207,2022-02-07,255,1073,1,5,824.45,Other
1157,31932,20210616,2021-06-16,843,1034,5,132,73630.53,Wrong Configuration
1158,107421,20240312,2024-03-12,282,1101,2,2,2986.81,Customer Cancellation
1159,7337,20220305,2022-03-05,711,1131,2,9,686.44,Wrong Configuration
1160,52703,20221105,2022-11-05,678,1167,1,7,353.99,Defect
1161,23274,20220722,2022-07-22,777,1043,9,6,1999.82,Defect
1162,100455,20250121,2025-01-21,65,1017,1,2,2108.74,Defect
1163,70860,20231122,2023-11-22,300,1103,6,1,1703.94,Shipping Damage
1164,39145,20221203,2022-12-03,415,1056,5,4,1664.76,Shipping Damage
1165,80682,20230529,2023-05-29,162,1038,2,5,2952.8,Other
1166,8450,20210731,2021-07-31,636,1006,9,7,4791.89,Other
1167,23707,20240422,2024-04-22,340,1157,6,7,5208.0,Wrong Configuration
1168,69841,20230410,2023-04-10,411,1001,6,31,22376.2,Defect
1169,22269,20211217,2021-12-17,949,1017,4,19,15779.9,Shipping Damage
1170,101914,20250610,2025-06-10,381,1022,8,9,5197.63,Customer Cancellation
1171,44431,20250520,2025-05-20,126,1119,6,2,3024.25,Defect
1172,26201,20220529,2022-05-29,436,1067,1,7,1286.37,Defect
1173,111937,20230502,2023-05-02,350,1014,4,1,1174.26,Defect
1174,18653,20250813,2025-08-13,1196,1191,2,30,9491.97,Other
1175,106812,20220311,2022-03-11,922,1180,6,6,1555.6,Defect
1176,25803,20211031,2021-10-31,413,1119,1,12,14811.92,Shipping Damage
1177,106796,20240730,2024-07-30,264,1030,8,1,690.31,Shipping Damage
1178,93865,20210824,2021-08-24,41,1102,4,11,13948.97,Other
1179,67027,20250607,2025-06-07,1133,1041,10,2,697.85,Defect
1180,115428,20230825,2023-08-25,313,1053,6,1,431.11,Shipping Damage
1181,81389,20220313,2022-03-13,402,1162,2,1,67.5,Shipping Damage
1182,16294,20250610,2025-06-10,205,1171,2,8,447.89,Shipping Damage
1183,45896,20240928,2024-09-28,535,1070,9,33,4143.14,Wrong Configuration
1184,111437,20231225,2023-12-25,1198,1100,2,3,3803.22,Other
1185,47213,20221201,2022-12-01,801,1069,1,5,943.06,Wrong Configuration
1186,25218,20210222,2021-02-22,253,1070,2,2,283.7,Defect
1187,63421,20220501,2022-05-01,540,1185,3,4,947.2,Wrong Configuration
1188,39257,20240521,2024-05-21,384,1053,8,7,2662.03,Defect
1189,18042,20250319,2025-03-19,928,1026,3,1,668.54,Defect
1190,88867,20210205,2021-02-05,678,1009,1,4,2911.08,Defect
1191,102271,20230129,2023-01-29,156,1120,8,1,96.18,Shipping Damage
1192,77158,20220104,2022-01-04,590,1023,3,1,527.46,Shipping Damage
1193,6651,20241206,2024-12-06,433,1160,2,1,84.97,Defect
1194,61238,20250206,2025-02-06,6,1119,7,1,1638.19,Defect
1195,77212,20251118,2025-11-18,389,1188,1,7,1784.67,Defect
1196,36138,20220427,2022-04-27,1077,1170,9,9,571.75,Shipping Damage
1197,99549,20240221,2024-02-21,778,1123,6,2,146.0,Defect
1198,52780,20240828,2024-08-28,415,1068,5,4,671.27,Wrong Configuration
1199,12331,20231024,2023-10-24,528,1151,5,38,18791.0,Customer Cancellation
1200,49966,20240913,2024-09-13,951,1043,6,20,6225.61,Shipping Damage
1201,22238,20250515,2025-05-15,414,1058,1,10,4474.24,Defect
1202,22350,20250808,2025-08-08,139,1052,2,3,1282.28,Shipping Damage
1203,95554,20251101,2025-11-01,345,1180,6,12,2861.35,Defect
1204,46082,20250206,2025-02-06,836,1075,1,24,4021.48,Wrong Configuration
1205,7432,20231214,2023-12-14,1179,1128,6,3,144.7,Other
1206,56753,20231208,2023-12-08,896,1181,7,6,1405.57,Wrong Configuration
1207,17416,20230414,2023-04-14,562,1147,2,3,2418.26,Defect
1208,1593,20241027,2024-10-27,60,1150,1,2,1269.35,Defect
1209,14045,20231018,2023-10-18,696,1022,7,3,1849.29,Wrong Configuration
1210,7752,20250726,2025-07-26,839,1011,10,1,966.0,Other
1211,65275,20220514,2022-05-14,580,1024,2,2,1019.41,Shipping Damage
1212,99735,20210817,2021-08-17,391,1014,1,2,2244.56,Defect
1213,38062,20240725,2024-07-25,173,1093,6,20,16123.59,Customer Cancellation
1214,73919,20240322,2024-03-22,766,1001,8,4,3035.82,Defect
1215,16790,20251223,2025-12-23,995,1193,7,1,224.39,Customer Cancellation
1216,39139,20210506,2021-05-06,223,1173,9,8,332.48,Customer Cancellation
1217,66951,20210108,2021-01-08,144,1001,2,11,9280.33,Customer Cancellation
1218,66068,20210827,2021-08-27,815,1046,3,1,498.78,Wrong Configuration
1219,111469,20220318,2022-03-18,852,1170,1,1,64.99,Other
1220,54364,20241001,2024-10-01,619,1135,5,3,263.62,Other
1221,48428,20210525,2021-05-25,966,1023,4,1,607.2,Defect
1222,16002,20210607,2021-06-07,87,1141,10,4,1950.74,Defect
1223,71060,20230807,2023-08-07,111,1128,1,9,370.62,Defect
1224,90985,20210507,2021-05-07,1011,1101,1,1,1223.51,Wrong Configuration
1225,24011,20241210,2024-12-10,579,1128,2,34,1563.53,Customer Cancellation
1226,72466,20240704,2024-07-04,317,1094,1,6,4078.32,Defect
1227,36118,20241101,2024-11-01,379,1106,3,6,7624.48,Wrong Configuration
1228,108670,20240509,2024-05-09,71,1176,10,6,392.52,Wrong Configuration
1229,79534,20240222,2024-02-22,1128,1172,9,4,201.29,Shipping Damage
1230,111690,20220418,2022-04-18,652,1184,3,1,175.96,Defect
1231,41438,20221101,2022-11-01,559,1042,8,3,1160.15,Defect
1232,3183,20230424,2023-04-24,1032,1020,1,10,4573.78,Wrong Configuration
1233,16832,20220411,2022-04-11,17,1173,1,29,1354.73,Wrong Configuration
1234,805,20220327,2022-03-27,469,1012,1,5,4502.3,Defect
1235,113553,20211109,2021-11-09,1110,1184,5,6,851.42,Other
1236,72148,20210101,2021-01-01,185,1113,9,10,14463.4,Customer Cancellation
1237,58879,20230504,2023-05-04,459,1047,6,5,2802.08,Customer Cancellation
1238,90337,20250903,2025-09-03,179,1025,4,25,18677.9,Wrong Configuration
1239,21287,20220107,2022-01-07,459,1065,6,1,122.76,Shipping Damage
1240,65017,20211005,2021-10-05,736,1088,5,2,1720.32,Wrong Configuration
1241,63251,20230127,2023-01-27,688,1067,9,7,1235.92,Shipping Damage
1242,28102,20250912,2025-09-12,357,1072,8,45,7891.54,Wrong Configuration
1243,56693,20211002,2021-10-02,67,1040,5,1,358.01,Wrong Configuration
1244,29136,20240208,2024-02-08,65,1032,1,10,5342.44,Shipping Damage
1245,16518,20251019,2025-10-19,868,1014,6,1,1400.5,Defect
1246,19444,20220417,2022-04-17,1199,1195,9,8,1576.98,Wrong Configuration
1247,53692,20220314,2022-03-14,389,1128,1,18,887.79,Defect
1248,60998,20250309,2025-03-09,1088,1080,5,1,785.25,Other
1249,1600,20250102,2025-01-02,284,1135,5,18,1424.97,Shipping Damage
1250,64908,20251108,2025-11-08,688,1116,9,8,13099.13,Wrong Configuration
1251,91482,20220813,2022-08-13,1051,1128,4,10,438.65,Customer Cancellation
1252,102533,20241111,2024-11-11,1122,1135,7,5,376.26,Wrong Configuration
1253,8054,20210501,2021-05-01,369,1199,8,2,439.6,Wrong Configuration
1254,42443,20231029,2023-10-29,1080,1171,1,23,1129.83,Wrong Configuration
1255,2376,20240210,2024-02-10,711,1059,2,3,1232.17,Defect
1256,15201,20240506,2024-05-06,569,1077,3,15,2074.75,Defect
1257,14318,20240103,2024-01-03,244,1102,3,1,1530.08,Other
1258,53512,20221127,2022-11-27,569,1023,3,9,4829.09,Defect
1259,6233,20220911,2022-09-11,253,1132,2,2,149.47,Shipping Damage
1260,100056,20250203,2025-02-03,849,1168,5,10,558.84,Other
1261,83876,20210208,2021-02-08,1152,1172,6,24,901.93,Other
1262,63396,20210515,2021-05-15,1132,1011,3,71,54081.99,Customer Cancellation
1263,96011,20211214,2021-12-14,283,1080,5,6,3584.36,Shipping Damage
1264,107620,20231120,2023-11-20,496,1023,3,13,6914.31,Customer Cancellation
1265,101376,20231029,2023-10-29,411,1101,6,34,39164.68,Defect
1266,65803,20241115,2024-11-15,621,1045,8,7,2649.31,Customer Cancellation
1267,111262,20230828,2023-08-28,459,1114,6,7,9254.96,Other
1268,28268,20231119,2023-11-19,1020,1098,4,13,6786.48,Wrong Configuration
1269,15207,20250618,2025-06-18,466,1188,6,23,5425.91,Defect
1270,91679,20250823,2025-08-23,852,1052,1,2,815.79,Customer Cancellation
1271,72429,20220929,2022-09-29,298,1161,10,1,59.8,Shipping Damage
1272,117314,20210418,2021-04-18,926,1109,1,22,22472.21,Defect
1273,66748,20250111,2025-01-11,551,1141,1,17,8702.1,Defect
1274,40338,20240628,2024-06-28,1014,1162,5,2,135.39,Defect
1275,4405,20250610,2025-06-10,933,1193,10,10,2138.18,Other
1276,114216,20250220,2025-02-20,644,1130,6,3,295.94,Defect
1277,79999,20241212,2024-12-12,497,1036,6,2,1106.56,Wrong Configuration
1278,3904,20210922,2021-09-22,275,1082,10,12,8202.12,Defect
1279,2505,20231108,2023-11-08,275,1024,10,6,3351.16,Wrong Configuration
1280,57701,20221025,2022-10-25,697,1038,1,35,16481.17,Shipping Damage
1281,51842,20231207,2023-12-07,519,1102,1,3,3714.75,Defect
1282,20832,20231017,2023-10-17,707,1142,4,2,1222.26,Shipping Damage
1283,78606,20251116,2025-11-16,310,1115,7,12,17201.01,Wrong Configuration
1284,59858,20230112,2023-01-12,724,1065,2,17,1958.27,Wrong Configuration
1285,33595,20251003,2025-10-03,291,1028,10,4,2354.83,Shipping Damage
1286,116264,20210105,2021-01-05,386,1013,4,12,7841.35,Wrong Configuration
1287,11266,20210921,2021-09-21,11,1045,1,1,414.13,Customer Cancellation
1288,104992,20240119,2024-01-19,265,1184,4,6,1027.35,Wrong Configuration
1289,118389,20210119,2021-01-19,636,1194,9,4,1172.84,Defect
1290,34181,20210219,2021-02-19,352,1042,9,12,4724.3,Wrong Configuration
1291,39831,20220312,2022-03-12,545,1096,10,4,3640.14,Other
1292,57464,20251120,2025-11-20,365,1195,8,4,1004.8,Customer Cancellation
1293,17966,20250621,2025-06-21,57,1120,7,9,806.53,Customer Cancellation
1294,32181,20250418,2025-04-18,223,1175,9,8,490.29,Customer Cancellation
1295,66899,20230619,2023-06-19,570,1083,6,8,5659.24,Other
1296,13140,20230210,2023-02-10,698,1163,1,3,127.14,Defect
1297,106121,20221117,2022-11-17,981,1010,1,2,1957.32,Other
1298,52181,20211208,2021-12-08,650,1006,2,3,2009.41,Defect
1299,57409,20241026,2024-10-26,935,1184,9,5,845.2,Wrong Configuration
1300,95179,20220507,2022-05-07,249,1055,1,1,352.9,Wrong Configuration
1301,100997,20250826,2025-08-26,1198,1161,2,13,799.52,Shipping Damage
1302,45205,20210629,2021-06-29,873,1002,4,1,803.18,Wrong Configuration
1303,49312,20230105,2023-01-05,1116,1086,2,6,4788.86,Defect
1304,95842,20220509,2022-05-09,164,1008,9,5,3726.9,Customer Cancellation
1305,7396,20210413,2021-04-13,723,1065,1,19,2040.85,Wrong Configuration
1306,39524,20240928,2024-09-28,590,1059,3,1,430.22,Defect
1307,64954,20230615,2023-06-15,520,1092,6,19,16852.33,Shipping Damage
1308,55633,20220129,2022-01-29,9,1069,3,2,337.95,Defect
1309,112752,20231005,2023-10-05,310,1038,7,11,5451.46,Wrong Configuration
1310,16618,20221020,2022-10-20,944,1101,5,4,4934.3,Other
1311,48422,20250611,2025-06-11,434,1130,1,1,95.39,Shipping Damage
1312,78077,20250123,2025-01-23,482,1101,4,4,5310.98,Wrong Configuration
1313,26444,20220804,2022-08-04,860,1138,6,6,450.02,Other
1314,68872,20241030,2024-10-30,1122,1075,7,133,23542.82,Customer Cancellation
1315,119009,20210426,2021-04-26,414,1171,1,8,360.92,Other
1316,89975,20251201,2025-12-01,623,1063,1,9,1408.46,Other
1317,31881,20210920,2021-09-20,340,1093,6,12,8719.54,Defect
1318,8397,20220920,2022-09-20,124,1108,3,32,44299.15,Defect
1319,109730,20210416,2021-04-16,466,1133,6,5,470.72,Defect
1320,38523,20220916,2022-09-16,1059,1063,1,1,206.9,Other
1321,22081,20231015,2023-10-15,149,1195,8,9,1593.13,Shipping Damage
1322,1861,20241216,2024-12-16,959,1114,2,2,3371.5,Other
1323,110402,20241001,2024-10-01,496,1001,3,10,8170.14,Other
1324,71524,20241022,2024-10-22,773,1190,5,73,13711.07,Wrong Configuration
1325,97410,20251016,2025-10-16,890,1169,5,13,629.78,Customer Cancellation
1326,8777,20251215,2025-12-15,186,1056,1,10,4108.0,Wrong Configuration
1327,58185,20210326,2021-03-26,1075,1192,4,15,3357.03,Defect
1328,85823,20220724,2022-07-24,1018,1056,1,4,1565.88,Wrong Configuration
1329,52867,20210710,2021-07-10,1077,1132,9,17,1172.32,Other
1330,19697,20210926,2021-09-26,1138,1121,8,4,332.24,Customer Cancellation
1331,129,20250119,2025-01-19,689,1114,1,24,33981.95,Defect
1332,49343,20210109,2021-01-09,802,1117,2,21,20172.32,Customer Cancellation
1333,68793,20211103,2021-11-03,575,1103,6,3,4770.52,Defect
1334,41640,20211218,2021-12-18,860,1099,6,4,3106.93,Defect
1335,69138,20210422,2021-04-22,1075,1069,4,6,931.97,Wrong Configuration
1336,60591,20230410,2023-04-10,355,1148,9,3,1518.69,Defect
1337,31169,20230119,2023-01-19,609,1130,9,2,157.07,Defect
1338,104882,20241221,2024-12-21,62,1121,8,1,99.38,Defect
1339,111631,20220915,2022-09-15,357,1156,8,18,8425.46,Wrong Configuration
1340,52126,20240423,2024-04-23,949,1133,4,35,3259.75,Other
1341,75385,20240521,2024-05-21,1075,1012,4,22,22001.52,Wrong Configuration
1342,109608,20250521,2025-05-21,1031,1180,6,1,291.37,Wrong Configuration
1343,75007,20220501,2022-05-01,793,1195,4,40,6958.19,Shipping Damage
1344,49027,20241030,2024-10-30,275,1024,10,6,3313.53,Shipping Damage
1345,55320,20241211,2024-12-11,1064,1174,5,4,196.92,Defect
1346,70974,20250519,2025-05-19,186,1099,1,28,22257.13,Other
1347,83984,20230129,2023-01-29,728,1086,5,8,5967.55,Defect
1348,97755,20251205,2025-12-05,758,1083,2,4,3126.89,Customer Cancellation
1349,72725,20240325,2024-03-25,1096,1048,2,2,1117.87,Customer Cancellation
1350,94995,20241115,2024-11-15,876,1021,8,1,730.58,Wrong Configuration
1351,40283,20221201,2022-12-01,146,1124,7,19,1494.48,Defect
1352,81603,20231122,2023-11-22,98,1045,3,1,433.7,Shipping Damage
1353,79996,20250105,2025-01-05,231,1157,1,13,10894.1,Wrong Configuration
1354,33575,20251109,2025-11-09,356,1136,5,1,87.55,Other
1355,74391,20210217,2021-02-17,425,1027,1,19,6814.28,Other
1356,8761,20210629,2021-06-29,711,1101,2,5,5509.51,Wrong Configuration
1357,39610,20241122,2024-11-22,496,1177,3,17,715.01,Wrong Configuration
1358,73622,20250912,2025-09-12,828,1193,1,8,1511.87,Shipping Damage
1359,2133,20241117,2024-11-17,542,1110,8,16,25980.93,Customer Cancellation
1360,74151,20241026,2024-10-26,338,1174,1,22,1106.32,Other
1361,67625,20241122,2024-11-22,722,1084,8,30,17142.12,Defect
1362,39012,20250613,2025-06-13,459,1087,6,6,3169.63,Customer Cancellation
1363,46956,20230213,2023-02-13,681,1130,1,9,787.31,Defect
1364,63163,20210630,2021-06-30,50,1134,9,15,1030.97,Customer Cancellation
1365,100551,20210825,2021-08-25,444,1036,2,2,1102.93,Shipping Damage
1366,102630,20241210,2024-12-10,666,1121,5,3,273.24,Wrong Configuration
1367,104431,20240527,2024-05-27,1070,1119,7,5,7683.96,Defect
1368,981,20241203,2024-12-03,539,1120,6,6,565.95,Other
1369,71049,20220724,2022-07-24,823,1102,1,13,18663.99,Customer Cancellation
1370,117417,20241206,2024-12-06,1034,1176,1,2,123.92,Customer Cancellation
1371,98979,20230802,2023-08-02,719,1171,1,14,588.92,Shipping Damage
1372,93435,20250202,2025-02-02,435,1081,7,15,10467.6,Other
1373,18186,20241019,2024-10-19,558,1060,10,8,1284.46,Shipping Damage
1374,3687,20250204,2025-02-04,1050,1078,6,3,771.67,Defect
1375,34035,20250208,2025-02-08,1158,1051,6,9,4206.5,Customer Cancellation
1376,87407,20240602,2024-06-02,714,1138,5,10,711.28,Defect
1377,92791,20250628,2025-06-28,887,1012,1,5,5013.27,Customer Cancellation
1378,101602,20220801,2022-08-01,1102,1096,2,3,3025.87,Defect
1379,46461,20240312,2024-03-12,1057,1187,6,1,354.84,Customer Cancellation
1380,43830,20230813,2023-08-13,1160,1065,8,2,303.46,Other
1381,105235,20221230,2022-12-30,1116,1066,2,4,680.26,Defect
1382,65623,20240913,2024-09-13,695,1050,6,1,565.46,Other
1383,29526,20251110,2025-11-10,1032,1059,1,2,867.04,Defect
1384,112584,20211127,2021-11-27,37,1117,8,1,1101.3,Defect
1385,81426,20210622,2021-06-22,1173,1082,5,6,4515.15,Wrong Configuration
1386,68415,20210516,2021-05-16,353,1025,4,44,26604.22,Shipping Damage
1387,40791,20250828,2025-08-28,440,1091,2,37,31474.0,Customer Cancellation
1388,58429,20240806,2024-08-06,305,1098,8,2,1030.86,Shipping Damage
1389,30480,20230202,2023-02-02,428,1083,6,3,2231.72,Defect
1390,24330,20221210,2022-12-10,946,1004,3,9,7381.33,Customer Cancellation
1391,37014,20241007,2024-10-07,393,1024,5,4,2183.57,Defect
1392,24187,20230611,2023-06-11,290,1090,1,10,7004.26,Other
1393,20630,20250505,2025-05-05,882,1077,6,3,536.17,Shipping Damage
1394,40859,20220106,2022-01-06,748,1004,9,1,719.38,Wrong Configuration
1395,32535,20251118,2025-11-18,310,1091,7,10,8160.92,Wrong Configuration
1396,40535,20231127,2023-11-27,463,1183,2,5,849.74,Defect
1397,187,20221220,2022-12-20,1174,1172,1,10,432.2,Other
1398,6751,20250419,2025-04-19,205,1024,2,9,5437.81,Defect
1399,17003,20240425,2024-04-25,1161,1168,3,1,53.86,Shipping Damage
1400,104430,20241212,2024-12-12,999,1038,7,8,4855.08,Wrong Configuration
1401,53154,20250717,2025-07-17,1199,1138,9,4,330.92,Defect
1402,40591,20251022,2025-10-22,1137,1179,2,3,145.17,Shipping Damage
1403,45922,20251227,2025-12-27,834,1069,9,1,213.22,Wrong Configuration
1404,94365,20240228,2024-02-28,946,1005,3,2,1653.46,Defect
1405,110408,20230310,2023-03-10,677,1172,10,1,51.56,Wrong Configuration
1406,61449,20251126,2025-11-26,524,1059,7,15,6080.62,Defect
1407,90290,20240322,2024-03-22,422,1138,7,2,159.25,Wrong Configuration
1408,82452,20210424,2021-04-24,597,1168,2,1,51.62,Defect
1409,103055,20240815,2024-08-15,1093,1013,5,7,6472.06,Other
1410,64291,20240218,2024-02-18,411,1186,6,15,2901.21,Defect
1411,113071,20220218,2022-02-18,773,1041,5,27,7435.83,Customer Cancellation
1412,43494,20221115,2022-11-15,252,1135,9,5,350.67,Wrong Configuration
1413,56525,20241020,2024-10-20,818,1097,8,2,1249.01,Defect
1414,33397,20230905,2023-09-05,122,1029,2,16,9175.81,Defect
1415,25505,20221112,2022-11-12,395,1027,8,15,6258.54,Customer Cancellation
1416,30665,20250515,2025-05-15,673,1108,6,2,3498.12,Defect
1417,49792,20241028,2024-10-28,901,1168,9,5,250.78,Defect
1418,60648,20240604,2024-06-04,1093,1032,5,1,611.36,Wrong Configuration
1419,15767,20231222,2023-12-22,57,1060,7,2,309.58,Shipping Damage
1420,108427,20210106,2021-01-06,1191,1177,9,1,42.15,Shipping Damage
1421,79126,20250725,2025-07-25,410,1069,9,28,5015.8,Customer Cancellation
1422,2539,20241101,2024-11-01,956,1039,4,7,5165.71,Other
1423,62756,20250315,2025-03-15,616,1157,9,1,874.51,Other
1424,57450,20251215,2025-12-15,306,1067,6,1,209.41,Defect
1425,91460,20220507,2022-05-07,389,1058,1,4,1893.0,Defect
1426,19806,20230717,2023-07-17,297,1066,1,32,4524.56,Defect
1427,81208,20241001,2024-10-01,244,1173,3,1,52.6,Defect
1428,34691,20250520,2025-05-20,137,1008,2,2,1684.0,Defect
1429,35909,20240118,2024-01-18,249,1032,1,2,1205.41,Defect
1430,44708,20240303,2024-03-03,468,1181,5,10,2057.95,Wrong Configuration
1431,14121,20231129,2023-11-29,813,1196,3,31,5275.25,Defect
1432,63050,20210929,2021-09-29,921,1198,5,32,5712.21,Customer Cancellation
1433,22916,20251126,2025-11-26,552,1185,1,2,580.04,Customer Cancellation
1434,71393,20230314,2023-03-14,1165,1119,1,2,2876.22,Shipping Damage
1435,81740,20210819,2021-08-19,759,1106,2,6,7049.83,Wrong Configuration
1436,24371,20251214,2025-12-14,243,1120,3,1,96.3,Customer Cancellation
1437,104597,20251002,2025-10-02,924,1174,6,18,997.56,Shipping Damage
1438,788,20210313,2021-03-13,456,1032,2,7,3600.6,Defect
1439,102182,20230305,2023-03-05,244,1160,3,3,259.89,Wrong Configuration
1440,25513,20250417,2025-04-17,185,1161,9,46,2290.12,Other
1441,50002,20210516,2021-05-16,772,1082,3,4,3112.48,Wrong Configuration
1442,2321,20230710,2023-07-10,1154,1171,1,4,200.68,Wrong Configuration
1443,62297,20211006,2021-10-06,858,1020,6,3,1418.22,Customer Cancellation
1444,36203,20240723,2024-07-23,389,1110,1,2,3227.81,Defect
1445,102885,20211229,2021-12-29,1094,1128,7,1,53.7,Wrong Configuration
1446,104783,20230825,2023-08-25,1032,1004,1,19,14761.47,Wrong Configuration
1447,58624,20250210,2025-02-10,704,1196,1,1,233.48,Shipping Damage
1448,18413,20210324,2021-03-24,1108,1065,2,2,257.85,Wrong Configuration
1449,67182,20250521,2025-05-21,97,1095,8,1,590.79,Customer Cancellation
1450,107361,20251109,2025-11-09,630,1064,3,14,2690.55,Wrong Configuration
1451,115019,20220304,2022-03-04,344,1128,6,4,229.74,Defect
1452,47808,20240203,2024-02-03,459,1061,6,13,1635.93,Defect
1453,18743,20211023,2021-10-23,1127,1055,3,17,6999.96,Customer Cancellation
1454,53794,20210607,2021-06-07,244,1167,3,2,102.91,Wrong Configuration
1455,96989,20250705,2025-07-05,259,1060,2,15,2327.43,Customer Cancellation
1456,80687,20220625,2022-06-25,863,1168,6,4,235.08,Wrong Configuration
1457,18272,20230701,2023-07-01,1012,1074,2,3,306.46,Customer Cancellation
1458,46277,20220113,2022-01-13,949,1156,4,15,5744.23,Customer Cancellation
1459,42169,20220128,2022-01-28,1156,1068,1,18,2461.07,Defect
1460,23728,20250127,2025-01-27,935,1193,9,10,2150.66,Shipping Damage
1461,74170,20241224,2024-12-24,773,1173,5,6,286.21,Defect
1462,55329,20250415,2025-04-15,1158,1126,6,3,197.22,Shipping Damage
1463,25078,20250728,2025-07-28,318,1090,6,3,1969.56,Defect
1464,68344,20240823,2024-08-23,7,1055,7,5,2257.57,Wrong Configuration
1465,13996,20241207,2024-12-07,290,1030,1,4,2704.3,Wrong Configuration
1466,19981,20251005,2025-10-05,173,1050,6,9,4520.44,Defect
1467,17918,20251102,2025-11-02,421,1162,8,3,233.6,Other
1468,96032,20211012,2021-10-12,106,1066,4,4,539.98,Defect
1469,106850,20240827,2024-08-27,163,1133,8,38,3253.49,Wrong Configuration
1470,49662,20211021,2021-10-21,678,1148,1,21,9636.83,Customer Cancellation
1471,76344,20210627,2021-06-27,559,1077,8,4,518.24,Shipping Damage
1472,112878,20250702,2025-07-02,1122,1097,7,2,1371.05,Defect
1473,6849,20231215,2023-12-15,459,1136,6,13,860.42,Customer Cancellation
1474,8927,20241006,2024-10-06,191,1108,1,3,5285.62,Other
1475,71002,20231030,2023-10-30,1027,1198,5,11,2187.47,Defect
1476,25647,20250921,2025-09-21,1164,1185,9,3,882.1,Other
1477,18766,20251121,2025-11-21,137,1117,2,3,3293.44,Wrong Configuration
1478,23746,20210125,2021-01-25,756,1175,2,3,176.96,Defect
1479,118978,20240901,2024-09-01,520,1180,6,4,1019.56,Customer Cancellation
1480,49887,20250118,2025-01-18,459,1173,6,10,549.02,Defect
1481,74795,20251230,2025-12-30,698,1139,1,24,2097.11,Shipping Damage
1482,81761,20250719,2025-07-19,53,1097,8,7,4764.14,Shipping Damage
1483,88408,20251113,2025-11-13,1109,1162,2,1,67.76,Wrong Configuration
1484,87223,20250727,2025-07-27,354,1097,1,8,4848.73,Defect
1485,448,20210907,2021-09-07,528,1174,5,22,991.89,Customer Cancellation
1486,59457,20231203,2023-12-03,386,1169,4,2,68.34,Defect
1487,14278,20211206,2021-12-06,1044,1157,1,6,4778.1,Customer Cancellation
1488,10300,20251001,2025-10-01,935,1016,9,5,5688.27,Defect
1489,66230,20210330,2021-03-30,1073,1043,5,22,6474.86,Defect
1490,48411,20231120,2023-11-20,415,1177,5,5,223.74,Defect
1491,8769,20220617,2022-06-17,223,1104,9,12,10997.23,Defect
1492,44127,20230624,2023-06-24,1076,1091,1,1,897.08,Defect
1493,10121,20211121,2021-11-21,651,1164,6,1,41.63,Wrong Configuration
1494,71402,20230815,2023-08-15,222,1097,8,6,3779.38,Wrong Configuration
1495,51583,20230713,2023-07-13,153,1055,2,4,1910.98,Defect
1496,38081,20250421,2025-04-21,678,1193,1,4,715.95,Customer Cancellation
1497,23527,20210224,2021-02-24,94,1016,8,7,6420.22,Defect
1498,70110,20231203,2023-12-03,74,1179,8,1,42.1,Customer Cancellation
1499,86918,20220716,2022-07-16,570,1133,6,4,387.3,Shipping Damage
1500,33806,20251127,2025-11-27,275,1092,10,2,2035.93,Customer Cancellation
1501,14039,20220706,2022-07-06,815,1126,3,1,61.95,Customer Cancellation
1502,51140,20231230,2023-12-30,459,1055,6,9,3845.45,Customer Cancellation
1503,24747,20240312,2024-03-12,827,1069,3,4,706.35,Other
1504,27037,20230302,2023-03-02,386,1082,4,9,6502.67,Defect
1505,52438,20210924,2021-09-24,949,1048,4,9,4142.74,Wrong Configuration
1506,51463,20220821,2022-08-21,350,1117,4,13,14719.16,Defect
1507,3031,20250525,2025-05-25,1032,1185,1,6,1401.62,Defect
1508,2624,20241202,2024-12-02,588,1110,8,14,22167.92,Customer Cancellation
1509,652,20250322,2025-03-22,871,1033,1,11,6750.98,Wrong Configuration
1510,39891,20230224,2023-02-24,813,1199,3,14,3070.68,Defect
1511,107803,20220707,2022-07-07,920,1162,1,1,66.79,Other
1512,28439,20240811,2024-08-11,1003,1175,2,3,205.74,Shipping Damage
1513,47885,20230409,2023-04-09,872,1012,4,22,19251.41,Customer Cancellation
1514,115714,20240826,2024-08-26,696,1107,7,8,8998.73,Customer Cancellation
1515,108642,20211117,2021-11-17,1070,1057,7,13,4906.11,Shipping Damage
1516,37869,20231029,2023-10-29,559,1115,8,19,28462.64,Other
1517,19429,20230910,2023-09-10,468,1086,5,2,1519.88,Customer Cancellation
1518,3803,20220417,2022-04-17,798,1104,1,1,841.57,Defect
1519,32095,20240312,2024-03-12,625,1190,4,5,1229.29,Defect
1520,33138,20231201,2023-12-01,981,1097,1,5,3412.04,Shipping Damage
1521,83208,20210129,2021-01-29,265,1069,4,12,1697.14,Defect
1522,7327,20240907,2024-09-07,1177,1007,2,8,7727.18,Defect
1523,25070,20240415,2024-04-15,215,1130,9,6,484.92,Wrong Configuration
1524,21744,20240406,2024-04-06,969,1133,1,6,690.15,Customer Cancellation
1525,72282,20250720,2025-07-20,570,1011,6,17,15793.62,Defect
1526,26622,20240629,2024-06-29,486,1042,1,14,5468.9,Defect
1527,56675,20211014,2021-10-14,537,1034,5,7,3827.66,Wrong Configuration
1528,48207,20240805,2024-08-05,337,1069,1,7,1207.47,Defect
1529,117458,20240523,2024-05-23,528,1130,5,55,4764.43,Defect
1530,67847,20210313,2021-03-13,678,1090,1,7,4618.58,Wrong Configuration
1531,59068,20230516,2023-05-16,867,1077,8,14,1880.67,Customer Cancellation
1532,31403,20210516,2021-05-16,105,1065,1,3,418.89,Defect
1533,41262,20250510,2025-05-10,793,1136,4,20,1311.25,Defect
1534,99799,20230125,2023-01-25,712,1075,8,1,178.93,Customer Cancellation
1535,61918,20230529,2023-05-29,784,1185,6,2,531.8,Defect
1536,111094,20240229,2024-02-29,922,1181,6,18,4054.91,Wrong Configuration
1537,38304,20251017,2025-10-17,7,1171,7,1,52.11,Wrong Configuration
1538,84418,20250215,2025-02-15,1170,1116,6,8,13080.28,Defect
1539,94225,20231028,2023-10-28,613,1177,5,17,598.76,Defect
1540,45868,20240803,2024-08-03,793,1081,4,20,13113.54,Customer Cancellation
1541,69608,20241124,2024-11-24,922,1031,6,22,13618.6,Customer Cancellation
1542,11862,20230220,2023-02-20,592,1065,2,3,416.03,Customer Cancellation
1543,82409,20210415,2021-04-15,146,1114,7,30,41826.64,Customer Cancellation
1544,50911,20251228,2025-12-28,717,1178,5,5,227.66,Shipping Damage
1545,34411,20210617,2021-06-17,823,1014,1,6,7746.11,Defect
1546,48795,20230921,2023-09-21,1027,1077,5,30,3946.64,Defect
1547,100192,20211123,2021-11-23,772,1133,3,4,422.31,Other
1548,88063,20230724,2023-07-24,62,1132,8,3,252.4,Customer Cancellation
1549,18466,20211019,2021-10-19,344,1179,6,5,222.12,Defect
1550,76874,20251021,2025-10-21,954,1032,6,13,7149.76,Shipping Damage
1551,60100,20210721,2021-07-21,376,1059,5,3,1125.09,Wrong Configuration
1552,3103,20210713,2021-07-13,514,1141,1,1,572.35,Customer Cancellation
1553,75967,20230822,2023-08-22,916,1090,3,2,1531.6,Wrong Configuration
1554,42752,20211106,2021-11-06,507,1094,5,1,747.77,Shipping Damage
1555,96656,20240210,2024-02-10,755,1080,1,10,6153.84,Defect
1556,13660,20220103,2022-01-03,1055,1196,2,1,188.03,Customer Cancellation
1557,24084,20220630,2022-06-30,348,1123,6,1,76.53,Defect
1558,73081,20230714,2023-07-14,539,1076,6,2,288.23,Customer Cancellation
1559,77266,20220116,2022-01-16,467,1132,6,16,1156.26,Shipping Damage
1560,12002,20250420,2025-04-20,65,1074,1,27,2721.34,Customer Cancellation
1561,28892,20210610,2021-06-10,1158,1178,6,1,41.26,Other
1562,7165,20230328,2023-03-28,541,1162,3,6,427.22,Wrong Configuration
1563,84758,20211203,2021-12-03,1079,1007,6,8,6872.39,Defect
1564,107871,20210626,2021-06-26,851,1123,4,1,63.76,Defect
1565,56963,20240104,2024-01-04,419,1128,5,2,113.23,Shipping Damage
1566,42621,20250222,2025-02-22,930,1113,1,3,6068.66,Wrong Configuration
1567,79226,20210607,2021-06-07,545,1016,10,6,6260.03,Customer Cancellation
1568,40071,20221023,2022-10-23,944,1067,5,11,1744.57,Shipping Damage
1569,11750,20250218,2025-02-18,1152,1162,6,6,373.42,Defect
1570,2742,20230209,2023-02-09,1079,1112,6,25,29634.95,Customer Cancellation
1571,77145,20221110,2022-11-10,8,1071,10,13,1947.06,Customer Cancellation
1572,59225,20240205,2024-02-05,362,1135,9,7,577.12,Defect
1573,103141,20250119,2025-01-19,578,1072,9,16,3006.22,Defect
1574,23289,20210808,2021-08-08,698,1168,1,5,248.56,Customer Cancellation
1575,26357,20250901,2025-09-01,737,1033,5,1,655.24,Customer Cancellation
1576,37151,20251008,2025-10-08,1014,1027,5,8,4301.94,Defect
1577,71082,20221123,2022-11-23,951,1173,6,108,5114.2,Defect
1578,98294,20220822,2022-08-22,563,1111,1,3,4130.19,Defect
1579,67330,20240528,2024-05-28,979,1031,10,24,13604.75,Wrong Configuration
1580,17775,20230128,2023-01-28,511,1020,7,9,4381.47,Defect
1581,93216,20221226,2022-12-26,1045,1135,1,1,89.88,Wrong Configuration
1582,86576,20251203,2025-12-03,971,1136,6,11,870.09,Defect
1583,19767,20221126,2022-11-26,357,1068,8,13,1907.59,Defect
1584,66719,20250621,2025-06-21,668,1055,8,34,14205.68,Customer Cancellation
1585,100033,20240101,2024-01-01,1055,1003,2,3,3391.54,Shipping Damage
1586,102325,20210528,2021-05-28,1127,1036,3,30,14087.14,Customer Cancellation
1587,53433,20241108,2024-11-08,310,1112,7,7,10484.78,Defect
1588,117420,20210505,2021-05-05,1011,1163,1,4,170.11,Defect
1589,96892,20221114,2022-11-14,553,1194,1,4,1176.14,Customer Cancellation
1590,128,20231019,2023-10-19,186,1034,1,10,5711.24,Wrong Configuration
1591,107501,20220717,2022-07-17,835,1046,6,1,497.42,Defect
1592,29232,20211112,2021-11-12,1103,1173,4,10,453.45,Other
1593,74943,20220919,2022-09-19,711,1053,2,15,5548.6,Defect
1594,9060,20220214,2022-02-14,513,1101,8,30,32770.5,Customer Cancellation
1595,17318,20251126,2025-11-26,1043,1155,2,27,16262.19,Customer Cancellation
1596,29090,20250730,2025-07-30,1103,1190,4,3,690.74,Wrong Configuration
1597,62306,20251202,2025-12-02,81,1109,4,2,2445.58,Customer Cancellation
1598,52224,20240529,2024-05-29,1020,1184,4,4,662.22,Wrong Configuration
1599,93204,20220608,2022-06-08,929,1043,2,4,1230.66,Defect
1600,118141,20251209,2025-12-09,511,1139,7,14,1239.93,Defect
1601,2063,20241012,2024-10-12,1066,1199,1,1,265.3,Defect
1602,12548,20241027,2024-10-27,929,1153,2,2,1404.2,Wrong Configuration
1603,22769,20220706,2022-07-06,872,1177,4,2,75.54,Wrong Configuration
1604,88003,20240313,2024-03-13,1133,1039,10,10,6077.88,Defect
1605,13196,20210908,2021-09-08,778,1166,6,9,577.83,Defect
1606,55560,20221210,2022-12-10,301,1054,1,7,3021.78,Customer Cancellation
1607,39014,20250426,2025-04-26,569,1119,3,8,11947.92,Defect
1608,51471,20240624,2024-06-24,176,1081,3,18,12869.2,Defect
1609,21906,20210219,2021-02-19,1052,1100,1,1,1362.21,Defect
1610,49363,20250825,2025-08-25,953,1183,8,1,180.84,Wrong Configuration
1611,94674,20250628,2025-06-28,1191,1193,9,2,443.92,Wrong Configuration
1612,42097,20251116,2025-11-16,282,1105,2,7,14352.18,Customer Cancellation
1613,108753,20221008,2022-10-08,516,1051,8,3,1086.27,Wrong Configuration
1614,65633,20251101,2025-11-01,1152,1117,6,26,27593.54,Defect
1615,12061,20250118,2025-01-18,1032,1141,1,21,13247.45,Shipping Damage
1616,12092,20250804,2025-08-04,577,1108,10,3,5476.25,Customer Cancellation
1617,64370,20250122,2025-01-22,218,1077,2,6,847.53,Customer Cancellation
1618,5179,20230722,2023-07-22,250,1023,6,7,3857.19,Wrong Configuration
1619,53672,20250119,2025-01-19,378,1196,7,1,216.63,Other
1620,107072,20230607,2023-06-07,164,1164,9,5,223.47,Wrong Configuration
1621,114028,20210708,2021-07-08,11,1076,1,3,416.56,Shipping Damage
1622,68390,20250520,2025-05-20,1028,1071,5,5,645.0,Wrong Configuration
1623,33498,20250209,2025-02-09,760,1058,4,12,7222.67,Wrong Configuration
1624,96087,20211216,2021-12-16,828,1101,1,10,11340.48,Shipping Damage
1625,5549,20241027,2024-10-27,849,1024,5,7,3669.02,Wrong Configuration
1626,93236,20250121,2025-01-21,1156,1126,1,11,738.75,Wrong Configuration
1627,92262,20220611,2022-06-11,1122,1184,7,7,1052.81,Wrong Configuration
1628,20574,20230417,2023-04-17,725,1055,5,12,5275.98,Other
1629,72531,20230920,2023-09-20,867,1174,8,2,104.11,Defect
1630,47475,20240828,2024-08-28,728,1167,5,1,57.92,Other
1631,84049,20251005,2025-10-05,29,1004,4,1,940.92,Wrong Configuration
1632,73355,20230712,2023-07-12,741,1129,2,1,70.82,Customer Cancellation
1633,98638,20250712,2025-07-12,574,1103,7,1,1991.56,Defect
1634,27540,20221023,2022-10-23,359,1122,1,3,249.74,Customer Cancellation
1635,41273,20231011,2023-10-11,623,1020,1,9,4563.12,Other
1636,96601,20210304,2021-03-04,712,1109,8,2,2447.26,Wrong Configuration
1637,105535,20230220,2023-02-20,975,1170,3,12,822.66,Wrong Configuration
1638,69862,20230805,2023-08-05,1151,1036,2,1,594.23,Other
1639,97929,20231228,2023-12-28,714,1096,5,19,16952.07,Other
1640,67860,20230713,2023-07-13,482,1028,4,1,476.72,Shipping Damage
1641,93159,20230225,2023-02-25,469,1034,1,2,1189.1,Wrong Configuration
1642,76076,20211013,2021-10-13,363,1008,10,3,2179.5,Defect
1643,63,20241020,2024-10-20,149,1114,8,47,55523.26,Shipping Damage
1644,93008,20230310,2023-03-10,743,1095,1,2,1059.6,Customer Cancellation
1645,35084,20220627,2022-06-27,379,1120,3,5,370.24,Wrong Configuration
1646,12284,20220518,2022-05-18,8,1025,10,10,6818.14,Shipping Damage
1647,114627,20240924,2024-09-24,974,1182,8,16,3687.61,Wrong Configuration
1648,33048,20220413,2022-04-13,605,1144,6,1,602.1,Shipping Damage
1649,114369,20220316,2022-03-16,771,1055,1,4,1630.21,Defect
1650,45301,20251009,2025-10-09,466,1105,6,2,2959.57,Defect
1651,38630,20250204,2025-02-04,616,1097,9,4,2657.92,Defect
1652,79297,20250619,2025-06-19,238,1077,4,2,331.92,Shipping Damage
1653,115827,20210217,2021-02-17,216,1077,1,1,149.92,Defect
1654,82010,20221125,2022-11-25,1020,1015,4,14,11457.05,Wrong Configuration
1655,89217,20240610,2024-06-10,1014,1009,5,5,4304.3,Defect
1656,47074,20230918,2023-09-18,615,1015,6,1,842.7,Other
1657,6185,20230511,2023-05-11,787,1042,10,2,842.17,Shipping Damage
1658,7216,20210728,2021-07-28,1051,1186,4,29,5544.39,Defect
1659,55937,20220904,2022-09-04,539,1028,6,7,3354.89,Defect
1660,10202,20250808,2025-08-08,606,1166,1,10,647.01,Wrong Configuration
1661,59842,20250216,2025-02-16,298,1134,10,2,175.58,Wrong Configuration
1662,38996,20220223,2022-02-23,440,1044,2,12,4464.72,Customer Cancellation
1663,105166,20240324,2024-03-24,173,1176,6,29,1598.78,Wrong Configuration
1664,102418,20250623,2025-06-23,1138,1050,8,2,1106.84,Wrong Configuration
1665,10026,20230518,2023-05-18,282,1043,2,10,3505.53,Wrong Configuration
1666,35599,20210701,2021-07-01,545,1045,10,10,4360.32,Wrong Configuration
1667,99886,20251020,2025-10-20,71,1126,10,2,112.91,Wrong Configuration
1668,113307,20240202,2024-02-02,1196,1180,2,325,96445.23,Defect
1669,104637,20240331,2024-03-31,410,1036,9,22,13023.12,Customer Cancellation
1670,65999,20220929,2022-09-29,153,1033,2,5,2795.97,Wrong Configuration
1671,28994,20250617,2025-06-17,816,1004,7,7,6088.05,Defect
1672,34108,20210307,2021-03-07,112,1024,8,18,9217.87,Defect
1673,65414,20221102,2022-11-02,1041,1186,4,9,2011.54,Customer Cancellation
1674,15602,20231029,2023-10-29,1106,1076,6,3,443.89,Defect
1675,94463,20211208,2021-12-08,572,1077,2,3,344.64,Shipping Damage
1676,85215,20221106,2022-11-06,35,1090,3,8,5382.54,Customer Cancellation
1677,115182,20230415,2023-04-15,760,1071,4,8,1195.25,Customer Cancellation
1678,17294,20211013,2021-10-13,288,1065,1,4,516.65,Wrong Configuration
1679,45145,20250828,2025-08-28,1049,1095,4,3,1825.11,Shipping Damage
1680,108716,20251017,2025-10-17,409,1138,5,15,1192.44,Shipping Damage
1681,4569,20231107,2023-11-07,950,1029,9,11,6664.73,Customer Cancellation
1682,10697,20221021,2022-10-21,689,1130,1,24,2027.13,Shipping Damage
1683,75245,20240612,2024-06-12,1036,1197,9,3,692.14,Wrong Configuration
1684,90253,20240226,2024-02-26,511,1122,7,9,651.92,Defect
1685,61093,20240807,2024-08-07,1113,1051,1,3,1284.84,Defect
1686,48904,20210928,2021-09-28,519,1156,1,6,3090.73,Defect
1687,57671,20251001,2025-10-01,411,1013,6,78,77477.94,Wrong Configuration
1688,14986,20211126,2021-11-26,1016,1067,2,8,1425.92,Shipping Damage
1689,12480,20210115,2021-01-15,1105,1032,2,10,4323.73,Wrong Configuration
1690,78090,20230731,2023-07-31,115,1064,6,5,1060.67,Defect
1691,60461,20220224,2022-02-24,845,1103,2,20,33088.3,Defect
1692,35856,20210823,2021-08-23,926,1095,1,22,8933.1,Shipping Damage
1693,109601,20210810,2021-08-10,254,1030,6,51,26651.08,Defect
1694,56818,20251214,2025-12-14,409,1128,5,14,802.32,Wrong Configuration
1695,24142,20220530,2022-05-30,130,1042,6,4,1434.76,Other
1696,114095,20220502,2022-05-02,401,1149,4,4,3108.55,Shipping Damage
1697,105399,20240112,2024-01-12,362,1054,9,3,1636.9,Defect
1698,107841,20241116,2024-11-16,645,1004,9,1,865.94,Wrong Configuration
1699,414,20221110,2022-11-10,714,1179,5,13,445.19,Defect
1700,5465,20220215,2022-02-15,670,1059,5,4,1385.35,Wrong Configuration
1701,39886,20251027,2025-10-27,17,1143,1,20,14888.57,Wrong Configuration
1702,116620,20241123,2024-11-23,950,1172,9,6,306.92,Other
1703,115639,20241116,2024-11-16,782,1075,9,44,6730.68,Customer Cancellation
1704,79847,20220108,2022-01-08,981,1131,1,4,395.62,Defect
1705,7157,20210121,2021-01-21,1173,1133,5,1,90.89,Defect
1706,30128,20251007,2025-10-07,842,1176,1,5,347.9,Shipping Damage
1707,119355,20230911,2023-09-11,508,1098,10,2,1035.59,Customer Cancellation
1708,95340,20240725,2024-07-25,196,1057,8,2,947.54,Defect
1709,38814,20251015,2025-10-15,778,1106,6,5,7192.05,Other
1710,111911,20211102,2021-11-02,231,1123,1,19,991.78,Shipping Damage
1711,57117,20250524,2025-05-24,697,1001,1,56,39039.5,Wrong Configuration
1712,117147,20220717,2022-07-17,257,1065,2,22,3018.32,Wrong Configuration
1713,15986,20210329,2021-03-29,8,1095,10,16,7894.67,Wrong Configuration
1714,36503,20221220,2022-12-20,136,1196,9,1,201.0,Defect
1715,80768,20241007,2024-10-07,569,1150,3,18,12253.66,Defect
1716,113612,20250419,2025-04-19,687,1198,3,19,4607.16,Wrong Configuration
1717,102552,20230312,2023-03-12,222,1010,8,3,2713.34,Other
1718,116855,20250905,2025-09-05,838,1149,2,1,769.26,Customer Cancellation
1719,119956,20240522,2024-05-22,20,1012,4,12,12309.54,Other
1720,35055,20210407,2021-04-07,871,1014,1,2,2239.59,Wrong Configuration
1721,54273,20231020,2023-10-20,116,1174,1,21,1116.92,Customer Cancellation
1722,58364,20211129,2021-11-29,123,1197,2,1,221.32,Defect
1723,73809,20221223,2022-12-23,698,1177,1,23,889.89,Defect
1724,53713,20210717,2021-07-17,265,1038,4,8,4563.84,Defect
1725,17497,20250130,2025-01-30,413,1008,1,12,9869.41,Defect
1726,88754,20211218,2021-12-18,563,1080,1,13,7814.85,Shipping Damage
1727,104357,20250506,2025-05-06,259,1067,2,7,1240.72,Shipping Damage
1728,53775,20231002,2023-10-02,1075,1135,4,22,1640.71,Customer Cancellation
1729,71910,20230708,2023-07-08,678,1161,1,7,427.66,Defect
1730,110586,20220603,2022-06-03,940,1178,3,9,331.5,Customer Cancellation
1731,28628,20250530,2025-05-30,262,1151,9,5,3000.38,Customer Cancellation
1732,53934,20220901,2022-09-01,678,1002,1,30,23550.63,Wrong Configuration
1733,83581,20250416,2025-04-16,1097,1145,6,1,791.35,Customer Cancellation
1734,62883,20220510,2022-05-10,499,1130,3,5,371.42,Customer Cancellation
1735,95037,20221217,2022-12-17,478,1090,5,1,747.96,Wrong Configuration
1736,70637,20220427,2022-04-27,157,1056,1,13,4559.55,Customer Cancellation
1737,86294,20240203,2024-02-03,852,1139,1,1,93.84,Wrong Configuration
1738,19266,20220222,2022-02-22,232,1099,4,18,13006.32,Customer Cancellation
1739,115214,20230316,2023-03-16,607,1064,1,7,1186.56,Customer Cancellation
1740,24677,20250706,2025-07-06,643,1081,4,10,7007.55,Wrong Configuration
1741,21600,20210617,2021-06-17,964,1085,5,1,811.29,Customer Cancellation
1742,106479,20230917,2023-09-17,578,1040,9,22,7643.74,Wrong Configuration
1743,11889,20211108,2021-11-08,1122,1007,7,11,9594.16,Other
1744,22998,20220827,2022-08-27,417,1135,1,12,914.1,Customer Cancellation
1745,19244,20210709,2021-07-09,55,1088,4,17,15975.78,Shipping Damage
1746,96017,20211127,2021-11-27,282,1174,2,6,331.76,Defect
1747,34352,20250818,2025-08-18,660,1087,3,6,3294.32,Shipping Damage
1748,56707,20240203,2024-02-03,1122,1013,7,13,11253.85,Defect
1749,19816,20241209,2024-12-09,179,1111,4,9,13093.65,Other
1750,26564,20230509,2023-05-09,224,1164,9,18,603.23,Customer Cancellation
1751,67812,20230426,2023-04-26,235,1106,6,1,1353.45,Wrong Configuration
1752,34778,20241108,2024-11-08,121,1031,10,32,16306.2,Defect
1753,32238,20220603,2022-06-03,816,1187,7,1,326.36,Wrong Configuration
1754,87375,20240814,2024-08-14,96,1156,1,21,11232.57,Other
1755,108395,20220222,2022-02-22,302,1109,1,1,1370.7,Wrong Configuration
1756,56568,20251116,2025-11-16,11,1133,1,10,1116.71,Wrong Configuration
1757,54777,20250131,2025-01-31,899,1002,1,1,972.37,Wrong Configuration
1758,73818,20220629,2022-06-29,1167,1079,6,2,347.13,Customer Cancellation
1759,62378,20250831,2025-08-31,960,1130,2,4,354.26,Defect
1760,3866,20230707,2023-07-07,802,1117,2,14,14486.33,Defect
1761,31989,20230321,2023-03-21,222,1058,8,7,3637.4,Defect
1762,14030,20221130,2022-11-30,218,1099,2,1,732.36,Defect
1763,105444,20240210,2024-02-10,340,1001,6,10,8300.54,Wrong Configuration
1764,9562,20240518,2024-05-18,220,1147,6,2,1441.67,Defect
1765,950,20240101,2024-01-01,511,1161,7,4,217.48,Shipping Damage
1766,46081,20241202,2024-12-02,284,1129,5,4,248.65,Customer Cancellation
1767,113097,20240905,2024-09-05,910,1092,6,15,13738.95,Wrong Configuration
1768,329,20241107,2024-11-07,501,1112,5,59,91033.28,Wrong Configuration
1769,60771,20211106,2021-11-06,541,1055,3,3,1288.51,Other
1770,65629,20211118,2021-11-18,28,1126,1,10,542.32,Other
1771,107067,20230317,2023-03-17,572,1091,2,9,6316.75,Defect
1772,100957,20220303,2022-03-03,688,1087,9,10,5391.51,Shipping Damage
1773,57072,20211119,2021-11-19,430,1185,5,19,3960.05,Wrong Configuration
1774,1450,20220209,2022-02-09,401,1019,4,5,4357.78,Wrong Configuration
1775,61348,20210205,2021-02-05,411,1150,6,3,1569.91,Other
1776,53478,20241106,2024-11-06,1003,1189,2,4,1178.59,Defect
1777,37557,20230917,2023-09-17,87,1037,10,3,1820.98,Shipping Damage
1778,74038,20250331,2025-03-31,474,1199,1,8,1947.13,Other
1779,106355,20251007,2025-10-07,1007,1123,1,3,236.43,Shipping Damage
1780,43884,20251002,2025-10-02,940,1010,3,3,2518.04,Shipping Damage
1781,75274,20251018,2025-10-18,1150,1157,4,16,14851.18,Customer Cancellation
1782,28922,20230331,2023-03-31,923,1099,8,11,8496.83,Customer Cancellation
1783,21745,20250927,2025-09-27,539,1065,6,5,811.22,Defect
1784,69899,20251208,2025-12-08,893,1180,4,1,287.86,Other
1785,36239,20240919,2024-09-19,660,1036,3,4,2257.54,Wrong Configuration
1786,49329,20220526,2022-05-26,926,1153,1,18,10744.94,Defect
1787,109977,20221118,2022-11-18,474,1060,1,8,1136.23,Defect
1788,19733,20220119,2022-01-19,630,1135,3,6,443.07,Shipping Damage
1789,50839,20210516,2021-05-16,650,1199,2,4,850.93,Shipping Damage
1790,26395,20211215,2021-12-15,752,1018,10,25,21608.07,Defect
1791,117659,20250709,2025-07-09,123,1074,2,3,368.83,Other
1792,28279,20230705,2023-07-05,829,1109,2,1,1327.33,Other
1793,29335,20240624,2024-06-24,1129,1048,1,1,547.56,Wrong Configuration
1794,57835,20240824,2024-08-24,164,1023,9,3,1855.17,Customer Cancellation
1795,80449,20231006,2023-10-06,420,1100,1,4,5034.92,Customer Cancellation
1796,93889,20250226,2025-02-26,295,1118,10,9,12395.99,Customer Cancellation
1797,45678,20250918,2025-09-18,759,1181,2,17,4023.96,Customer Cancellation
1798,12177,20220412,2022-04-12,688,1042,9,12,4512.55,Shipping Damage
1799,78167,20220331,2022-03-31,1075,1004,4,9,6894.02,Wrong Configuration
1800,47529,20240926,2024-09-26,521,1074,8,6,733.39,Defect
1801,52206,20240329,2024-03-29,232,1040,4,16,6194.55,Defect
1802,28840,20240122,2024-01-22,729,1025,2,3,2386.78,Wrong Configuration
1803,3114,20210809,2021-08-09,926,1123,1,14,803.1,Wrong Configuration
1804,10659,20241019,2024-10-19,112,1164,8,11,449.76,Other
1805,100925,20220201,2022-02-01,725,1024,5,11,5372.39,Other
1806,114499,20240823,2024-08-23,490,1003,4,6,6518.79,Defect
1807,71554,20220618,2022-06-18,231,1129,1,5,287.55,Shipping Damage
1808,9342,20241003,2024-10-03,1063,1066,6,25,3738.2,Defect
1809,73015,20241101,2024-11-01,578,1095,9,17,9890.61,Defect
1810,110859,20220527,2022-05-27,265,1121,4,3,223.66,Shipping Damage
1811,57654,20230801,2023-08-01,849,1012,5,6,5516.01,Wrong Configuration
1812,107285,20250506,2025-05-06,566,1099,6,4,3564.0,Wrong Configuration
1813,94234,20230927,2023-09-27,896,1174,7,6,303.81,Wrong Configuration
1814,25375,20241030,2024-10-30,1116,1021,2,1,631.53,Customer Cancellation
1815,25058,20230528,2023-05-28,1052,1058,1,1,517.39,Wrong Configuration
1816,59724,20230714,2023-07-14,403,1121,4,3,257.8,Defect
1817,20598,20210220,2021-02-20,891,1014,6,6,6683.11,Defect
1818,58629,20240727,2024-07-27,689,1047,1,10,5504.47,Customer Cancellation
1819,52307,20231218,2023-12-18,278,1096,2,26,21143.15,Defect
1820,877,20251015,2025-10-15,285,1008,6,2,1897.05,Defect
1821,39615,20241230,2024-12-30,722,1178,8,9,400.14,Shipping Damage
1822,48963,20230417,2023-04-17,983,1110,7,1,1562.58,Defect
1823,58060,20220914,2022-09-14,1032,1118,1,8,10815.25,Defect
1824,66343,20231112,2023-11-12,253,1113,2,4,6203.46,Other
1825,119353,20250824,2025-08-24,148,1128,1,2,125.89,Wrong Configuration
1826,93043,20240204,2024-02-04,1166,1005,3,2,1512.75,Defect
1827,94060,20251025,2025-10-25,1025,1023,6,7,4526.36,Defect
1828,551,20240123,2024-01-23,343,1136,5,1,80.71,Defect
1829,31244,20240131,2024-01-31,592,1003,2,20,19692.58,Customer Cancellation
1830,96814,20221024,2022-10-24,701,1038,6,4,2077.6,Wrong Configuration
1831,76634,20250808,2025-08-08,687,1091,3,8,7296.78,Shipping Damage
1832,31414,20231208,2023-12-08,592,1009,2,12,10056.96,Shipping Damage
1833,59397,20250514,2025-05-14,930,1021,1,3,2225.98,Customer Cancellation
1834,69674,20250212,2025-02-12,782,1085,9,22,16419.48,Defect
1835,2272,20240815,2024-08-15,719,1105,1,2,2761.43,Defect
1836,17681,20250505,2025-05-05,1148,1176,8,2,133.05,Customer Cancellation
1837,8093,20250723,2025-07-23,110,1003,10,4,4296.06,Defect
1838,82330,20250315,2025-03-15,559,1094,8,22,20312.2,Defect
1839,89690,20251219,2025-12-19,545,1101,10,11,15024.07,Wrong Configuration
1840,62456,20220223,2022-02-23,772,1164,3,1,47.5,Other
1841,33061,20230825,2023-08-25,437,1122,5,2,156.28,Wrong Configuration
1842,108009,20210909,2021-09-09,179,1163,4,8,324.11,Wrong Configuration
1843,77473,20250223,2025-02-23,246,1018,4,4,4415.94,Wrong Configuration
1844,85968,20250913,2025-09-13,565,1054,2,1,556.52,Wrong Configuration
1845,22754,20240522,2024-05-22,70,1146,1,14,8036.78,Defect
1846,25768,20230427,2023-04-27,542,1060,8,25,3612.8,Defect
1847,31201,20210531,2021-05-31,851,1167,4,1,48.75,Defect
1848,10502,20211218,2021-12-18,235,1139,6,5,456.48,Defect
1849,117235,20210911,2021-09-11,592,1164,2,9,337.61,Other
1850,36806,20241015,2024-10-15,13,1003,2,4,4362.56,Shipping Damage
1851,42267,20210610,2021-06-10,288,1018,1,1,1031.39,Shipping Damage
1852,85869,20250709,2025-07-09,1164,1037,9,4,2162.04,Defect
1853,42219,20211025,2021-10-25,1197,1157,3,14,8143.22,Shipping Damage
1854,74279,20211030,2021-10-30,630,1075,3,4,610.78,Defect
1855,61163,20211030,2021-10-30,689,1048,1,6,2681.19,Shipping Damage
1856,85371,20250416,2025-04-16,872,1115,4,3,5000.67,Defect
1857,85516,20221003,2022-10-03,114,1060,2,2,290.5,Customer Cancellation
1858,85401,20250501,2025-05-01,340,1155,6,19,10282.38,Defect
1859,77705,20231103,2023-11-03,752,1038,10,28,15148.65,Other
1860,35603,20210121,2021-01-21,559,1101,8,6,6503.88,Wrong Configuration
1861,82837,20250731,2025-07-31,459,1032,6,3,1561.02,Customer Cancellation
1862,75306,20241121,2024-11-21,1127,1094,3,7,4555.19,Shipping Damage
1863,29983,20251113,2025-11-13,213,1199,1,6,1378.83,Customer Cancellation
1864,79814,20230515,2023-05-15,275,1063,10,15,2927.01,Shipping Damage
1865,9938,20240411,2024-04-11,96,1119,1,1,1266.78,Wrong Configuration
1866,89555,20230917,2023-09-17,95,1141,9,12,6576.42,Wrong Configuration
1867,53717,20240426,2024-04-26,136,1084,9,1,654.35,Other
1868,66338,20230925,2023-09-25,337,1139,1,1,96.7,Defect
1869,48347,20240728,2024-07-28,935,1088,9,4,4204.84,Shipping Damage
1870,60786,20251014,2025-10-14,1085,1005,10,1,826.92,Customer Cancellation
1871,49675,20250720,2025-07-20,688,1075,9,9,1481.92,Customer Cancellation
1872,72300,20241218,2024-12-18,541,1159,3,4,2587.54,Wrong Configuration
1873,92819,20240312,2024-03-12,563,1084,1,6,3143.92,Wrong Configuration
1874,114772,20240404,2024-04-04,593,1070,6,6,901.42,Shipping Damage
1875,67460,20240928,2024-09-28,616,1154,9,8,5257.72,Customer Cancellation
1876,14536,20240527,2024-05-27,607,1053,1,18,6254.17,Defect
1877,113211,20230206,2023-02-06,773,1125,5,28,2047.25,Defect
1878,64283,20250811,2025-08-11,415,1192,5,2,498.92,Defect
1879,3696,20241117,2024-11-17,1086,1123,9,27,1955.3,Defect
1880,48971,20220302,2022-03-02,811,1094,6,1,751.34,Wrong Configuration
1881,84174,20240302,2024-03-02,1178,1108,7,6,10576.77,Wrong Configuration
1882,28418,20250128,2025-01-28,763,1013,5,15,13481.22,Shipping Damage
1883,6977,20210826,2021-08-26,321,1171,10,2,108.86,Defect
1884,32850,20210818,2021-08-18,673,1029,6,12,7372.26,Defect
1885,47560,20220705,2022-07-05,793,1195,4,6,911.73,Wrong Configuration
1886,857,20240415,2024-04-15,951,1195,6,10,2318.41,Wrong Configuration
1887,95829,20250512,2025-05-12,573,1088,3,18,18687.25,Shipping Damage
1888,34505,20221004,2022-10-04,621,1120,8,6,484.26,Defect
1889,113810,20220910,2022-09-10,347,1002,1,7,4895.3,Shipping Damage
1890,10645,20251111,2025-11-11,564,1027,9,2,973.81,Customer Cancellation
1891,70357,20220627,2022-06-27,747,1199,6,17,3510.08,Defect
1892,69169,20220725,2022-07-25,421,1030,8,3,1878.79,Defect
1893,115178,20250912,2025-09-12,1160,1034,8,1,722.3,Wrong Configuration
1894,27989,20251114,2025-11-14,977,1046,3,5,2797.04,Defect
1895,19625,20231115,2023-11-15,680,1117,8,6,6584.51,Wrong Configuration
1896,22156,20230226,2023-02-26,760,1072,4,4,700.38,Customer Cancellation
1897,115208,20241229,2024-12-29,1017,1002,8,2,1822.31,Wrong Configuration
1898,55488,20251124,2025-11-24,1063,1183,6,24,3834.53,Other
1899,109550,20220923,2022-09-23,224,1115,9,39,50887.91,Other
1900,24252,20240916,2024-09-16,1082,1183,2,1,188.78,Customer Cancellation
1901,66532,20230924,2023-09-24,316,1196,1,1,203.88,Defect
1902,43345,20231203,2023-12-03,833,1163,3,1,44.6,Shipping Damage
1903,104170,20210512,2021-05-12,627,1013,5,5,3880.32,Shipping Damage
1904,30548,20251204,2025-12-04,752,1131,10,5,483.97,Customer Cancellation
1905,16427,20250427,2025-04-27,1051,1166,4,10,541.66,Defect
1906,17618,20220619,2022-06-19,459,1005,6,15,11279.73,Wrong Configuration
1907,85056,20250806,2025-08-06,133,1078,6,4,1112.54,Wrong Configuration
1908,39642,20211222,2021-12-22,944,1175,5,13,686.88,Shipping Damage
1909,25028,20211107,2021-11-07,724,1089,2,9,5851.73,Shipping Damage
1910,25463,20250407,2025-04-07,226,1137,6,4,300.7,Defect
1911,4294,20250802,2025-08-02,918,1094,1,4,3559.77,Other
1912,95536,20241031,2024-10-31,236,1183,4,1,171.99,Customer Cancellation
1913,74003,20250504,2025-05-04,523,1076,10,21,3274.45,Defect
1914,29609,20251102,2025-11-02,283,1189,5,1,293.75,Defect
1915,92266,20241019,2024-10-19,1086,1174,9,6,293.72,Shipping Damage
1916,118829,20251107,2025-11-07,314,1014,2,2,2835.87,Defect
1917,70049,20220510,2022-05-10,872,1069,4,3,507.14,Customer Cancellation
1918,42445,20250909,2025-09-09,979,1091,10,10,8408.38,Customer Cancellation
1919,118730,20211020,2021-10-20,551,1000,1,10,7023.91,Customer Cancellation
1920,58484,20230216,2023-02-16,259,1164,2,12,514.66,Other
1921,76389,20250404,2025-04-04,395,1019,8,11,10585.44,Defect
1922,115232,20231021,2023-10-21,569,1012,3,1,1004.72,Shipping Damage
1923,79363,20210118,2021-01-18,1077,1104,9,13,11285.62,Other
1924,91583,20240517,2024-05-17,688,1017,9,9,8519.03,Shipping Damage
1925,42162,20230930,2023-09-30,537,1009,5,2,1617.81,Wrong Configuration
1926,37688,20240202,2024-02-02,645,1054,9,1,554.92,Customer Cancellation
1927,69130,20250113,2025-01-13,786,1181,6,7,1870.47,Wrong Configuration
1928,94997,20211109,2021-11-09,173,1038,6,18,9328.95,Defect
1929,10253,20250401,2025-04-01,409,1046,5,16,8117.19,Defect
1930,113455,20210917,2021-09-17,813,1060,3,20,2535.56,Customer Cancellation
1931,108682,20230125,2023-01-25,1041,1135,4,3,259.07,Customer Cancellation
1932,49330,20230908,2023-09-08,499,1004,3,4,3197.0,Wrong Configuration
1933,25025,20240116,2024-01-16,54,1024,7,1,536.0,Defect
1934,96551,20250619,2025-06-19,208,1097,9,6,3883.9,Shipping Damage
1935,42112,20230613,2023-06-13,678,1029,1,11,6531.7,Defect
1936,49790,20240325,2024-03-25,422,1036,7,3,1814.36,Defect
1937,12276,20250112,2025-01-12,678,1079,1,3,510.9,Defect
1938,73874,20250611,2025-06-11,345,1119,6,7,9828.49,Defect
1939,17931,20220105,2022-01-05,198,1175,6,1,67.28,Defect
1940,27851,20240714,2024-07-14,8,1040,10,2,687.6,Shipping Damage
1941,44903,20240815,2024-08-15,282,1044,2,15,5700.58,Shipping Damage
1942,74553,20241026,2024-10-26,310,1089,7,14,11384.81,Defect
1943,109184,20220806,2022-08-06,1152,1068,6,25,3806.35,Wrong Configuration
1944,102769,20251031,2025-10-31,180,1156,8,5,2511.69,Other
1945,64375,20250621,2025-06-21,978,1075,6,11,1929.59,Defect
1946,112249,20240602,2024-06-02,1028,1196,5,21,3871.02,Customer Cancellation
1947,100450,20210218,2021-02-18,677,1086,10,6,4235.97,Defect
1948,78027,20230327,2023-03-27,959,1053,2,1,379.43,Other
1949,955,20230912,2023-09-12,935,1060,9,1,150.5,Defect
1950,113837,20250811,2025-08-11,956,1115,4,8,14192.35,Shipping Damage
1951,4023,20211224,2021-12-24,862,1014,10,4,4616.77,Shipping Damage
1952,97101,20240120,2024-01-20,278,1135,2,13,970.74,Defect
1953,89156,20231201,2023-12-01,17,1086,1,7,4834.8,Customer Cancellation
1954,109839,20250104,2025-01-04,389,1124,1,21,1792.66,Wrong Configuration
1955,14108,20250908,2025-09-08,1062,1176,4,8,518.84,Customer Cancellation
1956,102461,20230518,2023-05-18,410,1110,9,8,12490.19,Customer Cancellation
1957,99070,20211010,2021-10-10,547,1088,3,1,1000.34,Defect
1958,119977,20230917,2023-09-17,1046,1128,3,12,627.96,Wrong Configuration
1959,49570,20241018,2024-10-18,634,1056,1,44,17042.42,Wrong Configuration
1960,66832,20230504,2023-05-04,1136,1176,1,4,250.17,Wrong Configuration
1961,102189,20211231,2021-12-31,186,1130,1,8,594.83,Wrong Configuration
1962,11752,20220208,2022-02-08,653,1042,9,1,409.94,Wrong Configuration
1963,58616,20251229,2025-12-29,162,1086,2,3,2581.34,Defect
1964,73120,20210212,2021-02-12,1051,1053,4,49,15642.48,Customer Cancellation
1965,104065,20251217,2025-12-17,620,1113,6,14,25116.85,Defect
1966,45755,20250128,2025-01-28,1011,1065,1,1,149.1,Customer Cancellation
1967,111486,20210925,2021-09-25,1122,1180,7,15,3855.27,Wrong Configuration
1968,33392,20210515,2021-05-15,836,1100,1,15,20166.93,Wrong Configuration
1969,39156,20220420,2022-04-20,259,1029,2,9,5445.15,Defect
1970,89922,20251211,2025-12-11,831,1060,4,2,349.63,Customer Cancellation
1971,86866,20240712,2024-07-12,122,1113,2,10,15829.88,Defect
1972,116159,20210920,2021-09-20,220,1011,6,3,2601.68,Customer Cancellation
1973,109923,20211103,2021-11-03,793,1054,4,19,7070.47,Defect
1974,28680,20221030,2022-10-30,82,1055,3,4,1767.97,Other
1975,61512,20240517,2024-05-17,421,1000,8,4,2874.51,Defect
1976,69985,20250710,2025-07-10,92,1003,3,1,1113.16,Defect
1977,5617,20231125,2023-11-25,952,1047,2,3,1675.04,Shipping Damage
1978,64435,20210624,2021-06-24,284,1066,5,13,2171.99,Other
1979,99233,20210807,2021-08-07,762,1009,1,2,1649.88,Defect
1980,65752,20220525,2022-05-25,584,1180,3,5,1171.51,Wrong Configuration
1981,109805,20230127,2023-01-27,345,1138,6,6,447.63,Customer Cancellation
1982,98379,20240225,2024-02-25,1099,1172,4,3,156.51,Wrong Configuration
1983,53860,20220923,2022-09-23,459,1050,6,16,7645.47,Shipping Damage
1984,119228,20231230,2023-12-30,1127,1017,3,6,5186.51,Defect
1985,6076,20250710,2025-07-10,678,1132,1,4,345.42,Defect
1986,82785,20221203,2022-12-03,944,1011,5,19,16155.47,Defect
1987,1117,20220221,2022-02-21,387,1003,7,5,5574.11,Defect
1988,39961,20240629,2024-06-29,533,1193,6,1,204.53,Wrong Configuration
1989,14530,20231125,2023-11-25,467,1181,6,7,1424.04,Defect
1990,79011,20250405,2025-04-05,836,1007,1,16,16836.0,Wrong Configuration
1991,64251,20221001,2022-10-01,411,1171,6,17,791.86,Customer Cancellation
1992,92908,20211018,2021-10-18,1151,1061,2,7,853.62,Customer Cancellation
1993,81474,20241002,2024-10-02,408,1166,4,2,123.52,Customer Cancellation
1994,15882,20221218,2022-12-18,305,1065,8,5,769.96,Shipping Damage
1995,99824,20221213,2022-12-13,702,1130,3,27,1929.08,Defect
1996,29067,20220513,2022-05-13,417,1017,1,6,4716.92,Wrong Configuration
1997,108759,20250206,2025-02-06,8,1129,10,15,1035.6,Defect
1998,116530,20210804,2021-08-04,944,1037,5,28,14701.37,Defect
1999,50555,20220816,2022-08-16,173,1127,6,28,2026.73,Shipping Damage
2000,66827,20240607,2024-06-07,1105,1125,2,16,1215.04,Wrong Configuration
2001,79481,20220805,2022-08-05,926,1126,1,14,705.2,Shipping Damage
2002,1764,20250226,2025-02-26,125,1012,3,6,6132.05,Other
2003,90866,20211017,2021-10-17,41,1150,4,8,4766.39,Shipping Damage
2004,20082,20220612,2022-06-12,445,1181,3,18,3199.76,Defect
2005,12187,20210304,2021-03-04,607,1056,1,44,14827.87,Other
2006,112436,20251210,2025-12-10,467,1112,6,20,30432.84,Customer Cancellation
2007,66435,20230823,2023-08-23,403,1147,4,3,2213.74,Customer Cancellation
2008,90011,20230322,2023-03-22,132,1091,4,1,860.36,Shipping Damage
2009,49765,20230122,2023-01-22,772,1091,3,11,9271.28,Defect
2010,35367,20210202,2021-02-02,151,1121,1,5,338.4,Wrong Configuration
2011,21432,20230624,2023-06-24,259,1007,2,12,11428.11,Other
2012,92112,20240826,2024-08-26,733,1038,1,5,2777.23,Other
2013,109034,20230817,2023-08-17,467,1186,6,7,1393.75,Defect
2014,73113,20241118,2024-11-18,95,1139,9,33,2629.15,Other
2015,67766,20221020,2022-10-20,130,1066,6,7,979.68,Other
2016,114885,20220302,2022-03-02,1111,1049,6,2,681.74,Defect
2017,70849,20210817,2021-08-17,14,1004,1,1,792.8,Customer Cancellation
2018,107055,20221027,2022-10-27,1095,1009,6,1,895.12,Defect
2019,67196,20250516,2025-05-16,1158,1193,6,6,1181.25,Defect
2020,70083,20210720,2021-07-20,786,1102,6,4,5051.03,Defect
2021,60139,20240424,2024-04-24,411,1135,6,44,3346.77,Other
2022,2286,20241216,2024-12-16,354,1128,1,9,426.5,Customer Cancellation
2023,104053,20220513,2022-05-13,944,1038,5,10,5496.04,Defect
2024,56403,20231204,2023-12-04,82,1070,3,5,773.65,Shipping Damage
2025,54508,20250708,2025-07-08,1058,1163,8,4,192.12,Defect
2026,20334,20230725,2023-07-25,1073,1004,5,11,8531.98,Defect
2027,57247,20230113,2023-01-13,1135,1033,2,10,5259.0,Customer Cancellation
2028,36250,20250925,2025-09-25,1091,1186,6,1,250.1,Defect
2029,93163,20250415,2025-04-15,496,1092,3,23,21948.12,Other
2030,81725,20240930,2024-09-30,77,1063,5,6,1146.78,Customer Cancellation
2031,19560,20210911,2021-09-11,560,1128,1,5,267.34,Defect
2032,47500,20230418,2023-04-18,942,1051,1,1,393.76,Wrong Configuration
2033,64634,20211013,2021-10-13,885,1177,7,7,278.93,Defect
2034,44577,20251001,2025-10-01,1014,1070,5,3,473.81,Wrong Configuration
2035,10103,20231208,2023-12-08,922,1123,6,18,1299.39,Defect
2036,83778,20231023,2023-10-23,114,1063,2,4,730.59,Defect
2037,71825,20210206,2021-02-06,633,1077,1,2,302.27,Defect
2038,106024,20210210,2021-02-10,584,1010,3,11,8096.83,Wrong Configuration
2039,6764,20241211,2024-12-11,584,1102,3,30,37385.45,Wrong Configuration
2040,115025,20210401,2021-04-01,259,1198,2,9,1590.85,Defect
2041,63688,20250401,2025-04-01,409,1046,5,35,19795.16,Defect
2042,54023,20230713,2023-07-13,1103,1138,4,3,239.26,Defect
2043,12623,20240328,2024-03-28,488,1038,1,1,576.16,Defect
2044,101564,20250528,2025-05-28,1077,1076,9,4,616.59,Defect
2045,6538,20240325,2024-03-25,58,1195,8,21,4220.48,Defect
2046,36733,20231007,2023-10-07,459,1194,6,10,2673.91,Wrong Configuration
2047,46406,20240805,2024-08-05,77,1180,5,1,264.02,Defect
2048,66597,20220524,2022-05-24,569,1148,3,12,6461.25,Defect
2049,15693,20230116,2023-01-16,226,1109,6,19,26425.42,Shipping Damage
2050,10839,20250927,2025-09-27,636,1094,9,12,10133.77,Defect
2051,79014,20230723,2023-07-23,510,1039,2,1,664.77,Wrong Configuration
2052,6330,20241107,2024-11-07,1152,1123,6,3,173.27,Defect
2053,11790,20241017,2024-10-17,706,1103,9,12,20911.41,Defect
2054,111494,20210718,2021-07-18,1115,1073,5,1,150.03,Customer Cancellation
2055,108938,20210904,2021-09-04,14,1027,1,1,409.2,Customer Cancellation
2056,96709,20220503,2022-05-03,345,1050,6,19,9502.69,Other
2057,86186,20240906,2024-09-06,263,1027,6,9,4398.37,Wrong Configuration
2058,28412,20210917,2021-09-17,693,1188,7,7,1520.59,Defect
2059,25002,20250127,2025-01-27,780,1067,1,3,585.6,Wrong Configuration
2060,4144,20220904,2022-09-04,776,1147,4,1,700.47,Customer Cancellation
2061,59637,20230616,2023-06-16,616,1090,9,2,1508.67,Defect
2062,98952,20230107,2023-01-07,511,1097,7,17,9820.65,Defect
2063,38209,20230530,2023-05-30,358,1030,4,1,635.52,Defect
2064,100270,20210425,2021-04-25,258,1139,3,2,183.31,Wrong Configuration
2065,6049,20250209,2025-02-09,259,1128,2,12,603.92,Other
2066,70057,20241007,2024-10-07,981,1113,1,6,10787.1,Defect
2067,117379,20220316,2022-03-16,813,1180,3,21,4876.82,Defect
2068,11294,20240725,2024-07-25,1200,1191,5,5,1383.39,Defect
2069,36394,20211011,2021-10-11,459,1084,6,30,14415.42,Wrong Configuration
2070,71293,20230301,2023-03-01,799,1108,4,1,1712.31,Defect
2071,97292,20250130,2025-01-30,561,1179,3,4,192.26,Defect
2072,69370,20251109,2025-11-09,702,1109,3,37,43212.87,Defect
2073,83900,20230220,2023-02-20,415,1101,5,3,3862.31,Customer Cancellation
2074,30017,20230510,2023-05-10,1124,1113,2,19,30073.59,Defect
2075,34216,20241113,2024-11-13,717,1021,5,3,1922.43,Other
2076,88,20231003,2023-10-03,689,1158,1,10,7598.11,Shipping Damage
2077,31367,20250704,2025-07-04,330,1032,3,1,571.47,Other
2078,96371,20240905,2024-09-05,452,1032,1,1,572.64,Defect
2079,47717,20250619,2025-06-19,202,1075,1,3,507.36,Defect
2080,102432,20241205,2024-12-05,263,1177,6,3,129.83,Shipping Damage
2081,53608,20240114,2024-01-14,345,1164,6,17,727.9,Wrong Configuration
2082,2684,20220528,2022-05-28,586,1075,10,35,4953.63,Defect
2083,39589,20230930,2023-09-30,660,1139,3,16,1473.92,Defect
2084,76329,20250510,2025-05-10,519,1017,1,6,6888.09,Defect
2085,107522,20250810,2025-08-10,823,1181,1,11,2751.93,Shipping Damage
2086,101310,20220408,2022-04-08,363,1091,10,1,741.16,Defect
2087,24652,20210108,2021-01-08,521,1149,8,128,91452.35,Shipping Damage
2088,16625,20211211,2021-12-11,1070,1061,7,4,448.74,Other
2089,62448,20240206,2024-02-06,1156,1104,1,11,10873.93,Wrong Configuration
2090,113415,20241012,2024-10-12,895,1131,1,7,614.16,Wrong Configuration
2091,10313,20250811,2025-08-11,381,1006,8,34,28176.07,Wrong Configuration
2092,109430,20220402,2022-04-02,956,1083,4,19,13203.85,Wrong Configuration
2093,77921,20210128,2021-01-28,133,1137,6,2,128.71,Other
2094,50199,20231004,2023-10-04,429,1169,1,5,246.2,Defect
2095,3913,20250330,2025-03-30,356,1185,5,5,1323.44,Other
2096,110226,20220919,2022-09-19,801,1132,1,7,511.69,Shipping Damage
2097,104237,20230904,2023-09-04,101,1114,3,2,2838.07,Shipping Damage
2098,33901,20241208,2024-12-08,870,1011,2,3,2962.58,Wrong Configuration
2099,12424,20240803,2024-08-03,607,1121,1,49,3529.07,Customer Cancellation
2100,105085,20220822,2022-08-22,872,1085,4,21,14954.1,Wrong Configuration
2101,112372,20231012,2023-10-12,698,1199,1,7,1516.62,Wrong Configuration
2102,60444,20230917,2023-09-17,708,1151,6,2,1159.21,Wrong Configuration
2103,62572,20250428,2025-04-28,468,1035,5,7,3635.35,Defect
2104,62531,20210228,2021-02-28,752,1021,10,35,21573.3,Wrong Configuration
2105,99902,20250810,2025-08-10,788,1168,6,8,477.49,Shipping Damage
2106,5909,20230423,2023-04-23,975,1037,3,9,4643.57,Shipping Damage
2107,69091,20241217,2024-12-17,356,1136,5,1,76.72,Other
2108,50208,20210701,2021-07-01,694,1091,7,20,13572.42,Other
2109,97831,20240125,2024-01-25,905,1103,6,1,1888.24,Customer Cancellation
2110,62898,20240430,2024-04-30,223,1077,9,2,297.96,Customer Cancellation
2111,97319,20230830,2023-08-30,451,1126,4,41,2251.02,Shipping Damage
2112,83486,20251027,2025-10-27,811,1046,6,2,1163.73,Customer Cancellation
2113,35705,20221201,2022-12-01,156,1030,8,3,1892.43,Wrong Configuration
2114,111808,20220210,2022-02-10,573,1159,3,1,586.58,Wrong Configuration
2115,107095,20250203,2025-02-03,511,1174,7,2,124.44,Customer Cancellation
2116,40480,20251116,2025-11-16,349,1085,1,35,24453.83,Customer Cancellation
2117,29821,20220225,2022-02-25,274,1199,6,1,255.85,Shipping Damage
2118,32139,20250921,2025-09-21,910,1027,6,23,11660.1,Wrong Configuration
2119,77720,20220906,2022-09-06,467,1177,6,11,430.27,Customer Cancellation
2120,95393,20250316,2025-03-16,1081,1007,1,1,1055.28,Other
2121,50689,20211212,2021-12-12,670,1175,5,4,262.45,Customer Cancellation
2122,22810,20240905,2024-09-05,296,1028,2,9,4964.36,Wrong Configuration
2123,18093,20240216,2024-02-16,55,1184,4,44,8349.72,Wrong Configuration
2124,9640,20230224,2023-02-24,1062,1034,4,26,13764.44,Defect
2125,35480,20240412,2024-04-12,1167,1139,6,9,792.06,Defect
2126,73575,20251101,2025-11-01,301,1019,1,23,22571.95,Wrong Configuration
2127,10475,20250711,2025-07-11,362,1180,9,2,551.3,Defect
2128,1156,20240708,2024-07-08,677,1184,10,5,870.94,Shipping Damage
2129,59843,20250429,2025-04-29,533,1054,6,4,2225.98,Customer Cancellation
2130,72967,20210115,2021-01-15,4,1137,8,3,182.88,Wrong Configuration
2131,31471,20240130,2024-01-30,1152,1116,6,14,18698.87,Defect
2132,64140,20211002,2021-10-02,728,1118,5,5,7012.9,Defect
2133,36786,20250530,2025-05-30,409,1095,5,4,2082.33,Other
2134,76826,20210201,2021-02-01,678,1179,1,38,1564.82,Defect
2135,12805,20240530,2024-05-30,226,1063,6,7,1311.24,Shipping Damage
2136,115388,20240620,2024-06-20,1055,1149,2,5,4034.0,Defect
2137,29694,20251225,2025-12-25,353,1141,4,2,1176.0,Defect
2138,39678,20250114,2025-01-14,678,1050,1,6,3226.45,Defect
2139,56721,20250720,2025-07-20,57,1016,7,8,8184.53,Wrong Configuration
2140,21241,20241222,2024-12-22,374,1173,4,1,55.49,Customer Cancellation
2141,74662,20250312,2025-03-12,987,1010,4,1,1068.38,Shipping Damage
2142,53341,20240730,2024-07-30,594,1161,1,1,62.7,Defect
2143,60671,20240301,2024-03-01,1075,1124,4,23,1895.7,Other
2144,33011,20211025,2021-10-25,1026,1069,6,3,530.46,Customer Cancellation
2145,38284,20220422,2022-04-22,1176,1137,6,16,1015.47,Defect
2146,44074,20221026,2022-10-26,618,1135,1,1,83.55,Customer Cancellation
2147,8839,20241113,2024-11-13,1156,1000,1,12,8278.43,Defect
2148,53082,20251209,2025-12-09,317,1007,1,45,43189.28,Customer Cancellation
2149,68318,20250130,2025-01-30,511,1100,7,3,4163.02,Defect
2150,38457,20220825,2022-08-25,1063,1021,6,23,14639.31,Other
2151,37467,20250123,2025-01-23,1000,1068,1,4,674.08,Shipping Damage
2152,45417,20211024,2021-10-24,977,1139,3,27,2090.61,Wrong Configuration
2153,8683,20220828,2022-08-28,702,1014,3,35,37862.24,Wrong Configuration
2154,68069,20250901,2025-09-01,451,1041,4,2,636.47,Defect
2155,59905,20241219,2024-12-19,356,1197,5,7,1607.71,Shipping Damage
2156,117376,20230324,2023-03-24,558,1096,10,4,3871.9,Customer Cancellation
2157,119716,20211117,2021-11-17,308,1185,1,4,973.92,Shipping Damage
2158,78044,20250518,2025-05-18,215,1127,9,2,202.49,Wrong Configuration
2159,3138,20250215,2025-02-15,1037,1090,1,2,1614.35,Defect
2160,80335,20250505,2025-05-05,869,1175,10,6,317.43,Defect
2161,88219,20220519,2022-05-19,995,1046,7,1,540.79,Wrong Configuration
2162,41234,20250313,2025-03-13,786,1042,6,6,2538.28,Wrong Configuration
2163,44027,20221104,2022-11-04,423,1022,1,3,2101.46,Customer Cancellation
2164,89374,20230608,2023-06-08,630,1043,3,2,664.45,Customer Cancellation
2165,51670,20230312,2023-03-12,921,1105,5,16,24154.3,Other
2166,76265,20230720,2023-07-20,668,1124,8,23,1661.06,Shipping Damage
2167,45394,20230606,2023-06-06,130,1183,6,6,1047.64,Wrong Configuration
2168,53428,20241008,2024-10-08,332,1171,5,10,413.63,Wrong Configuration
2169,116163,20240325,2024-03-25,584,1085,3,22,15761.91,Wrong Configuration
2170,36384,20240413,2024-04-13,634,1076,1,9,1309.72,Other
2171,63264,20220126,2022-01-26,1183,1022,3,1,695.25,Wrong Configuration
2172,80348,20230918,2023-09-18,946,1062,3,11,2377.94,Other
2173,15366,20211001,2021-10-01,1073,1094,5,8,6024.61,Other
2174,103685,20230120,2023-01-20,968,1159,7,3,1797.23,Wrong Configuration
2175,20226,20220301,2022-03-01,530,1050,5,6,3291.1,Shipping Damage
2176,96040,20251220,2025-12-20,238,1114,4,3,4628.18,Defect
2177,19528,20220420,2022-04-20,9,1066,3,4,671.24,Defect
2178,117225,20230624,2023-06-24,184,1152,3,2,1503.77,Customer Cancellation
2179,43545,20210812,2021-08-12,1026,1163,6,5,222.48,Defect
2180,30275,20240227,2024-02-27,213,1048,1,22,12411.31,Shipping Damage
2181,99629,20250414,2025-04-14,1054,1113,2,5,7963.12,Wrong Configuration
2182,28178,20220909,2022-09-09,728,1115,5,3,4467.81,Customer Cancellation
2183,44987,20220527,2022-05-27,1020,1171,4,12,511.23,Shipping Damage
2184,85528,20210319,2021-03-19,784,1066,6,14,2151.17,Shipping Damage
2185,49560,20240103,2024-01-03,365,1178,8,4,186.86,Shipping Damage
2186,63638,20240608,2024-06-08,658,1107,5,1,1211.36,Customer Cancellation
2187,52003,20240401,2024-04-01,802,1003,2,43,50411.32,Defect
2188,101313,20230207,2023-02-07,30,1104,7,2,1947.82,Defect
2189,108059,20250720,2025-07-20,250,1077,6,4,607.3,Other
2190,30849,20251205,2025-12-05,492,1082,1,1,988.88,Wrong Configuration
2191,56425,20230409,2023-04-09,349,1171,1,12,504.68,Customer Cancellation
2192,40963,20210621,2021-06-21,1148,1116,8,19,23679.9,Shipping Damage
2193,7340,20230318,2023-03-18,345,1047,6,101,48377.37,Shipping Damage
2194,114776,20250105,2025-01-05,757,1146,6,12,7228.77,Wrong Configuration
2195,53429,20220826,2022-08-26,126,1118,6,2,2846.01,Defect
2196,80734,20210204,2021-02-04,583,1144,2,5,2842.06,Customer Cancellation
2197,109573,20230201,2023-02-01,296,1192,2,13,3411.96,Defect
2198,91870,20240130,2024-01-30,678,1088,1,7,6413.28,Shipping Damage
2199,98653,20250509,2025-05-09,275,1063,10,18,3576.51,Customer Cancellation
2200,63370,20250317,2025-03-17,524,1006,7,8,6540.48,Defect
2201,48043,20251028,2025-10-28,162,1071,2,2,334.19,Other
2202,101619,20241005,2024-10-05,885,1165,7,1,63.27,Customer Cancellation
2203,108620,20210621,2021-06-21,924,1114,6,29,36154.79,Wrong Configuration
2204,2495,20240807,2024-08-07,992,1153,5,1,722.99,Defect
2205,116536,20220427,2022-04-27,317,1003,1,15,16051.86,Defect
2206,40494,20240419,2024-04-19,318,1183,6,29,4912.31,Customer Cancellation
2207,73359,20230326,2023-03-26,507,1133,5,8,904.76,Defect
2208,4640,20240220,2024-02-20,353,1069,4,8,1222.66,Defect
2209,78688,20240806,2024-08-06,186,1041,1,10,3152.2,Wrong Configuration
2210,21143,20230718,2023-07-18,1011,1040,1,5,1854.52,Defect
2211,31562,20210330,2021-03-30,54,1136,7,6,408.6,Wrong Configuration
2212,2708,20220501,2022-05-01,891,1082,6,15,11874.63,Defect
2213,105795,20210707,2021-07-07,265,1021,4,6,3891.59,Wrong Configuration
2214,101766,20210530,2021-05-30,843,1157,5,14,10879.83,Wrong Configuration
2215,104826,20220113,2022-01-13,107,1050,3,11,5893.05,Defect
2216,47098,20210709,2021-07-09,1073,1023,5,7,3494.29,Customer Cancellation
2217,7696,20250910,2025-09-10,332,1125,5,46,3622.46,Defect
2218,100183,20230909,2023-09-09,1032,1180,1,4,954.84,Wrong Configuration
2219,114248,20230904,2023-09-04,593,1112,6,6,8712.62,Shipping Damage
2220,62605,20241222,2024-12-22,379,1166,3,5,290.74,Defect
2221,647,20211120,2021-11-20,379,1111,3,3,3792.11,Customer Cancellation
2222,67448,20221022,2022-10-22,991,1028,7,6,2871.34,Customer Cancellation
2223,114187,20210412,2021-04-12,185,1110,9,29,41698.59,Customer Cancellation
2224,24610,20231125,2023-11-25,839,1078,10,8,2173.71,Wrong Configuration
2225,51496,20240227,2024-02-27,384,1088,8,2,1924.1,Other
2226,38184,20241029,2024-10-29,759,1113,2,10,16516.89,Wrong Configuration
2227,38270,20210911,2021-09-11,200,1065,2,2,267.29,Defect
2228,90250,20230110,2023-01-10,8,1107,10,4,4485.73,Wrong Configuration
2229,80314,20251021,2025-10-21,287,1088,6,1,1043.67,Wrong Configuration
2230,95060,20240502,2024-05-02,696,1166,7,7,450.65,Defect
2231,100361,20230929,2023-09-29,872,1142,4,6,3633.62,Customer Cancellation
2232,60279,20240511,2024-05-11,404,1126,6,17,931.25,Customer Cancellation
2233,52708,20220530,2022-05-30,1162,1077,4,6,757.31,Customer Cancellation
2234,69465,20210427,2021-04-27,1148,1170,8,2,118.75,Defect
2235,84912,20230612,2023-06-12,467,1094,6,26,18854.69,Other
2236,60384,20220219,2022-02-19,541,1037,3,7,3643.6,Wrong Configuration
2237,8526,20220322,2022-03-22,974,1008,8,15,9003.81,Defect
2238,27514,20241112,2024-11-12,496,1183,3,9,1714.73,Shipping Damage
2239,75105,20220207,2022-02-07,468,1161,5,11,636.22,Defect
2240,88181,20220331,2022-03-31,173,1112,6,6,7017.74,Wrong Configuration
2241,42660,20250808,2025-08-08,50,1144,9,21,12894.74,Customer Cancellation
2242,23542,20250822,2025-08-22,1142,1121,4,1,95.44,Defect
2243,116499,20240414,2024-04-14,199,1185,5,15,3382.7,Defect
2244,24370,20240316,2024-03-16,161,1011,6,5,4865.46,Shipping Damage
2245,119065,20251106,2025-11-06,1124,1150,2,17,10408.56,Shipping Damage
2246,2874,20241118,2024-11-18,121,1186,10,28,6283.12,Customer Cancellation
2247,118099,20250225,2025-02-25,813,1173,3,48,2368.61,Defect
2248,21996,20220511,2022-05-11,67,1028,5,7,3226.72,Defect
2249,116865,20220119,2022-01-19,467,1055,6,30,10954.01,Wrong Configuration
2250,65721,20220715,2022-07-15,459,1063,6,15,2723.91,Customer Cancellation
2251,11193,20220829,2022-08-29,951,1181,6,11,2454.78,Defect
2252,90510,20211226,2021-12-26,833,1130,3,4,313.04,Other
2253,118687,20210809,2021-08-09,697,1008,1,18,11322.03,Defect
2254,109740,20230416,2023-04-16,575,1015,6,2,1639.56,Defect
2255,71143,20251004,2025-10-04,1036,1014,9,1,1282.72,Defect
2256,73946,20250524,2025-05-24,1020,1179,4,19,847.76,Defect
2257,114165,20250722,2025-07-22,541,1125,3,1,82.42,Customer Cancellation
2258,82162,20230630,2023-06-30,218,1015,2,5,4098.86,Wrong Configuration
2259,77184,20231220,2023-12-20,257,1018,2,12,11258.57,Customer Cancellation
2260,23147,20230619,2023-06-19,678,1185,1,13,2988.88,Defect
2261,76504,20230828,2023-08-28,947,1087,3,9,4942.37,Defect
2262,42903,20241113,2024-11-13,469,1095,1,4,2149.18,Defect
2263,24073,20210427,2021-04-27,97,1009,8,2,1657.1,Defect
2264,15195,20250329,2025-03-29,678,1066,1,22,3979.41,Customer Cancellation
2265,73783,20250921,2025-09-21,1196,1133,2,5,531.13,Customer Cancellation
2266,95869,20240310,2024-03-10,847,1196,4,10,1851.1,Customer Cancellation
2267,1642,20231008,2023-10-08,1178,1119,7,37,50316.65,Other
2268,102906,20230226,2023-02-26,411,1056,6,26,11880.97,Defect
2269,94844,20220801,2022-08-01,421,1052,8,1,395.5,Shipping Damage
2270,2168,20220511,2022-05-11,592,1184,2,19,2840.42,Customer Cancellation
2271,17116,20210120,2021-01-20,676,1184,8,1,168.65,Customer Cancellation
2272,62871,20251009,2025-10-09,1164,1170,9,8,573.75,Defect
2273,15952,20231201,2023-12-01,586,1111,10,27,34909.79,Wrong Configuration
2274,53360,20240207,2024-02-07,976,1018,1,15,13451.89,Shipping Damage
2275,38782,20250124,2025-01-24,779,1122,1,3,289.96,Wrong Configuration
2276,44167,20251220,2025-12-20,888,1189,3,1,293.42,Other
2277,5182,20241016,2024-10-16,482,1168,4,2,118.71,Defect
2278,11589,20240630,2024-06-30,103,1076,1,1,159.36,Defect
2279,13344,20250209,2025-02-09,301,1069,1,12,2188.98,Customer Cancellation
2280,24507,20220906,2022-09-06,1064,1148,5,10,5652.93,Defect
2281,117135,20221111,2022-11-11,540,1183,3,8,1440.07,Defect
2282,66926,20250303,2025-03-03,315,1046,6,11,6460.46,Wrong Configuration
2283,5062,20230213,2023-02-13,590,1119,3,1,1517.7,Customer Cancellation
2284,67423,20220424,2022-04-24,283,1036,5,8,4521.51,Wrong Configuration
2285,6701,20210123,2021-01-23,244,1117,3,2,2192.93,Shipping Damage
2286,97626,20240618,2024-06-18,606,1047,1,3,1716.42,Shipping Damage
2287,55968,20251028,2025-10-28,141,1175,4,4,231.74,Defect
2288,32330,20210608,2021-06-08,1075,1013,4,30,22924.2,Customer Cancellation
2289,24160,20210615,2021-06-15,121,1166,10,23,1265.32,Defect
2290,45757,20250726,2025-07-26,467,1072,6,31,4847.33,Wrong Configuration
2291,13036,20230409,2023-04-09,593,1059,6,5,1987.31,Shipping Damage
2292,110774,20210212,2021-02-12,939,1060,6,22,3063.56,Defect
2293,16381,20241022,2024-10-22,347,1027,1,4,1665.72,Defect
2294,109168,20241120,2024-11-20,1056,1174,2,1,61.96,Defect
2295,102081,20231026,2023-10-26,556,1150,2,1,680.66,Customer Cancellation
2296,108923,20250729,2025-07-29,328,1017,1,6,6190.71,Shipping Damage
2297,16987,20241107,2024-11-07,202,1018,1,43,42243.56,Customer Cancellation
2298,41159,20240928,2024-09-28,30,1159,7,5,3223.4,Defect
2299,10677,20210309,2021-03-09,1041,1076,4,11,1518.28,Wrong Configuration
2300,82040,20221004,2022-10-04,369,1025,8,10,7167.81,Wrong Configuration
2301,94970,20231022,2023-10-22,582,1031,5,6,3646.64,Other
2302,58752,20230714,2023-07-14,21,1180,1,7,1495.0,Wrong Configuration
2303,16108,20230320,2023-03-20,415,1088,5,9,9319.89,Defect
2304,99508,20210101,2021-01-01,777,1122,9,2,148.76,Customer Cancellation
2305,2328,20221126,2022-11-26,1199,1148,9,4,2071.11,Wrong Configuration
2306,47486,20241215,2024-12-15,810,1019,7,8,7394.45,Wrong Configuration
2307,114700,20251230,2025-12-30,872,1099,4,7,5677.24,Defect
2308,73717,20241223,2024-12-23,173,1042,6,17,6186.07,Defect
2309,34241,20250717,2025-07-17,978,1013,6,42,32939.51,Defect
2310,96803,20250108,2025-01-08,80,1028,2,1,570.55,Customer Cancellation
2311,1,20220304,2022-03-04,282,1133,2,1,104.01,Customer Cancellation
2312,60509,20230802,2023-08-02,1116,1165,2,1,55.23,Defect
2313,87492,20251224,2025-12-24,1077,1198,9,11,2568.16,Wrong Configuration
2314,66309,20231106,2023-11-06,149,1103,8,57,88996.05,Wrong Configuration
2315,36766,20230202,2023-02-02,202,1012,1,46,42362.81,Customer Cancellation
2316,62096,20220831,2022-08-31,353,1118,4,13,13765.38,Wrong Configuration
2317,61004,20240728,2024-07-28,842,1183,1,16,2840.51,Wrong Configuration
2318,97315,20250417,2025-04-17,400,1020,6,1,576.29,Shipping Damage
2319,14665,20250122,2025-01-22,891,1000,6,5,3634.57,Customer Cancellation
2320,99441,20210421,2021-04-21,199,1150,5,23,11767.85,Defect
2321,61523,20240612,2024-06-12,578,1010,9,30,28517.08,Other
2322,84307,20230604,2023-06-04,816,1136,7,2,159.62,Other
2323,22927,20250430,2025-04-30,28,1133,1,7,701.17,Customer Cancellation
2324,106772,20240818,2024-08-18,1185,1100,3,14,21091.13,Shipping Damage
2325,23968,20210316,2021-03-16,852,1166,1,6,343.89,Shipping Damage
2326,40896,20220516,2022-05-16,260,1021,5,6,3929.55,Customer Cancellation
2327,33811,20251117,2025-11-17,747,1117,6,10,8864.16,Defect
2328,14268,20210718,2021-07-18,1029,1110,8,1,1520.41,Shipping Damage
2329,52940,20250820,2025-08-20,139,1015,2,10,10101.5,Wrong Configuration
2330,110914,20230401,2023-04-01,1063,1150,6,10,6111.83,Defect
2331,3495,20230417,2023-04-17,833,1042,3,6,2301.39,Shipping Damage
2332,22030,20250605,2025-06-05,712,1054,8,4,1993.64,Shipping Damage
2333,25897,20211020,2021-10-20,951,1081,6,6,3731.31,Defect
2334,47620,20251202,2025-12-02,607,1090,1,7,4832.32,Wrong Configuration
2335,15944,20220224,2022-02-24,673,1127,6,1,98.42,Wrong Configuration
2336,97878,20221102,2022-11-02,250,1102,6,8,9122.17,Customer Cancellation
2337,24259,20231228,2023-12-28,401,1099,4,4,3490.6,Customer Cancellation
2338,91614,20211129,2021-11-29,422,1032,7,6,2938.16,Other
2339,617,20240124,2024-01-24,278,1047,2,24,12589.94,Customer Cancellation
2340,107719,20240210,2024-02-10,186,1024,1,35,18152.87,Wrong Configuration
2341,7493,20220405,2022-04-05,874,1021,1,3,1940.99,Shipping Damage
2342,41540,20240715,2024-07-15,11,1170,1,3,197.14,Shipping Damage
2343,113312,20210615,2021-06-15,572,1091,2,25,16683.76,Customer Cancellation
2344,14051,20240317,2024-03-17,1120,1102,5,7,10280.08,Wrong Configuration
2345,82062,20230402,2023-04-02,793,1125,4,29,2096.68,Shipping Damage
2346,56430,20250226,2025-02-26,630,1014,3,5,5764.06,Wrong Configuration
2347,30099,20230707,2023-07-07,701,1186,6,3,648.93,Other
2348,105156,20220620,2022-06-20,380,1065,2,1,133.63,Shipping Damage
2349,97429,20241105,2024-11-05,1121,1067,6,3,541.23,Wrong Configuration
2350,4149,20251224,2025-12-24,542,1179,8,4,165.79,Defect
2351,13620,20231206,2023-12-06,927,1171,9,5,224.92,Defect
2352,46870,20231101,2023-11-01,1032,1156,1,16,6878.09,Customer Cancellation
2353,92451,20220513,2022-05-13,1022,1095,6,5,2249.67,Wrong Configuration
2354,79178,20220301,2022-03-01,154,1194,2,4,1292.54,Defect
2355,84429,20220403,2022-04-03,188,1031,6,7,3803.99,Customer Cancellation
2356,45194,20220623,2022-06-23,39,1164,3,22,784.33,Defect
2357,106026,20241201,2024-12-01,94,1196,8,3,594.48,Wrong Configuration
2358,41243,20230707,2023-07-07,401,1066,4,1,149.3,Defect
2359,15804,20220215,2022-02-15,697,1154,1,3,1562.1,Defect
2360,53844,20220127,2022-01-27,922,1031,6,19,11334.11,Wrong Configuration
2361,94563,20230514,2023-05-14,876,1090,8,9,6686.52,Defect
2362,107395,20250319,2025-03-19,327,1176,4,4,299.13,Customer Cancellation
2363,63327,20210312,2021-03-12,636,1193,9,6,994.02,Wrong Configuration
2364,80362,20241028,2024-10-28,918,1163,1,5,215.35,Defect
2365,16771,20230512,2023-05-12,65,1109,1,14,16646.8,Defect
2366,29050,20241109,2024-11-09,310,1186,7,10,2464.02,Shipping Damage
2367,75376,20241102,2024-11-02,678,1070,1,213,29865.91,Customer Cancellation
2368,84673,20241007,2024-10-07,116,1073,1,9,1339.89,Customer Cancellation
2369,70210,20250723,2025-07-23,622,1026,6,16,8771.65,Wrong Configuration
2370,41384,20251031,2025-10-31,630,1098,3,6,3288.52,Defect
2371,3712,20211111,2021-11-11,164,1184,9,1,166.71,Wrong Configuration
2372,14204,20241101,2024-11-01,317,1020,1,3,1362.0,Customer Cancellation
2373,89837,20220428,2022-04-28,259,1076,2,39,5262.36,Shipping Damage
2374,47216,20230330,2023-03-30,555,1124,3,1,94.47,Other
2375,109856,20251129,2025-11-29,666,1187,5,1,337.08,Customer Cancellation
2376,66500,20210920,2021-09-20,986,1082,2,4,2921.56,Wrong Configuration
2377,35162,20230401,2023-04-01,577,1172,10,1,43.2,Defect
2378,90684,20220504,2022-05-04,456,1072,2,2,351.88,Shipping Damage
2379,116327,20230216,2023-02-16,833,1046,3,1,574.13,Defect
2380,17704,20221205,2022-12-05,922,1111,6,49,58358.67,Wrong Configuration
2381,44600,20210810,2021-08-10,1120,1077,5,6,827.4,Defect
2382,102330,20240420,2024-04-20,241,1050,7,1,515.97,Customer Cancellation
2383,55588,20210910,2021-09-10,750,1075,4,4,614.8,Other
2384,116810,20240711,2024-07-11,1032,1112,1,3,4264.18,Wrong Configuration
2385,11242,20221214,2022-12-14,872,1059,4,12,4750.43,Customer Cancellation
2386,93498,20250313,2025-03-13,1064,1015,5,17,13749.02,Shipping Damage
2387,56858,20230628,2023-06-28,494,1127,1,1,98.06,Wrong Configuration
2388,48166,20220704,2022-07-04,962,1041,2,5,1440.12,Wrong Configuration
2389,119630,20220225,2022-02-25,926,1123,1,21,1210.04,Customer Cancellation
2390,98688,20211225,2021-12-25,592,1127,2,6,447.63,Wrong Configuration
2391,109220,20210302,2021-03-02,1134,1152,1,11,7968.78,Wrong Configuration
2392,102455,20210707,2021-07-07,766,1167,8,12,581.68,Defect
2393,471,20220331,2022-03-31,578,1058,9,10,4309.34,Shipping Damage
2394,31288,20210926,2021-09-26,387,1051,7,3,1265.23,Defect
2395,53309,20241221,2024-12-21,582,1007,5,53,57403.82,Defect
2396,97199,20220505,2022-05-05,576,1096,5,1,967.65,Other
2397,72333,20230209,2023-02-09,985,1067,1,1,196.26,Defect
2398,73784,20230331,2023-03-31,572,1095,2,8,3799.37,Shipping Damage
2399,8842,20240411,2024-04-11,326,1030,6,2,1373.96,Wrong Configuration
2400,55713,20240525,2024-05-25,292,1177,1,3,139.13,Customer Cancellation
2401,61436,20230107,2023-01-07,203,1188,7,1,228.21,Shipping Damage
2402,49144,20251015,2025-10-15,558,1103,10,7,11090.57,Other
2403,43313,20230219,2023-02-19,112,1046,8,4,1887.46,Other
2404,118068,20210224,2021-02-24,1028,1026,5,42,23056.44,Customer Cancellation
2405,21732,20240213,2024-02-13,839,1075,10,3,571.26,Wrong Configuration
2406,76333,20210625,2021-06-25,1063,1065,6,21,2566.76,Shipping Damage
2407,114986,20230520,2023-05-20,270,1196,1,1,226.18,Wrong Configuration
2408,97125,20220117,2022-01-17,1049,1121,4,1,78.72,Shipping Damage
2409,94551,20240802,2024-08-02,1054,1062,2,9,1881.22,Shipping Damage
2410,13054,20210114,2021-01-14,84,1112,1,4,4908.97,Defect
2411,116979,20220929,2022-09-29,971,1097,6,10,5349.87,Defect
2412,4271,20211111,2021-11-11,341,1094,5,1,889.1,Defect
2413,101768,20231118,2023-11-18,164,1011,9,1,999.59,Customer Cancellation
2414,59046,20210227,2021-02-27,582,1126,5,13,810.03,Shipping Damage
2415,58737,20220729,2022-07-29,864,1054,6,3,1380.46,Defect
2416,84497,20220605,2022-06-05,905,1155,6,6,3556.3,Shipping Damage
2417,92622,20240815,2024-08-15,760,1082,4,5,4396.06,Customer Cancellation
2418,112692,20250916,2025-09-16,50,1185,9,10,2488.66,Defect
2419,33294,20241119,2024-11-19,910,1013,6,5,4187.7,Shipping Damage
2420,99438,20230821,2023-08-21,684,1061,4,1,139.79,Shipping Damage
2421,93940,20220619,2022-06-19,982,1181,4,18,3850.02,Other
2422,106017,20211217,2021-12-17,186,1111,1,5,6617.19,Defect
2423,108948,20230105,2023-01-05,445,1183,3,32,5225.81,Defect
2424,64837,20250524,2025-05-24,412,1004,2,19,12590.75,Shipping Damage
2425,71533,20240707,2024-07-07,530,1116,5,1,1474.62,Other
2426,101181,20240404,2024-04-04,519,1052,1,8,3232.01,Wrong Configuration
2427,56496,20210328,2021-03-28,678,1019,1,3,2338.53,Shipping Damage
2428,22496,20210210,2021-02-10,876,1174,8,5,255.07,Shipping Damage
2429,91093,20230608,2023-06-08,433,1117,2,2,2499.28,Wrong Configuration
2430,54483,20251030,2025-10-30,773,1108,5,17,28797.77,Wrong Configuration
2431,31225,20230911,2023-09-11,411,1159,6,54,26752.75,Shipping Damage
2432,98426,20230917,2023-09-17,441,1176,4,4,287.03,Defect
2433,64860,20251010,2025-10-10,944,1131,5,8,696.86,Shipping Damage
2434,83946,20221223,2022-12-23,188,1078,6,16,3822.88,Wrong Configuration
2435,105224,20251209,2025-12-09,1038,1002,2,12,9653.5,Shipping Damage
2436,10046,20230201,2023-02-01,235,1017,6,4,3643.26,Defect
2437,84638,20230904,2023-09-04,305,1031,8,1,645.0,Shipping Damage
2438,22322,20251223,2025-12-23,92,1173,3,2,121.31,Customer Cancellation
2439,102732,20250109,2025-01-09,891,1096,6,15,13649.84,Shipping Damage
2440,53034,20210531,2021-05-31,459,1063,6,19,3163.93,Wrong Configuration
2441,77477,20250617,2025-06-17,460,1056,3,1,491.11,Wrong Configuration
2442,64810,20250712,2025-07-12,207,1091,8,5,4395.39,Customer Cancellation
2443,37407,20240309,2024-03-09,939,1035,6,14,7629.64,Defect
2444,116768,20231012,2023-10-12,262,1014,9,7,8259.26,Wrong Configuration
2445,102159,20220508,2022-05-08,678,1182,1,12,2984.65,Shipping Damage
2446,69144,20210218,2021-02-18,907,1152,7,1,718.15,Shipping Damage
2447,32990,20251013,2025-10-13,971,1011,6,9,9021.58,Defect
2448,27482,20220823,2022-08-23,459,1141,6,17,8526.69,Defect
2449,34632,20220304,2022-03-04,1010,1045,4,1,402.04,Other
2450,42004,20251003,2025-10-03,817,1147,1,18,15306.9,Defect
2451,10844,20230212,2023-02-12,120,1082,2,2,1557.1,Defect
2452,49669,20210803,2021-08-03,254,1128,6,30,1325.89,Wrong Configuration
2453,11986,20250713,2025-07-13,520,1069,6,4,789.35,Wrong Configuration
2454,4972,20250919,2025-09-19,1081,1112,1,8,13300.26,Wrong Configuration
2455,108677,20251227,2025-12-27,469,1012,1,15,16955.44,Defect
2456,13722,20220218,2022-02-18,1198,1047,2,1,497.98,Wrong Configuration
2457,3799,20250518,2025-05-18,113,1080,4,1,745.23,Wrong Configuration
2458,40785,20250204,2025-02-04,38,1187,10,1,348.57,Wrong Configuration
2459,70973,20211208,2021-12-08,541,1031,3,1,584.04,Defect
2460,83759,20240205,2024-02-05,532,1063,8,5,887.3,Defect
2461,94920,20251008,2025-10-08,318,1135,6,6,463.72,Customer Cancellation
2462,78378,20210419,2021-04-19,292,1012,1,3,2772.02,Wrong Configuration
2463,83571,20241218,2024-12-18,496,1067,3,5,890.04,Defect
2464,50759,20251213,2025-12-13,785,1117,1,1,1151.93,Shipping Damage
2465,75818,20230218,2023-02-18,432,1048,2,1,515.56,Customer Cancellation
2466,77316,20210126,2021-01-26,969,1031,1,2,1235.79,Customer Cancellation
2467,111510,20250730,2025-07-30,559,1002,8,15,12569.76,Defect
2468,16934,20250224,2025-02-24,122,1110,2,17,28366.05,Wrong Configuration
2469,70399,20230104,2023-01-04,77,1049,5,5,1709.86,Wrong Configuration
2470,18160,20220213,2022-02-13,425,1071,1,58,8234.39,Defect
2471,13742,20230829,2023-08-29,181,1003,7,3,3367.02,Wrong Configuration
2472,12724,20211124,2021-11-24,222,1158,8,7,4812.8,Defect
2473,7749,20240102,2024-01-02,453,1067,6,3,546.22,Shipping Damage
2474,65504,20240519,2024-05-19,839,1082,10,1,866.05,Defect
2475,109140,20230130,2023-01-30,230,1098,6,8,4510.67,Defect
2476,79144,20251115,2025-11-15,770,1153,7,1,770.41,Customer Cancellation
2477,115967,20210903,2021-09-03,1080,1122,1,16,1020.42,Defect
2478,77844,20221123,2022-11-23,211,1112,4,2,2953.01,Wrong Configuration
2479,92718,20241231,2024-12-31,112,1016,8,3,2898.58,Shipping Damage
2480,112445,20240115,2024-01-15,381,1117,8,3,3169.49,Shipping Damage
2481,81105,20210128,2021-01-28,789,1120,3,79,5850.72,Wrong Configuration
2482,26335,20240323,2024-03-23,1045,1051,1,1,437.49,Customer Cancellation
2483,100992,20240117,2024-01-17,263,1121,6,10,785.03,Customer Cancellation
2484,8601,20250213,2025-02-13,224,1037,9,24,14086.74,Defect
2485,98314,20231128,2023-11-28,723,1033,1,4,1872.97,Customer Cancellation
2486,64517,20250326,2025-03-26,752,1102,10,2,2878.54,Shipping Damage
2487,59935,20220901,2022-09-01,974,1081,8,9,5688.43,Customer Cancellation
2488,119004,20220113,2022-01-13,187,1133,8,10,1055.73,Customer Cancellation
2489,39604,20240104,2024-01-04,123,1172,2,1,46.93,Other
2490,2297,20211223,2021-12-23,688,1127,9,6,576.16,Customer Cancellation
2491,119772,20211106,2021-11-06,246,1010,4,3,2665.27,Defect
2492,80257,20220827,2022-08-27,82,1076,3,6,867.64,Customer Cancellation
2493,108261,20210908,2021-09-08,916,1068,3,1,161.58,Wrong Configuration
2494,59916,20240618,2024-06-18,266,1064,2,1,223.69,Shipping Damage
2495,119659,20250913,2025-09-13,687,1045,3,15,6556.72,Customer Cancellation
2496,96969,20251119,2025-11-19,179,1108,4,13,19313.57,Shipping Damage
2497,53736,20230723,2023-07-23,950,1063,9,6,1108.7,Defect
2498,54257,20230119,2023-01-19,353,1176,4,9,576.9,Wrong Configuration
2499,43599,20230510,2023-05-10,515,1064,3,7,1431.78,Defect
2500,26494,20210623,2021-06-23,692,1058,5,1,469.03,Wrong Configuration
2501,77156,20220726,2022-07-26,849,1077,5,18,2490.26,Shipping Damage
2502,35769,20221230,2022-12-30,143,1065,2,15,2147.1,Customer Cancellation
2503,28147,20240120,2024-01-20,218,1041,2,6,2000.85,Wrong Configuration
2504,32026,20240415,2024-04-15,481,1043,1,4,1351.33,Wrong Configuration
2505,39675,20240111,2024-01-11,540,1097,3,1,624.99,Customer Cancellation
2506,81903,20221003,2022-10-03,553,1124,1,19,1720.57,Defect
2507,57672,20250107,2025-01-07,763,1190,5,6,1354.81,Other
2508,92401,20230422,2023-04-22,200,1123,2,10,720.59,Defect
2509,59715,20251220,2025-12-20,98,1139,3,2,174.35,Defect
2510,14378,20210616,2021-06-16,669,1091,1,2,1556.81,Wrong Configuration
2511,82760,20220308,2022-03-08,871,1086,1,3,2391.06,Shipping Damage
2512,36564,20230910,2023-09-10,1041,1116,4,5,7171.33,Other
2513,112298,20210426,2021-04-26,82,1178,3,6,223.41,Other
2514,110167,20240102,2024-01-02,971,1010,6,7,7253.98,Defect
2515,40469,20220312,2022-03-12,984,1148,2,1,533.79,Customer Cancellation
2516,71758,20231121,2023-11-21,1024,1077,10,28,3496.36,Defect
2517,55520,20230322,2023-03-22,224,1021,9,17,10222.28,Shipping Damage
2518,68997,20211021,2021-10-21,823,1183,1,2,312.78,Shipping Damage
2519,16896,20211107,2021-11-07,910,1106,6,16,17732.56,Other
2520,28638,20210403,2021-04-03,334,1015,1,3,2340.91,Customer Cancellation
2521,57793,20240304,2024-03-04,111,1038,1,14,8201.61,Other
2522,17780,20250401,2025-04-01,785,1186,1,3,770.15,Wrong Configuration
2523,54004,20230318,2023-03-18,1006,1194,5,6,1379.2,Customer Cancellation
2524,89178,20250505,2025-05-05,1108,1164,2,1,47.29,Wrong Configuration
2525,32217,20220522,2022-05-22,298,1136,10,3,235.69,Defect
2526,32723,20230719,2023-07-19,1115,1038,5,1,501.33,Wrong Configuration
2527,4493,20210527,2021-05-27,180,1171,8,2,92.03,Wrong Configuration
2528,43621,20221125,2022-11-25,490,1012,4,6,5052.36,Defect
2529,106915,20240109,2024-01-09,1041,1179,4,1,47.21,Defect
2530,61534,20211203,2021-12-03,214,1164,6,3,122.14,Other
2531,52372,20240819,2024-08-19,389,1070,1,3,403.4,Other
2532,50789,20250218,2025-02-18,472,1090,9,9,6839.24,Wrong Configuration
2533,80415,20210126,2021-01-26,616,1107,9,3,3480.48,Other
2534,19290,20240920,2024-09-20,135,1063,7,14,2419.53,Defect
2535,62341,20240926,2024-09-26,563,1128,1,14,786.14,Shipping Damage
2536,46103,20250626,2025-06-26,688,1052,9,4,1834.8,Wrong Configuration
2537,106498,20230309,2023-03-09,1127,1083,3,20,12585.52,Wrong Configuration
2538,115832,20210528,2021-05-28,1032,1196,1,1,176.92,Defect
2539,69545,20251025,2025-10-25,634,1189,1,32,7530.54,Customer Cancellation
2540,68304,20211216,2021-12-16,766,1180,8,17,3657.25,Wrong Configuration
2541,111140,20210418,2021-04-18,350,1199,4,15,3286.1,Defect
2542,24636,20240711,2024-07-11,420,1053,1,8,3511.52,Shipping Damage
2543,19517,20250115,2025-01-15,44,1065,2,4,626.64,Customer Cancellation
2544,74613,20251027,2025-10-27,213,1060,1,16,2587.09,Shipping Damage
2545,19086,20250511,2025-05-11,275,1190,10,5,1211.17,Wrong Configuration
2546,32405,20240408,2024-04-08,82,1199,3,4,1049.7,Defect
2547,7106,20241108,2024-11-08,1022,1183,6,4,723.81,Defect
2548,41340,20251206,2025-12-06,698,1184,1,10,1569.6,Defect
2549,76856,20230316,2023-03-16,186,1002,1,4,2820.17,Customer Cancellation
2550,103736,20210617,2021-06-17,184,1018,3,5,4717.55,Shipping Damage
2551,43491,20220304,2022-03-04,387,1075,7,5,812.48,Customer Cancellation
2552,84050,20240513,2024-05-13,435,1056,7,36,14386.84,Customer Cancellation
2553,115026,20210416,2021-04-16,86,1123,3,3,218.82,Customer Cancellation
2554,85198,20211111,2021-11-11,595,1193,4,8,1576.99,Shipping Damage
2555,53702,20211004,2021-10-04,1155,1093,8,25,18406.67,Defect
2556,41760,20250403,2025-04-03,298,1096,10,3,3111.95,Wrong Configuration
2557,90233,20250413,2025-04-13,106,1018,4,13,15143.99,Defect
2558,29414,20250223,2025-02-23,246,1104,4,13,11744.62,Shipping Damage
2559,46701,20221119,2022-11-19,991,1045,7,10,3721.78,Defect
2560,93459,20231204,2023-12-04,274,1007,6,11,11555.88,Defect
2561,53664,20220206,2022-02-06,865,1011,1,4,3673.99,Defect
2562,57453,20231019,2023-10-19,880,1177,4,2,87.69,Wrong Configuration
2563,68045,20250614,2025-06-14,350,1073,4,16,2518.87,Defect
2564,36251,20210206,2021-02-06,651,1027,6,1,433.14,Defect
2565,99651,20230317,2023-03-17,559,1190,8,14,3181.02,Shipping Damage
2566,101076,20240101,2024-01-01,620,1042,6,2,797.24,Customer Cancellation
2567,40157,20220702,2022-07-02,246,1042,4,13,4752.8,Wrong Configuration
2568,73267,20240117,2024-01-17,778,1042,6,1,426.57,Shipping Damage
2569,74207,20210111,2021-01-11,259,1194,2,10,2718.67,Wrong Configuration
2570,116975,20240323,2024-03-23,733,1030,1,5,3653.4,Defect
2571,50093,20240327,2024-03-27,218,1117,2,6,6329.6,Defect
2572,17905,20250130,2025-01-30,14,1069,1,1,198.89,Defect
2573,48697,20251109,2025-11-09,944,1115,5,15,21503.96,Defect
2574,16802,20250219,2025-02-19,613,1180,5,28,7042.27,Wrong Configuration
2575,85701,20240114,2024-01-14,1060,1181,6,18,3666.02,Wrong Configuration
2576,64879,20251001,2025-10-01,395,1066,8,11,1946.94,Customer Cancellation
2577,85023,20220811,2022-08-11,1039,1180,2,6,1512.32,Defect
2578,71938,20220320,2022-03-20,356,1027,5,5,2589.79,Shipping Damage
2579,96429,20211220,2021-12-20,1196,1090,2,15,9116.65,Defect
2580,16112,20221026,2022-10-26,376,1082,5,4,3308.74,Defect
2581,52223,20250710,2025-07-10,1011,1022,1,6,4002.04,Shipping Damage
2582,99258,20250615,2025-06-15,496,1124,3,15,1456.34,Wrong Configuration
2583,90768,20220517,2022-05-17,412,1166,2,3,177.8,Wrong Configuration
2584,67456,20231214,2023-12-14,808,1059,10,1,382.97,Defect
2585,17776,20240213,2024-02-13,459,1046,6,3,1513.16,Defect
2586,62417,20240220,2024-02-20,454,1072,9,5,966.81,Shipping Damage
2587,44670,20230326,2023-03-26,738,1092,3,4,3724.79,Customer Cancellation
2588,6449,20210610,2021-06-10,732,1068,3,1,165.16,Defect
2589,119859,20220603,2022-06-03,849,1130,5,57,3457.9,Customer Cancellation
2590,68131,20251111,2025-11-11,199,1128,5,11,587.84,Other
2591,43682,20241005,2024-10-05,8,1040,10,4,1300.11,Other
2592,114519,20220424,2022-04-24,566,1126,6,2,118.05,Wrong Configuration
2593,28677,20231117,2023-11-17,386,1119,4,100,126652.73,Customer Cancellation
2594,25099,20230215,2023-02-15,259,1064,2,10,1996.28,Wrong Configuration
2595,49127,20231121,2023-11-21,1077,1103,9,26,43248.49,Shipping Damage
2596,75922,20231228,2023-12-28,167,1184,8,16,2729.44,Defect
2597,96726,20210519,2021-05-19,569,1066,3,34,4898.46,Wrong Configuration
2598,77618,20210528,2021-05-28,885,1001,7,10,6944.12,Defect
2599,98069,20220408,2022-04-08,634,1033,1,10,4978.4,Defect
2600,5327,20240219,2024-02-19,1150,1172,4,3,154.8,Defect
2601,87056,20220315,2022-03-15,1075,1008,4,2,1443.11,Defect
2602,6267,20241019,2024-10-19,570,1075,6,8,1307.77,Defect
2603,115616,20210611,2021-06-11,1107,1086,8,2,1419.99,Defect
2604,22396,20220203,2022-02-03,786,1030,6,3,1777.83,Other
2605,343,20220120,2022-01-20,569,1050,3,6,3033.78,Defect
2606,21350,20240728,2024-07-28,246,1004,4,34,25543.84,Shipping Damage
2607,109650,20240713,2024-07-13,1164,1176,9,11,702.43,Defect
2608,42690,20211011,2021-10-11,688,1128,9,2,92.8,Defect
2609,99832,20241008,2024-10-08,474,1012,1,6,5944.53,Defect
2610,72762,20220529,2022-05-29,122,1077,2,17,2204.23,Defect
2611,33213,20250818,2025-08-18,788,1121,6,2,181.96,Wrong Configuration
2612,88725,20210312,2021-03-12,357,1125,8,27,1729.3,Defect
2613,49654,20251007,2025-10-07,9,1013,3,4,3698.43,Shipping Damage
2614,13739,20211005,2021-10-05,1077,1169,9,11,452.01,Other
2615,110372,20251010,2025-10-10,944,1010,5,1,1130.94,Wrong Configuration
2616,63749,20231211,2023-12-11,623,1009,1,21,14581.06,Customer Cancellation
2617,22388,20251115,2025-11-15,715,1181,6,2,447.26,Defect
2618,11894,20211115,2021-11-15,1025,1192,6,4,946.75,Wrong Configuration
2619,40922,20251129,2025-11-29,290,1012,1,4,3721.72,Wrong Configuration
2620,90279,20250606,2025-06-06,31,1074,1,10,1191.01,Defect
2621,25691,20230822,2023-08-22,953,1199,8,1,258.88,Defect
2622,116965,20210617,2021-06-17,424,1162,1,6,366.01,Customer Cancellation
2623,4051,20251129,2025-11-29,1127,1027,3,9,4105.16,Other
2624,67370,20241024,2024-10-24,222,1065,8,1,152.25,Defect
2625,77278,20230806,2023-08-06,469,1009,1,1,935.94,Wrong Configuration
2626,79068,20210929,2021-09-29,511,1109,7,6,6555.35,Other
2627,75541,20231013,2023-10-13,459,1185,6,10,2699.76,Other
2628,23091,20221116,2022-11-16,357,1077,8,309,37838.78,Customer Cancellation
2629,88801,20231004,2023-10-04,308,1120,1,1,88.48,Wrong Configuration
2630,47238,20240420,2024-04-20,356,1119,5,3,4608.24,Other
2631,7634,20231112,2023-11-12,809,1160,6,21,1757.11,Shipping Damage
2632,46343,20220113,2022-01-13,975,1144,3,13,6823.96,Wrong Configuration
2633,48809,20250112,2025-01-12,403,1085,4,1,892.27,Wrong Configuration
2634,6392,20230604,2023-06-04,379,1020,3,9,3751.3,Customer Cancellation
2635,56198,20221226,2022-12-26,840,1134,2,16,998.18,Shipping Damage
2636,17091,20210901,2021-09-01,983,1050,7,4,2080.19,Defect
2637,68326,20250103,2025-01-03,999,1018,7,5,4979.54,Customer Cancellation
2638,91731,20231202,2023-12-02,122,1086,2,6,4331.2,Shipping Damage
2639,52668,20250416,2025-04-16,379,1006,3,10,8030.2,Defect
2640,7150,20250203,2025-02-03,752,1076,10,8,1153.72,Customer Cancellation
2641,33506,20230119,2023-01-19,542,1088,8,5,4938.91,Wrong Configuration
2642,15754,20250815,2025-08-15,348,1046,6,1,609.54,Shipping Damage
2643,74141,20250420,2025-04-20,65,1029,1,5,2882.26,Other
2644,884,20231013,2023-10-13,707,1117,4,1,1113.07,Shipping Damage
2645,81565,20240703,2024-07-03,698,1077,1,19,2850.91,Wrong Configuration
2646,55738,20250106,2025-01-06,572,1162,2,8,476.25,Defect
2647,67453,20221126,2022-11-26,717,1151,5,9,5209.71,Defect
2648,2658,20231013,2023-10-13,164,1036,9,7,4400.29,Shipping Damage
2649,24849,20230529,2023-05-29,1157,1183,10,1,183.01,Wrong Configuration
2650,66917,20231001,2023-10-01,1073,1085,5,6,4520.06,Wrong Configuration
2651,90714,20241201,2024-12-01,389,1082,1,15,12685.27,Defect
2652,115408,20221110,2022-11-10,285,1052,6,1,408.45,Other
2653,28653,20241121,2024-11-21,528,1139,5,37,3186.64,Shipping Damage
2654,84281,20211028,2021-10-28,7,1185,7,1,223.88,Defect
2655,100842,20220608,2022-06-08,976,1136,1,41,2385.16,Customer Cancellation
2656,19967,20221016,2022-10-16,763,1161,5,14,845.5,Defect
2657,55661,20240819,2024-08-19,1126,1061,4,22,2864.15,Defect
2658,112273,20240312,2024-03-12,1043,1193,2,8,1526.76,Customer Cancellation
2659,2506,20241228,2024-12-28,882,1122,6,6,462.41,Other
2660,42781,20220218,2022-02-18,474,1040,1,12,4051.23,Defect
2661,107828,20220717,2022-07-17,456,1066,2,2,326.1,Defect
2662,33648,20221115,2022-11-15,365,1081,8,2,1374.5,Shipping Damage
2663,78236,20231113,2023-11-13,1070,1097,7,19,10873.75,Other
2664,78025,20230302,2023-03-02,650,1123,2,2,148.96,Wrong Configuration
2665,93859,20231222,2023-12-22,461,1045,8,14,5630.2,Customer Cancellation
2666,49163,20230629,2023-06-29,379,1095,3,11,6340.47,Defect
2667,107408,20231119,2023-11-19,1114,1064,6,3,560.64,Customer Cancellation
2668,27596,20210122,2021-01-22,1167,1137,6,3,185.75,Shipping Damage
2669,47387,20250304,2025-03-04,397,1095,6,2,1166.29,Shipping Damage
2670,71167,20250209,2025-02-09,257,1067,2,3,556.41,Shipping Damage
2671,73895,20231031,2023-10-31,47,1006,6,2,1599.21,Shipping Damage
2672,26883,20250511,2025-05-11,326,1022,6,1,811.29,Other
2673,59260,20230125,2023-01-25,658,1069,5,1,195.07,Defect
2674,70752,20241107,2024-11-07,347,1044,1,24,9032.21,Other
2675,4907,20240704,2024-07-04,407,1196,1,1,214.46,Other
2676,30824,20230401,2023-04-01,574,1015,7,1,910.02,Wrong Configuration
2677,69638,20250218,2025-02-18,1143,1042,6,1,375.18,Wrong Configuration
2678,85497,20231126,2023-11-26,249,1101,1,2,2580.44,Customer Cancellation
2679,105198,20220202,2022-02-02,1147,1096,1,12,10079.44,Defect
2680,101498,20210322,2021-03-22,698,1183,1,2,287.75,Shipping Damage
2681,34864,20210826,2021-08-26,114,1054,2,4,1838.42,Defect
2682,32135,20240924,2024-09-24,982,1131,4,3,268.57,Defect
2683,105066,20221005,2022-10-05,494,1157,1,4,3473.47,Defect
2684,43010,20251007,2025-10-07,595,1074,4,3,335.96,Customer Cancellation
2685,8364,20231021,2023-10-21,120,1047,2,6,2996.64,Customer Cancellation
2686,115650,20210223,2021-02-23,110,1125,10,23,1419.03,Wrong Configuration
2687,83799,20220515,2022-05-15,96,1183,1,7,1087.6,Shipping Damage
2688,74723,20250922,2025-09-22,756,1001,2,8,7226.54,Wrong Configuration
2689,93417,20250418,2025-04-18,259,1181,2,2,499.19,Wrong Configuration
2690,58126,20230702,2023-07-02,1122,1177,7,17,765.88,Wrong Configuration
2691,32983,20230223,2023-02-23,687,1182,3,17,4486.06,Customer Cancellation
2692,41508,20251102,2025-11-02,616,1052,9,8,3247.76,Wrong Configuration
2693,96627,20251126,2025-11-26,1117,1162,7,2,142.2,Defect
2694,55805,20250613,2025-06-13,749,1085,2,2,1890.02,Other
2695,116215,20250318,2025-03-18,275,1102,10,5,7380.63,Defect
2696,16696,20220208,2022-02-08,165,1115,1,4,5586.74,Other
2697,53017,20250916,2025-09-16,1029,1092,8,2,2054.13,Defect
2698,14935,20220501,2022-05-01,434,1001,1,4,3237.61,Wrong Configuration
2699,34096,20210624,2021-06-24,440,1192,2,3,695.53,Defect
2700,90378,20211128,2021-11-28,306,1192,6,3,743.72,Wrong Configuration
2701,82531,20211104,2021-11-04,572,1086,2,5,2714.61,Wrong Configuration
2702,97440,20220527,2022-05-27,843,1164,5,14,512.98,Wrong Configuration
2703,81713,20211123,2021-11-23,463,1180,2,8,2048.85,Wrong Configuration
2704,2392,20221231,2022-12-31,1039,1158,2,2,1183.25,Wrong Configuration
2705,41381,20221217,2022-12-17,1041,1150,4,5,3393.23,Customer Cancellation
2706,99793,20221016,2022-10-16,1161,1174,3,4,228.41,Defect
2707,24869,20221219,2022-12-19,1198,1103,2,1,1503.05,Defect
2708,103354,20241027,2024-10-27,714,1110,5,5,7732.94,Other
2709,81181,20250216,2025-02-16,507,1175,5,6,387.32,Defect
2710,98225,20211225,2021-12-25,478,1087,5,1,536.99,Shipping Damage
2711,26719,20220411,2022-04-11,488,1112,1,2,2905.58,Other
2712,12854,20230516,2023-05-16,564,1126,9,6,352.82,Customer Cancellation
2713,36751,20220417,2022-04-17,223,1057,9,11,4441.34,Defect
2714,78294,20210117,2021-01-17,412,1049,2,13,3744.08,Defect
2715,34438,20250314,2025-03-14,1105,1001,2,8,6053.5,Wrong Configuration
2716,28967,20240411,2024-04-11,1196,1102,2,6,8286.22,Customer Cancellation
2717,59592,20230524,2023-05-24,1174,1140,1,33,29113.72,Other
2718,42404,20241111,2024-11-11,869,1052,10,13,4446.37,Wrong Configuration
2719,36690,20241119,2024-11-19,686,1116,4,13,19494.59,Wrong Configuration
2720,24809,20230825,2023-08-25,1161,1152,3,1,759.98,Wrong Configuration
2721,50836,20251026,2025-10-26,752,1170,10,12,846.8,Other
2722,52377,20240528,2024-05-28,1150,1085,4,6,5942.68,Wrong Configuration
2723,3956,20231214,2023-12-14,167,1038,8,4,2457.64,Defect
2724,35507,20220331,2022-03-31,8,1012,10,17,13287.47,Other
2725,39290,20221215,2022-12-15,585,1132,5,6,489.13,Defect
2726,15281,20250206,2025-02-06,121,1052,10,19,8025.62,Defect
2727,93647,20240408,2024-04-08,315,1075,6,17,3131.08,Wrong Configuration
2728,69785,20250103,2025-01-03,389,1103,1,5,8428.66,Defect
2729,102142,20230603,2023-06-03,307,1181,4,1,267.27,Wrong Configuration
2730,2784,20210102,2021-01-02,607,1075,1,7,984.36,Defect
2731,71322,20250713,2025-07-13,32,1143,7,1,852.75,Defect
2732,47452,20240705,2024-07-05,45,1177,2,45,2028.09,Wrong Configuration
2733,19503,20250401,2025-04-01,301,1071,1,3,479.75,Defect
2734,49579,20221022,2022-10-22,1100,1019,8,15,13036.77,Defect
2735,65420,20230830,2023-08-30,341,1010,5,1,978.83,Customer Cancellation
2736,44857,20240919,2024-09-19,410,1027,9,5,2040.93,Wrong Configuration
2737,89559,20250812,2025-08-12,697,1173,1,68,3254.66,Other
2738,62088,20240102,2024-01-02,758,1004,2,4,3327.08,Shipping Damage
2739,1984,20221221,2022-12-21,869,1177,10,12,466.29,Other
2740,64235,20240830,2024-08-30,440,1021,2,16,10782.76,Defect
2741,108512,20231101,2023-11-01,711,1132,2,8,594.57,Other
2742,30070,20250625,2025-06-25,551,1061,1,25,3598.52,Defect
2743,25654,20250105,2025-01-05,809,1073,6,1,175.62,Defect
2744,32619,20230628,2023-06-28,751,1063,6,1,201.35,Defect
2745,101349,20220606,2022-06-06,892,1050,4,3,1426.67,Defect
2746,17708,20250119,2025-01-19,910,1194,6,13,4352.69,Other
2747,100290,20210829,2021-08-29,644,1112,6,3,4384.08,Wrong Configuration
2748,9890,20250721,2025-07-21,689,1003,1,18,19410.6,Wrong Configuration
2749,34442,20210712,2021-07-12,975,1021,3,5,2710.22,Defect
2750,94445,20251212,2025-12-12,469,1001,1,2,1639.79,Defect
2751,32564,20240503,2024-05-03,189,1136,4,8,608.18,Customer Cancellation
2752,43418,20210829,2021-08-29,782,1136,9,27,1925.69,Other
2753,36306,20231223,2023-12-23,1164,1166,9,3,195.01,Other
2754,50309,20220719,2022-07-19,766,1100,8,2,2711.08,Customer Cancellation
2755,275,20211102,2021-11-02,379,1033,3,14,7525.47,Defect
2756,61200,20251121,2025-11-21,688,1024,9,3,1717.2,Wrong Configuration
2757,70863,20240919,2024-09-19,763,1114,5,6,9336.68,Other
2758,38267,20210304,2021-03-04,259,1052,2,23,9395.55,Wrong Configuration
2759,59015,20210501,2021-05-01,1003,1171,2,7,335.51,Wrong Configuration
2760,109306,20250124,2025-01-24,880,1101,4,1,1370.58,Other
2761,106057,20221205,2022-12-05,481,1091,1,20,15419.1,Shipping Damage
2762,32711,20230717,2023-07-17,1014,1122,5,2,166.27,Wrong Configuration
2763,3510,20240403,2024-04-03,528,1098,5,30,15870.6,Shipping Damage
2764,9282,20221019,2022-10-19,611,1190,1,1,233.99,Wrong Configuration
2765,5980,20240218,2024-02-18,275,1121,10,28,2259.19,Customer Cancellation
2766,43338,20210805,2021-08-05,761,1115,4,2,2510.1,Wrong Configuration
2767,14409,20240102,2024-01-02,254,1162,6,10,602.91,Defect
2768,78523,20220918,2022-09-18,474,1155,1,13,6948.47,Defect
2769,104962,20210917,2021-09-17,1055,1136,2,4,263.07,Wrong Configuration
2770,8979,20220129,2022-01-29,536,1166,7,2,123.25,Defect
2771,47601,20231029,2023-10-29,1199,1128,9,6,307.85,Customer Cancellation
2772,53066,20241209,2024-12-09,414,1177,1,29,1225.39,Defect
2773,93737,20241009,2024-10-09,157,1146,1,13,5883.54,Wrong Configuration
2774,29843,20230807,2023-08-07,413,1129,1,19,1131.7,Shipping Damage
2775,74120,20240112,2024-01-12,910,1178,6,8,291.49,Wrong Configuration
2776,40064,20230306,2023-03-06,305,1173,8,4,185.36,Defect
2777,77423,20230628,2023-06-28,842,1124,1,10,892.91,Customer Cancellation
2778,31815,20251019,2025-10-19,919,1020,2,6,2698.4,Other
2779,64243,20211111,2021-11-11,35,1094,3,5,3480.78,Wrong Configuration
2780,52863,20240317,2024-03-17,951,1177,6,6,272.94,Shipping Damage
2781,16422,20251020,2025-10-20,578,1065,9,37,5013.78,Shipping Damage
2782,52539,20210501,2021-05-01,467,1143,6,22,13227.61,Other
2783,42254,20240413,2024-04-13,349,1009,1,14,10460.87,Customer Cancellation
2784,116214,20251028,2025-10-28,592,1031,2,5,2988.81,Shipping Damage
2785,109135,20230805,2023-08-05,496,1084,3,2,1029.81,Defect
2786,106076,20230206,2023-02-06,1105,1169,2,29,1086.22,Defect
2787,41321,20221101,2022-11-01,857,1170,5,5,311.55,Shipping Damage
2788,78404,20231122,2023-11-22,1148,1084,8,12,6363.28,Customer Cancellation
2789,31045,20230901,2023-09-01,958,1120,7,1,91.76,Defect
2790,20284,20250501,2025-05-01,515,1120,3,12,1038.98,Wrong Configuration
2791,100557,20231115,2023-11-15,1004,1069,1,7,1190.01,Customer Cancellation
2792,116193,20221002,2022-10-02,1038,1071,2,6,899.37,Defect
2793,69383,20220220,2022-02-20,131,1140,4,4,3179.3,Shipping Damage
2794,113751,20210201,2021-02-01,218,1084,2,3,1624.96,Customer Cancellation
2795,22126,20240813,2024-08-13,173,1119,6,12,18408.34,Shipping Damage
2796,48805,20221001,2022-10-01,106,1000,4,20,13699.66,Wrong Configuration
2797,63435,20240109,2024-01-09,250,1076,6,2,307.61,Wrong Configuration
2798,34482,20240309,2024-03-09,459,1005,6,14,10208.59,Defect
2799,96863,20220201,2022-02-01,55,1197,4,11,2055.54,Wrong Configuration
2800,5981,20251111,2025-11-11,1154,1071,1,1,143.13,Shipping Damage
2801,16843,20240128,2024-01-28,1063,1130,6,25,1870.73,Customer Cancellation
2802,88472,20210825,2021-08-25,905,1030,6,1,614.2,Defect
2803,67332,20240808,2024-08-08,725,1007,5,10,9930.15,Defect
2804,11335,20240816,2024-08-16,1033,1015,9,15,11197.33,Wrong Configuration
2805,36551,20211224,2021-12-24,1110,1145,5,8,4531.62,Wrong Configuration
2806,8115,20210727,2021-07-27,164,1045,9,7,2703.58,Other
2807,10753,20250403,2025-04-03,412,1060,2,18,2507.32,Customer Cancellation
2808,104023,20230705,2023-07-05,488,1022,1,4,2845.05,Other
2809,85070,20250826,2025-08-26,1009,1172,1,1,51.69,Defect
2810,42834,20220328,2022-03-28,1039,1087,2,1,522.26,Defect
2811,36833,20250227,2025-02-27,788,1176,6,3,206.33,Customer Cancellation
2812,94077,20211115,2021-11-15,135,1012,7,9,8908.01,Defect
2813,47668,20210804,2021-08-04,92,1171,3,6,248.93,Defect
2814,33693,20210128,2021-01-28,697,1117,1,18,19253.0,Customer Cancellation
2815,46371,20220529,2022-05-29,761,1164,4,6,271.13,Customer Cancellation
2816,37819,20221228,2022-12-28,743,1161,1,1,65.27,Defect
2817,32790,20240129,2024-01-29,931,1005,3,2,1373.92,Other
2818,35719,20230816,2023-08-16,124,1093,3,20,15096.3,Shipping Damage
2819,58556,20221223,2022-12-23,788,1179,6,6,231.33,Defect
2820,87884,20220107,2022-01-07,519,1082,1,2,1550.52,Defect
2821,84342,20220302,2022-03-02,1028,1009,5,16,11832.78,Shipping Damage
2822,95416,20251230,2025-12-30,1178,1096,7,20,20272.03,Shipping Damage
2823,40536,20230213,2023-02-13,62,1039,8,1,719.69,Wrong Configuration
2824,102106,20241203,2024-12-03,872,1188,4,25,6019.04,Wrong Configuration
2825,101318,20231220,2023-12-20,843,1141,5,50,24047.72,Shipping Damage
2826,37295,20220516,2022-05-16,374,1033,4,1,617.21,Defect
2827,71472,20220914,2022-09-14,7,1069,7,1,174.71,Customer Cancellation
2828,32158,20241211,2024-12-11,1151,1159,2,3,1693.38,Defect
2829,38933,20250502,2025-05-02,891,1105,6,9,14227.1,Other
2830,54904,20230607,2023-06-07,1063,1043,6,34,10555.9,Defect
2831,54393,20250205,2025-02-05,794,1016,5,2,2288.86,Shipping Damage
2832,118417,20241127,2024-11-27,300,1114,6,4,6120.53,Shipping Damage
2833,3768,20230617,2023-06-17,416,1128,8,12,638.91,Customer Cancellation
2834,50982,20221027,2022-10-27,892,1081,4,26,16252.09,Wrong Configuration
2835,41063,20251117,2025-11-17,349,1028,1,22,9771.02,Defect
2836,11797,20230926,2023-09-26,686,1076,4,9,1193.18,Customer Cancellation
2837,84380,20220505,2022-05-05,283,1007,5,1,1093.81,Customer Cancellation
2838,58676,20220623,2022-06-23,224,1031,9,10,5852.84,Wrong Configuration
2839,29110,20221012,2022-10-12,1198,1053,2,1,367.63,Defect
2840,31038,20250429,2025-04-29,429,1031,1,1,752.58,Defect
2841,7034,20250521,2025-05-21,988,1046,7,20,10570.3,Wrong Configuration
2842,118711,20251004,2025-10-04,393,1045,5,33,13138.33,Wrong Configuration
2843,106800,20210214,2021-02-14,1164,1064,9,1,189.33,Defect
2844,63772,20240523,2024-05-23,553,1014,1,11,12888.03,Defect
2845,109131,20241210,2024-12-10,678,1067,1,9,1465.63,Defect
2846,118022,20250919,2025-09-19,786,1146,6,5,2875.79,Customer Cancellation
2847,79225,20230129,2023-01-29,459,1102,6,5,7112.88,Wrong Configuration
2848,14125,20240910,2024-09-10,649,1148,1,2,1197.08,Wrong Configuration
2849,30578,20210105,2021-01-05,257,1159,2,10,5225.74,Defect
2850,101375,20210203,2021-02-03,408,1196,4,3,567.06,Customer Cancellation
2851,50778,20220403,2022-04-03,410,1043,9,14,4727.2,Wrong Configuration
2852,28981,20231024,2023-10-24,297,1139,1,5,416.57,Wrong Configuration
2853,104010,20230602,2023-06-02,198,1124,6,1,92.17,Defect
2854,90902,20250110,2025-01-10,697,1067,1,18,3088.02,Shipping Damage
2855,5211,20240426,2024-04-26,253,1167,2,4,240.09,Defect
2856,10141,20220623,2022-06-23,1005,1004,2,2,1548.87,Wrong Configuration
2857,109466,20220713,2022-07-13,369,1102,8,6,8659.33,Customer Cancellation
2858,50646,20210116,2021-01-16,685,1079,4,28,3447.67,Wrong Configuration
2859,86469,20211014,2021-10-14,1172,1192,1,3,656.12,Wrong Configuration
2860,46499,20250621,2025-06-21,688,1171,9,2,116.81,Defect
2861,68710,20220207,2022-02-07,563,1072,1,12,2063.36,Defect
2862,62601,20251109,2025-11-09,1120,1189,5,6,1799.63,Shipping Damage
2863,44948,20251231,2025-12-31,950,1070,9,16,2623.42,Wrong Configuration
2864,103300,20210226,2021-02-26,275,1133,10,17,1816.76,Defect
2865,64732,20211005,2021-10-05,349,1015,1,10,7227.76,Defect
2866,112380,20230913,2023-09-13,1014,1020,5,3,1703.25,Customer Cancellation
2867,58112,20220411,2022-04-11,759,1033,2,5,2408.56,Wrong Configuration
2868,64123,20221117,2022-11-17,674,1007,2,1,1034.08,Other
2869,1693,20220105,2022-01-05,831,1119,4,11,14720.91,Defect
2870,40467,20210628,2021-06-28,974,1065,8,40,4710.75,Defect
2871,57984,20250807,2025-08-07,196,1180,8,6,1707.15,Customer Cancellation
2872,19975,20210313,2021-03-13,763,1054,5,12,5154.28,Defect
2873,66076,20240330,2024-03-30,186,1107,1,21,24255.26,Wrong Configuration
2874,109480,20251114,2025-11-14,58,1129,8,3,213.8,Other
2875,4197,20221001,2022-10-01,265,1161,4,15,927.57,Defect
2876,26744,20240823,2024-08-23,132,1113,4,4,6719.7,Customer Cancellation
2877,89520,20211018,2021-10-18,792,1049,5,4,1349.38,Shipping Damage
2878,108001,20211231,2021-12-31,1125,1131,6,5,456.57,Defect
2879,13380,20241007,2024-10-07,1114,1007,6,46,42485.42,Customer Cancellation
2880,90207,20251122,2025-11-22,825,1114,4,1,1519.15,Defect
2881,103316,20241110,2024-11-10,572,1049,2,20,5743.32,Defect
2882,24640,20251120,2025-11-20,839,1008,10,1,911.68,Defect
2883,45405,20230719,2023-07-19,430,1163,5,20,768.19,Wrong Configuration
2884,24024,20250114,2025-01-14,314,1124,2,6,569.49,Customer Cancellation
2885,119889,20210529,2021-05-29,425,1085,1,60,32274.27,Defect
2886,4339,20210826,2021-08-26,7,1069,7,4,766.15,Shipping Damage
2887,49368,20210512,2021-05-12,872,1075,4,3,499.73,Defect
2888,107607,20251009,2025-10-09,277,1021,3,2,1365.38,Defect
2889,81664,20220326,2022-03-26,1073,1024,5,9,4504.9,Customer Cancellation
2890,89067,20220717,2022-07-17,8,1034,10,5,2630.79,Defect
2891,23945,20230116,2023-01-16,28,1155,1,15,7844.73,Customer Cancellation
2892,94624,20241006,2024-10-06,569,1135,3,16,1292.34,Other
2893,111528,20210227,2021-02-27,381,1011,8,12,10155.6,Defect
2894,80342,20250702,2025-07-02,1183,1063,3,1,188.61,Defect
2895,1793,20220926,2022-09-26,148,1138,1,5,357.71,Shipping Damage
2896,118598,20241210,2024-12-10,154,1191,2,2,532.73,Defect
2897,36163,20211025,2021-10-25,53,1136,8,7,572.71,Shipping Damage
2898,32099,20250130,2025-01-30,918,1132,1,6,475.67,Other
2899,10260,20220416,2022-04-16,689,1051,1,15,5234.27,Other
2900,37723,20241107,2024-11-07,58,1040,8,16,5652.8,Other
2901,113159,20250221,2025-02-21,650,1158,2,2,1453.03,Defect
2902,116333,20240610,2024-06-10,202,1192,1,4,896.77,Other
2903,111605,20241031,2024-10-31,194,1031,6,1,713.16,Defect
2904,15572,20250326,2025-03-26,583,1124,2,2,208.86,Other
2905,13397,20240724,2024-07-24,264,1157,8,1,795.18,Defect
2906,35151,20240426,2024-04-26,733,1184,1,18,3129.26,Wrong Configuration
2907,82622,20220917,2022-09-17,752,1062,10,19,3903.97,Shipping Damage
2908,25292,20210901,2021-09-01,349,1071,1,23,2307.65,Defect
2909,58888,20230509,2023-05-09,780,1137,1,3,183.91,Wrong Configuration
2910,47810,20251130,2025-11-30,686,1121,4,38,3234.11,Customer Cancellation
2911,34698,20210421,2021-04-21,696,1193,7,7,1402.79,Other
2912,4705,20221026,2022-10-26,979,1128,10,51,2341.85,Other
2913,92098,20220810,2022-08-10,14,1190,1,3,638.08,Defect
2914,22836,20231214,2023-12-14,871,1109,1,5,6279.31,Wrong Configuration
2915,104133,20230805,2023-08-05,402,1000,2,1,810.63,Defect
2916,72213,20250603,2025-06-03,149,1135,8,35,2825.85,Other
2917,5099,20250226,2025-02-26,71,1120,10,4,420.89,Defect
2918,30711,20231226,2023-12-26,890,1101,5,22,26860.52,Customer Cancellation
2919,24442,20250406,2025-04-06,8,1119,10,19,25533.77,Customer Cancellation
2920,58407,20210919,2021-09-19,344,1118,6,6,8253.29,Shipping Damage
2921,23123,20241105,2024-11-05,949,1071,4,20,2767.02,Customer Cancellation
2922,99510,20231004,2023-10-04,109,1054,4,1,522.08,Wrong Configuration
2923,102099,20211218,2021-12-18,945,1080,6,23,13116.36,Customer Cancellation
2924,109956,20220912,2022-09-12,43,1004,7,8,6539.53,Defect
2925,9542,20210115,2021-01-15,248,1096,3,1,870.57,Shipping Damage
2926,90242,20210610,2021-06-10,616,1107,9,10,11511.6,Defect
2927,91260,20231015,2023-10-15,1114,1088,6,9,7360.25,Defect
2928,92285,20220806,2022-08-06,678,1080,1,8,4999.02,Defect
2929,28651,20210731,2021-07-31,1123,1107,4,1,1120.9,Customer Cancellation
2930,56588,20240629,2024-06-29,756,1087,2,6,3304.81,Defect
2931,51287,20221109,2022-11-09,951,1005,6,16,11252.16,Wrong Configuration
2932,63682,20230718,2023-07-18,833,1013,3,8,6961.48,Other
2933,109677,20241004,2024-10-04,654,1026,5,4,2446.32,Customer Cancellation
2934,100614,20240716,2024-07-16,253,1106,2,6,7773.11,Other
2935,74709,20251126,2025-11-26,520,1119,6,2,2767.48,Customer Cancellation
2936,15055,20211010,2021-10-10,794,1124,5,1,84.92,Defect
2937,94576,20250630,2025-06-30,950,1023,9,10,5968.21,Customer Cancellation
2938,16825,20250412,2025-04-12,688,1032,9,1,638.12,Wrong Configuration
2939,46375,20220228,2022-02-28,1028,1168,5,48,2396.66,Defect
2940,13402,20250216,2025-02-16,80,1040,2,1,433.15,Wrong Configuration
2941,113936,20210216,2021-02-16,488,1199,1,6,1391.38,Defect
2942,86502,20221114,2022-11-14,269,1196,7,45,8220.91,Customer Cancellation
2943,60089,20230516,2023-05-16,365,1011,8,4,3640.41,Wrong Configuration
2944,82511,20250501,2025-05-01,823,1035,1,3,1735.66,Shipping Damage
2945,66480,20240114,2024-01-14,516,1095,8,29,15135.52,Wrong Configuration
2946,18650,20220329,2022-03-29,659,1007,6,2,1754.42,Defect
2947,33202,20211030,2021-10-30,379,1164,3,3,102.54,Shipping Damage
2948,99875,20220924,2022-09-24,1128,1109,9,8,8975.5,Defect
2949,60153,20230612,2023-06-12,293,1170,9,2,157.75,Other
2950,110864,20210611,2021-06-11,1095,1097,6,3,1938.81,Defect
2951,76461,20240903,2024-09-03,696,1183,7,7,1282.5,Defect
2952,35850,20221017,2022-10-17,650,1091,2,1,756.88,Defect
2953,64444,20221202,2022-12-02,616,1138,9,12,898.77,Other
2954,45682,20240427,2024-04-27,923,1060,8,26,3968.57,Defect
2955,81685,20241108,2024-11-08,747,1095,6,37,17890.13,Defect
2956,111753,20240907,2024-09-07,717,1170,5,2,139.49,Shipping Damage
2957,75642,20231222,2023-12-22,267,1096,4,1,917.53,Customer Cancellation
2958,48960,20221009,2022-10-09,757,1109,6,5,6183.15,Customer Cancellation
2959,7133,20221024,2022-10-24,630,1024,3,20,11277.78,Defect
2960,52403,20250210,2025-02-10,118,1188,3,2,538.75,Wrong Configuration
2961,47526,20220705,2022-07-05,926,1097,1,9,4925.81,Defect
2962,118539,20241020,2024-10-20,44,1019,2,9,8604.38,Other
2963,11130,20220225,2022-02-25,927,1083,9,57,38167.69,Wrong Configuration
2964,113814,20210212,2021-02-12,962,1070,2,7,967.46,Customer Cancellation
2965,40919,20240121,2024-01-21,265,1048,4,4,1972.63,Customer Cancellation
2966,60776,20211030,2021-10-30,914,1024,3,3,1652.66,Shipping Damage
2967,80011,20220803,2022-08-03,161,1173,6,13,687.72,Defect
2968,62801,20210722,2021-07-22,238,1121,4,3,237.13,Defect
2969,13952,20240603,2024-06-03,189,1093,4,3,2430.56,Defect
2970,24469,20211209,2021-12-09,1151,1010,2,6,6527.1,Defect
2971,60301,20230724,2023-07-24,1053,1167,1,6,373.53,Shipping Damage
2972,57707,20210115,2021-01-15,136,1148,9,1,494.37,Customer Cancellation
2973,80048,20251109,2025-11-09,47,1042,6,48,20844.6,Customer Cancellation
2974,71205,20220323,2022-03-23,898,1170,3,4,270.12,Shipping Damage
2975,102884,20250923,2025-09-23,288,1161,1,4,259.95,Customer Cancellation
2976,38250,20220724,2022-07-24,18,1019,6,1,888.08,Customer Cancellation
2977,88101,20231220,2023-12-20,927,1033,9,28,13895.26,Wrong Configuration
2978,64124,20231109,2023-11-09,748,1053,9,1,397.39,Customer Cancellation
2979,22365,20250426,2025-04-26,1041,1036,4,5,2978.66,Shipping Damage
2980,7876,20250621,2025-06-21,138,1086,6,2,1840.04,Other
2981,92875,20230629,2023-06-29,278,1047,2,17,7910.0,Defect
2982,86759,20251122,2025-11-22,899,1008,1,5,4532.38,Shipping Damage
2983,75395,20210816,2021-08-16,13,1060,2,7,1130.73,Defect
2984,4860,20220507,2022-05-07,676,1105,8,6,9398.79,Defect
2985,101898,20220217,2022-02-17,968,1101,7,1,1291.49,Defect
2986,37759,20250501,2025-05-01,14,1043,1,3,978.12,Wrong Configuration
2987,109133,20250627,2025-06-27,606,1054,1,23,11235.73,Wrong Configuration
2988,87837,20230728,2023-07-28,973,1071,1,7,1070.97,Defect
2989,34629,20231214,2023-12-14,356,1029,5,2,1318.08,Customer Cancellation
2990,80708,20210916,2021-09-16,881,1005,8,1,731.47,Shipping Damage
2991,69946,20221016,2022-10-16,1086,1155,9,7,3145.81,Other
2992,72388,20240913,2024-09-13,1105,1070,2,23,3111.15,Other
2993,8310,20250513,2025-05-13,1064,1047,5,7,3514.93,Customer Cancellation
2994,51744,20230527,2023-05-27,1164,1048,9,4,2082.33,Customer Cancellation
2995,22852,20210810,2021-08-10,926,1124,1,29,2329.52,Shipping Damage
2996,39691,20250329,2025-03-29,454,1010,9,3,3433.13,Defect
2997,69422,20220817,2022-08-17,1070,1008,7,14,10742.92,Defect
2998,12510,20220918,2022-09-18,615,1058,6,1,488.72,Shipping Damage
2999,93544,20251031,2025-10-31,1028,1076,5,18,2657.35,Other
3000,52831,20210417,2021-04-17,773,1085,5,21,13335.51,Wrong Configuration
3001,40092,20241012,2024-10-12,384,1014,8,3,3777.48,Defect
3002,21080,20250913,2025-09-13,536,1105,7,5,8651.2,Customer Cancellation
3003,107846,20230113,2023-01-13,489,1187,2,7,2227.46,Defect
3004,97367,20220125,2022-01-25,725,1147,5,4,2637.35,Defect
3005,91632,20211104,2021-11-04,954,1115,6,3,4239.62,Wrong Configuration
3006,19036,20241111,2024-11-11,164,1084,9,13,8595.12,Other
3007,49929,20230218,2023-02-18,78,1174,9,1,49.76,Wrong Configuration
3008,30168,20210823,2021-08-23,747,1069,6,14,2065.14,Shipping Damage
3009,55292,20221002,2022-10-02,76,1177,5,3,126.2,Shipping Damage
3010,106003,20231224,2023-12-24,44,1078,2,5,1419.13,Wrong Configuration
3011,105928,20250605,2025-06-05,1196,1049,2,13,4199.74,Wrong Configuration
3012,55803,20250627,2025-06-27,851,1043,4,3,1171.43,Other
3013,83512,20240531,2024-05-31,1130,1023,6,1,624.95,Shipping Damage
3014,49564,20240627,2024-06-27,588,1071,8,20,3057.62,Wrong Configuration
3015,8778,20230116,2023-01-16,753,1192,3,1,271.4,Shipping Damage
3016,114623,20230427,2023-04-27,716,1192,1,2,494.89,Customer Cancellation
3017,27194,20240601,2024-06-01,1061,1048,6,38,18264.81,Customer Cancellation
3018,118896,20210729,2021-07-29,458,1043,9,1,323.83,Other
3019,68443,20210424,2021-04-24,642,1022,4,1,623.26,Wrong Configuration
3020,19531,20211201,2021-12-01,489,1102,2,10,13222.43,Shipping Damage
3021,31598,20230109,2023-01-09,9,1126,3,2,140.15,Other
3022,32947,20241119,2024-11-19,164,1081,9,10,7718.91,Shipping Damage
3023,35607,20240228,2024-02-28,468,1170,5,17,1154.55,Other
3024,66586,20230605,2023-06-05,116,1007,1,9,7984.14,Shipping Damage
3025,117118,20240621,2024-06-21,35,1042,3,21,7227.05,Other
3026,72548,20251220,2025-12-20,545,1080,10,2,1438.39,Customer Cancellation
3027,29167,20250218,2025-02-18,627,1051,5,1,437.19,Wrong Configuration
3028,68490,20240918,2024-09-18,60,1175,1,1,58.93,Wrong Configuration
3029,73811,20210216,2021-02-16,923,1049,8,2,626.88,Defect
3030,71960,20221124,2022-11-24,524,1130,7,8,607.91,Wrong Configuration
3031,100548,20241029,2024-10-29,564,1170,9,1,71.23,Defect
3032,109532,20240507,2024-05-07,440,1168,2,34,2122.21,Wrong Configuration
3033,98843,20250530,2025-05-30,315,1103,6,21,34542.37,Defect
3034,109845,20231209,2023-12-09,827,1029,3,1,652.54,Customer Cancellation
3035,49750,20220524,2022-05-24,1127,1120,3,9,695.74,Customer Cancellation
3036,53314,20241125,2024-11-25,200,1173,2,1,53.4,Wrong Configuration
3037,50042,20250828,2025-08-28,616,1088,9,4,3935.41,Defect
3038,32463,20210207,2021-02-07,864,1183,6,3,500.62,Shipping Damage
3039,19549,20220411,2022-04-11,1149,1051,2,1,419.94,Shipping Damage
3040,97280,20230202,2023-02-02,380,1178,2,1,42.34,Shipping Damage
3041,19262,20240425,2024-04-25,818,1096,8,1,922.34,Customer Cancellation
3042,108935,20210904,2021-09-04,501,1093,5,10,6805.4,Wrong Configuration
3043,76221,20250125,2025-01-25,1039,1094,2,6,6074.42,Wrong Configuration
3044,24115,20230531,2023-05-31,678,1128,1,3,170.12,Other
3045,114662,20250630,2025-06-30,488,1135,1,1,90.2,Defect
3046,38962,20240103,2024-01-03,461,1031,8,20,13310.86,Customer Cancellation
3047,61185,20250317,2025-03-17,786,1198,6,2,447.97,Defect
3048,53557,20210108,2021-01-08,678,1032,1,75,33134.52,Defect
3049,34777,20231112,2023-11-12,159,1120,4,1,88.98,Defect
3050,104343,20250530,2025-05-30,483,1018,1,1,1212.99,Defect
3051,92955,20221219,2022-12-19,186,1008,1,2,1483.56,Other
3052,83366,20220407,2022-04-07,1154,1072,1,3,539.84,Defect
3053,18658,20210923,2021-09-23,945,1128,6,27,1147.77,Customer Cancellation
3054,64225,20220611,2022-06-11,70,1055,1,10,3929.65,Defect
3055,6542,20210411,2021-04-11,1011,1189,1,4,889.42,Shipping Damage
3056,61654,20241201,2024-12-01,694,1113,7,41,69894.62,Defect
3057,114793,20230524,2023-05-24,941,1191,3,5,1287.93,Wrong Configuration
3058,90201,20251109,2025-11-09,951,1100,6,5,7316.88,Defect
3059,45455,20240922,2024-09-22,48,1103,4,6,10730.24,Shipping Damage
3060,95530,20251023,2025-10-23,839,1022,10,3,2144.59,Wrong Configuration
3061,42403,20221119,2022-11-19,408,1084,4,7,3744.68,Defect
3062,82366,20211012,2021-10-12,826,1033,9,12,5014.35,Defect
3063,118074,20210721,2021-07-21,130,1101,6,7,9055.26,Shipping Damage
3064,72419,20250213,2025-02-13,516,1049,8,25,7724.48,Shipping Damage
3065,19656,20251225,2025-12-25,274,1161,6,2,130.5,Defect
3066,31788,20250920,2025-09-20,553,1131,1,7,635.25,Wrong Configuration
3067,18356,20210615,2021-06-15,677,1139,10,3,225.71,Defect
3068,67160,20231031,2023-10-31,484,1089,1,5,4141.87,Defect
3069,47399,20251010,2025-10-10,678,1119,1,13,18304.99,Shipping Damage
3070,55490,20210303,2021-03-03,130,1003,6,4,4161.1,Customer Cancellation
3071,59103,20210321,2021-03-21,29,1129,4,2,133.21,Wrong Configuration
3072,2112,20230901,2023-09-01,540,1153,3,2,1269.47,Wrong Configuration
3073,83747,20240508,2024-05-08,712,1060,8,9,1630.76,Customer Cancellation
3074,91528,20250609,2025-06-09,532,1184,8,4,741.31,Customer Cancellation
3075,41150,20250713,2025-07-13,508,1152,10,1,828.76,Defect
3076,25581,20230607,2023-06-07,738,1135,3,4,328.61,Defect
3077,99871,20220912,2022-09-12,689,1189,1,11,2442.78,Other
3078,58812,20211006,2021-10-06,107,1199,3,1,239.32,Defect
3079,24836,20230624,2023-06-24,269,1061,7,6,720.64,Defect
3080,41080,20240922,2024-09-22,750,1083,4,11,7898.44,Shipping Damage
3081,110840,20240430,2024-04-30,230,1086,6,7,4999.3,Defect
3082,96281,20221102,2022-11-02,262,1038,9,2,1127.21,Shipping Damage
3083,103466,20211218,2021-12-18,634,1180,1,22,4366.03,Shipping Damage
3084,16230,20220304,2022-03-04,755,1179,1,27,1062.3,Shipping Damage
3085,112287,20240730,2024-07-30,348,1065,6,2,282.24,Shipping Damage
3086,21464,20250407,2025-04-07,297,1100,1,4,5613.94,Shipping Damage
3087,65953,20240208,2024-02-08,7,1015,7,1,912.02,Defect
3088,111620,20240512,2024-05-12,668,1097,8,28,16563.06,Wrong Configuration
3089,102852,20241105,2024-11-05,409,1103,5,3,5079.21,Wrong Configuration
3090,87606,20231220,2023-12-20,1075,1033,4,20,12092.77,Customer Cancellation
3091,117396,20250217,2025-02-17,232,1155,4,3,1874.35,Defect
3092,20067,20240501,2024-05-01,657,1123,7,1,78.1,Wrong Configuration
3093,49823,20220122,2022-01-22,1181,1086,6,1,778.27,Customer Cancellation
3094,79343,20241118,2024-11-18,773,1088,5,6,5574.68,Shipping Damage
3095,103039,20251205,2025-12-05,621,1003,8,11,12311.87,Other
3096,89856,20220715,2022-07-15,82,1130,3,6,518.3,Wrong Configuration
3097,55933,20250320,2025-03-20,723,1151,1,27,14389.44,Customer Cancellation
3098,1285,20241205,2024-12-05,223,1059,9,11,4839.21,Defect
3099,4233,20220402,2022-04-02,7,1075,7,8,1239.65,Defect
3100,83145,20220228,2022-02-28,1199,1042,9,6,2119.26,Defect
3101,47558,20240904,2024-09-04,722,1058,8,10,5031.43,Shipping Damage
3102,118205,20210720,2021-07-20,763,1104,5,22,18131.63,Wrong Configuration
3103,41434,20250904,2025-09-04,306,1070,6,1,166.73,Wrong Configuration
3104,39854,20250821,2025-08-21,404,1123,6,29,2155.83,Shipping Damage
3105,87076,20230823,2023-08-23,826,1135,9,9,623.45,Defect
3106,95146,20220911,2022-09-11,1086,1187,9,3,754.62,Defect
3107,9044,20250703,2025-07-03,578,1133,9,36,3706.06,Defect
3108,87929,20230618,2023-06-18,1061,1146,6,27,14730.0,Shipping Damage
3109,78395,20241009,2024-10-09,128,1083,5,1,799.51,Defect
3110,74260,20251026,2025-10-26,244,1192,3,2,604.73,Defect
3111,11052,20251117,2025-11-17,845,1116,2,22,30388.88,Wrong Configuration
3112,41869,20211208,2021-12-08,592,1010,2,13,11152.84,Defect
3113,55298,20241203,2024-12-03,257,1106,2,10,12319.12,Defect
3114,14847,20240808,2024-08-08,165,1010,1,6,6041.29,Defect
3115,6400,20220626,2022-06-26,1095,1003,6,9,9334.47,Wrong Configuration
3116,101803,20220222,2022-02-22,70,1132,1,17,1212.96,Wrong Configuration
3117,52966,20250407,2025-04-07,944,1001,5,7,5783.43,Defect
3118,115891,20251117,2025-11-17,208,1134,9,26,1856.6,Defect
3119,66621,20241114,2024-11-14,539,1199,6,7,1661.69,Other
3120,65977,20210323,2021-03-23,656,1036,3,22,10425.6,Other
3121,28487,20250806,2025-08-06,305,1148,8,9,4705.33,Other
3122,78838,20240113,2024-01-13,1126,1163,4,11,428.08,Other
3123,9544,20220622,2022-06-22,755,1054,1,30,12754.33,Shipping Damage
3124,65061,20251118,2025-11-18,459,1053,6,17,5965.28,Shipping Damage
3125,116220,20220128,2022-01-28,173,1183,6,10,1387.33,Wrong Configuration
3126,80092,20250126,2025-01-26,332,1007,5,3,3133.73,Defect
3127,99537,20221013,2022-10-13,107,1004,3,4,3229.25,Defect
3128,119100,20220523,2022-05-23,440,1008,2,14,10329.75,Defect
3129,8380,20241231,2024-12-31,42,1152,6,1,835.09,Wrong Configuration
3130,9393,20250112,2025-01-12,262,1121,9,10,995.37,Customer Cancellation
3131,62272,20250901,2025-09-01,459,1004,6,15,11963.23,Wrong Configuration
3132,68783,20210118,2021-01-18,469,1067,1,5,780.92,Shipping Damage
3133,2816,20240831,2024-08-31,880,1120,4,5,470.87,Shipping Damage
3134,92529,20251105,2025-11-05,467,1142,6,12,6629.69,Customer Cancellation
3135,56714,20250603,2025-06-03,497,1192,6,10,3020.93,Defect
3136,105035,20231205,2023-12-05,588,1129,8,19,1271.06,Wrong Configuration
3137,12369,20210428,2021-04-28,573,1171,3,11,519.13,Shipping Damage
3138,117227,20230501,2023-05-01,1032,1064,1,20,4496.01,Customer Cancellation
3139,4930,20250724,2025-07-24,244,1120,3,3,321.81,Wrong Configuration
3140,63382,20220905,2022-09-05,626,1130,2,2,164.01,Shipping Damage
3141,110807,20210401,2021-04-01,65,1011,1,3,2547.81,Wrong Configuration
3142,28760,20250622,2025-06-22,1173,1051,5,1,428.82,Wrong Configuration
3143,47240,20250916,2025-09-16,305,1135,8,17,1465.12,Other
3144,55167,20220215,2022-02-15,1000,1109,1,1,1083.83,Defect
3145,24776,20240804,2024-08-04,673,1043,6,4,1383.52,Defect
3146,46627,20240423,2024-04-23,222,1071,8,3,443.92,Wrong Configuration
3147,107691,20241023,2024-10-23,654,1073,5,1,159.1,Wrong Configuration
3148,72245,20211007,2021-10-07,337,1106,1,6,7511.18,Defect
3149,50040,20240426,2024-04-26,570,1161,6,12,673.15,Shipping Damage
3150,116125,20230703,2023-07-03,724,1009,2,10,7853.45,Defect
3151,38484,20230422,2023-04-22,409,1136,5,19,1371.87,Other
3152,6111,20221215,2022-12-15,1198,1019,2,3,2588.24,Wrong Configuration
3153,99197,20251008,2025-10-08,570,1126,6,6,366.06,Defect
3154,3050,20230825,2023-08-25,898,1052,3,7,2934.94,Shipping Damage
3155,60552,20230529,2023-05-29,847,1139,4,31,2675.25,Defect
3156,26218,20251113,2025-11-13,92,1130,3,8,673.02,Other
3157,41352,20210323,2021-03-23,698,1178,1,3,114.39,Wrong Configuration
3158,1863,20240904,2024-09-04,698,1130,1,2,155.93,Defect
3159,109142,20240820,2024-08-20,661,1171,4,2,114.63,Defect
3160,14075,20250919,2025-09-19,918,1180,1,2,630.72,Customer Cancellation
3161,34550,20240316,2024-03-16,268,1042,5,3,1118.75,Shipping Damage
3162,48037,20241023,2024-10-23,150,1192,6,3,738.8,Defect
3163,11627,20250208,2025-02-08,65,1025,1,3,2369.84,Other
3164,108379,20240912,2024-09-12,515,1171,3,2,109.38,Other
3165,6520,20230421,2023-04-21,864,1026,6,3,1945.71,Shipping Damage
3166,66373,20230111,2023-01-11,150,1022,6,1,653.46,Wrong Configuration
3167,13769,20250324,2025-03-24,831,1139,4,10,991.08,Customer Cancellation
3168,15088,20251022,2025-10-22,199,1029,5,27,15763.6,Wrong Configuration
3169,103552,20230816,2023-08-16,971,1181,6,4,915.64,Defect
3170,60853,20250103,2025-01-03,1119,1021,6,1,715.5,Shipping Damage
3171,7188,20250904,2025-09-04,246,1081,4,19,15573.26,Defect
3172,68479,20250910,2025-09-10,825,1102,4,2,3034.46,Customer Cancellation
3173,25986,20241009,2024-10-09,1127,1048,3,16,6702.15,Shipping Damage
3174,34725,20250319,2025-03-19,67,1187,5,3,1136.49,Wrong Configuration
3175,56159,20231016,2023-10-16,595,1065,4,1,131.05,Shipping Damage
3176,32452,20250605,2025-06-05,1173,1043,5,1,385.6,Defect
3177,90245,20240427,2024-04-27,876,1083,8,4,3147.36,Shipping Damage
3178,8469,20230125,2023-01-25,677,1107,10,6,7690.53,Shipping Damage
3179,39231,20231229,2023-12-29,761,1113,4,2,3237.78,Other
3180,86706,20210315,2021-03-15,389,1172,1,12,512.57,Defect
3181,29407,20251117,2025-11-17,84,1041,1,3,1012.15,Shipping Damage
3182,102127,20241122,2024-11-22,131,1054,4,25,11022.66,Defect
3183,53513,20250803,2025-08-03,1078,1096,2,11,10990.49,Wrong Configuration
3184,68692,20211016,2021-10-16,369,1076,8,11,1479.84,Defect
3185,96438,20240504,2024-05-04,1006,1017,5,63,54080.94,Other
3186,4657,20241005,2024-10-05,971,1019,6,10,8989.43,Shipping Damage
3187,71498,20221110,2022-11-10,786,1081,6,4,3096.77,Customer Cancellation
3188,23609,20250313,2025-03-13,979,1137,10,9,524.49,Shipping Damage
3189,8746,20241012,2024-10-12,763,1066,5,16,2493.69,Wrong Configuration
3190,119225,20240721,2024-07-21,1016,1110,2,4,5658.13,Defect
3191,102339,20210321,2021-03-21,1174,1106,1,6,7217.62,Defect
3192,3581,20250103,2025-01-03,616,1169,9,3,150.2,Wrong Configuration
3193,43831,20210815,2021-08-15,872,1038,4,4,2212.12,Shipping Damage
3194,65069,20250408,2025-04-08,540,1102,3,7,9686.07,Wrong Configuration
3195,65314,20210523,2021-05-23,536,1199,7,2,481.46,Defect
3196,7138,20230430,2023-04-30,944,1132,5,16,1162.19,Customer Cancellation
3197,22474,20250612,2025-06-12,58,1123,8,13,890.54,Customer Cancellation
3198,92901,20240710,2024-07-10,8,1085,10,7,5363.06,Wrong Configuration
3199,79566,20241218,2024-12-18,35,1167,3,23,1382.26,Wrong Configuration
3200,52701,20250111,2025-01-11,1004,1001,1,4,3481.71,Customer Cancellation
3201,64965,20220809,2022-08-09,845,1101,2,19,22093.99,Customer Cancellation
3202,9435,20231123,2023-11-23,97,1091,8,1,739.72,Defect
3203,103231,20220608,2022-06-08,357,1132,8,17,1162.96,Wrong Configuration
3204,56989,20240627,2024-06-27,84,1002,1,34,27299.77,Wrong Configuration
3205,65066,20240720,2024-07-20,712,1006,8,16,13682.91,Defect
3206,99644,20230304,2023-03-04,1057,1025,6,1,833.6,Defect
3207,108908,20250106,2025-01-06,1167,1089,6,3,2507.51,Defect
3208,106744,20241001,2024-10-01,404,1137,6,6,366.84,Defect
3209,82750,20240314,2024-03-14,14,1076,1,20,2837.0,Shipping Damage
3210,109119,20230218,2023-02-18,1073,1065,5,3,425.63,Defect
3211,99479,20220106,2022-01-06,435,1081,7,6,3821.01,Defect
3212,5113,20211109,2021-11-09,409,1108,5,3,4156.26,Wrong Configuration
3213,2393,20251129,2025-11-29,295,1031,10,6,3487.36,Customer Cancellation
3214,94651,20220531,2022-05-31,295,1135,10,28,1970.59,Wrong Configuration
3215,34897,20221025,2022-10-25,116,1086,1,6,4213.77,Wrong Configuration
3216,64314,20240926,2024-09-26,360,1121,4,1,83.33,Customer Cancellation
3217,117968,20241124,2024-11-24,976,1055,1,21,8773.74,Wrong Configuration
3218,31781,20211219,2021-12-19,551,1164,1,9,375.66,Defect
3219,28818,20220206,2022-02-06,755,1083,1,24,16503.69,Customer Cancellation
3220,60903,20231113,2023-11-13,1105,1048,2,22,8847.55,Shipping Damage
3221,71050,20220418,2022-04-18,972,1031,1,1,679.66,Other
3222,81313,20240120,2024-01-20,836,1099,1,11,8753.96,Defect
3223,2573,20250316,2025-03-16,856,1107,3,38,44242.41,Wrong Configuration
3224,61019,20220820,2022-08-20,759,1183,2,4,601.92,Wrong Configuration
3225,57032,20231102,2023-11-02,287,1190,6,1,212.98,Wrong Configuration
3226,116238,20251113,2025-11-13,347,1062,1,12,2515.6,Wrong Configuration
3227,113782,20210409,2021-04-09,564,1013,9,1,810.23,Wrong Configuration
3228,57287,20241222,2024-12-22,809,1142,6,4,2794.19,Customer Cancellation
3229,48431,20230129,2023-01-29,951,1124,6,12,1052.74,Other
3230,51547,20231205,2023-12-05,987,1199,4,1,241.5,Other
3231,47917,20240317,2024-03-17,146,1067,7,4,661.18,Defect
3232,27885,20240320,2024-03-20,115,1022,6,3,2193.65,Shipping Damage
3233,83420,20251008,2025-10-08,1064,1082,5,42,38339.84,Customer Cancellation
3234,7292,20211217,2021-12-17,508,1154,10,5,3077.51,Shipping Damage
3235,115583,20250516,2025-05-16,139,1097,2,6,4384.95,Defect
3236,37710,20250518,2025-05-18,242,1029,10,7,3449.62,Shipping Damage
3237,66049,20230721,2023-07-21,973,1189,1,6,1455.9,Defect
3238,86344,20250417,2025-04-17,301,1059,1,39,15597.17,Wrong Configuration
3239,57476,20250826,2025-08-26,939,1137,6,2,124.56,Other
3240,63985,20230518,2023-05-18,388,1126,6,2,124.97,Customer Cancellation
3241,65385,20251119,2025-11-19,1152,1012,6,23,20477.47,Other
3242,55657,20230922,2023-09-22,1178,1116,7,12,16859.33,Wrong Configuration
3243,18120,20241007,2024-10-07,78,1082,9,6,5735.21,Shipping Damage
3244,100198,20210616,2021-06-16,989,1138,4,1,75.77,Other
3245,65947,20220915,2022-09-15,1158,1066,6,9,1392.3,Defect
3246,27725,20231024,2023-10-24,714,1184,5,25,4277.32,Wrong Configuration
3247,52592,20210109,2021-01-09,13,1007,2,6,5679.77,Wrong Configuration
3248,62286,20240906,2024-09-06,1036,1030,9,4,2868.2,Defect
3249,50835,20211020,2021-10-20,411,1181,6,30,5776.91,Defect
3250,41745,20210617,2021-06-17,831,1083,4,11,7689.68,Wrong Configuration
3251,44709,20250311,2025-03-11,762,1170,1,1,76.72,Wrong Configuration
3252,107630,20240608,2024-06-08,191,1170,1,1,70.83,Wrong Configuration
3253,49795,20210513,2021-05-13,533,1158,6,1,800.04,Defect
3254,3055,20240805,2024-08-05,697,1065,1,20,2385.86,Shipping Damage
3255,20678,20210821,2021-08-21,429,1014,1,5,5917.49,Customer Cancellation
3256,89530,20220505,2022-05-05,446,1093,4,2,1680.57,Defect
3257,4879,20220102,2022-01-02,295,1125,10,22,1377.42,Wrong Configuration
3258,105884,20251126,2025-11-26,95,1043,9,3,960.35,Defect
3259,58259,20210611,2021-06-11,179,1001,4,7,4969.18,Defect
3260,112456,20250415,2025-04-15,224,1092,9,33,28265.42,Shipping Damage
3261,53345,20250605,2025-06-05,353,1013,4,14,11029.4,Shipping Damage
3262,32437,20241204,2024-12-04,979,1124,10,10,713.04,Customer Cancellation
3263,42094,20240628,2024-06-28,766,1161,8,9,515.25,Wrong Configuration
3264,21514,20230408,2023-04-08,389,1160,1,2,146.67,Shipping Damage
3265,109950,20241223,2024-12-23,261,1130,9,2,185.76,Wrong Configuration
3266,20195,20220322,2022-03-22,1150,1055,4,2,819.53,Customer Cancellation
3267,43432,20230525,2023-05-25,196,1126,8,5,302.31,Defect
3268,67789,20211028,2021-10-28,118,1015,3,8,6351.28,Wrong Configuration
3269,52304,20220904,2022-09-04,57,1055,7,7,2973.13,Shipping Damage
3270,101054,20251018,2025-10-18,711,1031,2,11,7542.48,Shipping Damage
3271,4499,20241214,2024-12-14,702,1051,3,12,5795.18,Other
3272,82388,20240115,2024-01-15,476,1121,3,12,960.72,Defect
3273,4852,20250710,2025-07-10,1185,1121,3,3,272.36,Defect
3274,45094,20231213,2023-12-13,910,1118,6,12,15463.11,Customer Cancellation
3275,109138,20241228,2024-12-28,456,1179,2,17,828.12,Other
3276,81548,20231106,2023-11-06,1061,1048,6,32,15707.11,Wrong Configuration
3277,60721,20210427,2021-04-27,112,1032,8,7,3277.52,Wrong Configuration
3278,80190,20210920,2021-09-20,1149,1022,2,1,688.74,Defect
3279,6371,20231118,2023-11-18,918,1115,1,7,10489.81,Defect
3280,56977,20250129,2025-01-29,437,1003,5,1,1210.27,Wrong Configuration
3281,59465,20250306,2025-03-06,800,1050,7,4,2185.44,Other
3282,60324,20220714,2022-07-14,180,1110,8,1,1503.01,Shipping Damage
3283,27154,20241029,2024-10-29,1070,1140,7,13,11546.93,Other
3284,85137,20251016,2025-10-16,836,1120,1,5,429.49,Customer Cancellation
3285,47020,20230128,2023-01-28,970,1067,5,1,201.61,Other
3286,10877,20240321,2024-03-21,135,1087,7,4,2047.29,Defect
3287,115842,20210606,2021-06-06,326,1150,6,5,3071.73,Wrong Configuration
3288,22374,20231016,2023-10-16,1041,1033,4,4,2278.39,Defect
3289,8548,20240510,2024-05-10,479,1124,1,16,1546.47,Defect
3290,71106,20211108,2021-11-08,173,1099,6,18,10734.66,Wrong Configuration
3291,7520,20231224,2023-12-24,583,1142,2,7,4127.26,Defect
3292,29531,20230412,2023-04-12,108,1117,10,1,1083.01,Other
3293,28641,20250909,2025-09-09,7,1030,7,1,683.17,Defect
3294,64794,20220428,2022-04-28,1020,1114,4,14,19912.19,Wrong Configuration
3295,18534,20221107,2022-11-07,1148,1020,8,13,5795.76,Other
3296,65336,20220119,2022-01-19,678,1074,1,7,694.93,Defect
3297,102941,20241116,2024-11-16,275,1180,10,24,5851.19,Defect
3298,90493,20240110,2024-01-10,459,1137,6,22,1354.25,Customer Cancellation
3299,2144,20251228,2025-12-28,569,1072,3,7,1297.13,Defect
3300,86170,20210531,2021-05-31,869,1168,10,33,1604.74,Customer Cancellation
3301,51875,20221015,2022-10-15,752,1189,10,11,2524.19,Shipping Damage
3302,25266,20250427,2025-04-27,95,1040,9,9,3462.77,Defect
3303,76859,20251124,2025-11-24,636,1165,9,3,176.04,Wrong Configuration
3304,63692,20221003,2022-10-03,362,1035,9,1,553.32,Wrong Configuration
3305,70660,20221010,2022-10-10,419,1172,5,4,218.0,Customer Cancellation
3306,94778,20220513,2022-05-13,692,1147,5,4,3298.53,Defect
3307,108680,20240619,2024-06-19,106,1036,4,5,2774.94,Defect
3308,18787,20240224,2024-02-24,742,1053,6,4,1496.51,Customer Cancellation
3309,72396,20230412,2023-04-12,592,1158,2,7,4600.22,Wrong Configuration
3310,39939,20231223,2023-12-23,203,1128,7,1,57.58,Customer Cancellation
3311,66883,20250307,2025-03-07,332,1013,5,34,26540.09,Wrong Configuration
3312,66310,20210401,2021-04-01,829,1184,2,1,171.13,Customer Cancellation
3313,95971,20211214,2021-12-14,644,1189,6,3,738.17,Customer Cancellation
3314,87290,20240310,2024-03-10,843,1133,5,19,2012.33,Defect
3315,98672,20240117,2024-01-17,1032,1021,1,16,9970.52,Customer Cancellation
3316,82926,20230506,2023-05-06,763,1188,5,11,2252.01,Customer Cancellation
3317,113674,20220823,2022-08-23,224,1087,9,24,10230.77,Customer Cancellation
3318,108931,20250725,2025-07-25,839,1125,10,9,794.37,Customer Cancellation
3319,22482,20210721,2021-07-21,8,1053,10,6,1923.46,Other
3320,11465,20250228,2025-02-28,85,1043,8,1,384.94,Other
3321,51712,20220312,2022-03-12,426,1075,2,7,1126.03,Defect
3322,39609,20250209,2025-02-09,982,1084,4,29,15652.06,Customer Cancellation
3323,88531,20241206,2024-12-06,187,1050,8,9,4236.62,Defect
3324,73975,20250428,2025-04-28,459,1064,6,26,5229.66,Shipping Damage
3325,31188,20240529,2024-05-29,1011,1087,1,5,2692.04,Wrong Configuration
3326,15667,20220310,2022-03-10,135,1124,7,2,186.9,Shipping Damage
3327,79528,20240826,2024-08-26,688,1193,9,7,1484.96,Defect
3328,91739,20241008,2024-10-08,1079,1154,6,32,16667.37,Defect
3329,26387,20250226,2025-02-26,421,1064,8,15,3563.78,Customer Cancellation
3330,17165,20250301,2025-03-01,200,1035,2,6,3330.97,Other
3331,28368,20241029,2024-10-29,436,1032,1,30,13869.47,Other
3332,19958,20251102,2025-11-02,1177,1163,2,16,772.84,Other
3333,54790,20221026,2022-10-26,779,1121,1,2,152.73,Defect
3334,18528,20250123,2025-01-23,308,1147,1,1,820.9,Defect
3335,63913,20240714,2024-07-14,728,1128,5,2,115.27,Defect
3336,79368,20250228,2025-02-28,220,1183,6,3,570.17,Defect
3337,81338,20231226,2023-12-26,70,1119,1,16,22070.25,Wrong Configuration
3338,78704,20210426,2021-04-26,1063,1054,6,11,4341.3,Defect
3339,89397,20210815,2021-08-15,158,1004,4,3,2070.36,Customer Cancellation
3340,15935,20240309,2024-03-09,615,1113,6,1,1810.24,Wrong Configuration
3341,22995,20250609,2025-06-09,905,1000,6,1,795.76,Defect
3342,84999,20240722,2024-07-22,1171,1099,3,5,4177.19,Other
3343,90650,20220624,2022-06-24,843,1115,5,15,18947.12,Defect
3344,96706,20230115,2023-01-15,95,1082,9,1,810.29,Defect
3345,53368,20230227,2023-02-27,579,1114,2,26,31946.94,Customer Cancellation
3346,33590,20250120,2025-01-20,900,1170,9,3,214.97,Defect
3347,70025,20221218,2022-12-18,349,1168,1,36,1937.87,Defect
3348,35457,20230307,2023-03-07,459,1007,6,4,3805.23,Defect
3349,86411,20220918,2022-09-18,602,1166,4,3,178.53,Other
3350,84579,20220312,2022-03-12,724,1138,2,18,1270.14,Defect
3351,49135,20251101,2025-11-01,759,1159,2,8,4399.77,Wrong Configuration
3352,102225,20210323,2021-03-23,316,1076,1,3,435.48,Defect
3353,107812,20231108,2023-11-08,516,1136,8,7,465.92,Wrong Configuration
3354,6246,20210523,2021-05-23,317,1185,1,3,564.22,Wrong Configuration
3355,14166,20220611,2022-06-11,146,1186,7,12,2437.09,Wrong Configuration
3356,30670,20220610,2022-06-10,1150,1038,4,2,1258.41,Customer Cancellation
3357,23031,20240216,2024-02-16,620,1053,6,3,1223.34,Defect
3358,16950,20241201,2024-12-01,578,1108,9,8,12863.04,Customer Cancellation
3359,102069,20250828,2025-08-28,985,1118,1,1,1663.56,Defect
3360,57666,20250128,2025-01-28,678,1120,1,21,1732.42,Wrong Configuration
3361,98571,20251004,2025-10-04,678,1004,1,10,7904.22,Customer Cancellation
3362,28176,20230121,2023-01-21,946,1019,3,11,10620.41,Other
3363,43341,20221019,2022-10-19,180,1175,8,4,241.9,Defect
3364,49184,20250217,2025-02-17,474,1149,1,25,18031.87,Customer Cancellation
3365,45890,20210628,2021-06-28,969,1070,1,1,134.47,Defect
3366,52212,20250808,2025-08-08,1086,1070,9,14,1883.93,Defect
3367,21130,20230426,2023-04-26,70,1018,1,9,10112.32,Defect
3368,52543,20251124,2025-11-24,950,1116,9,4,5930.94,Customer Cancellation
3369,118826,20241005,2024-10-05,688,1170,9,7,492.8,Defect
3370,63633,20250716,2025-07-16,2,1116,5,1,1450.49,Shipping Damage
3371,110916,20220727,2022-07-27,180,1155,8,3,1620.48,Customer Cancellation
3372,57166,20230905,2023-09-05,151,1110,1,1,1635.63,Wrong Configuration
3373,56052,20250709,2025-07-09,1073,1102,5,11,13936.83,Defect
3374,92362,20221108,2022-11-08,1156,1152,1,4,2989.41,Defect
3375,115386,20221231,2022-12-31,630,1046,3,8,3278.1,Customer Cancellation
3376,25098,20221125,2022-11-25,570,1184,6,6,925.36,Defect
3377,70880,20240315,2024-03-15,1130,1009,6,2,1871.82,Other
3378,64696,20240220,2024-02-20,633,1133,1,1,106.87,Customer Cancellation
3379,101452,20250705,2025-07-05,522,1109,8,1,1140.4,Customer Cancellation
3380,119579,20241011,2024-10-11,1006,1094,5,16,12570.76,Defect
3381,111045,20251111,2025-11-11,588,1088,8,1,1008.69,Defect
3382,25900,20230316,2023-03-16,834,1013,9,2,1897.09,Customer Cancellation
3383,87000,20220529,2022-05-29,425,1172,1,66,2831.27,Wrong Configuration
3384,80875,20211110,2021-11-10,755,1193,1,13,2238.04,Wrong Configuration
3385,79117,20231023,2023-10-23,203,1121,7,1,88.95,Customer Cancellation
3386,117000,20240409,2024-04-09,163,1067,8,4,608.22,Customer Cancellation
3387,90042,20250329,2025-03-29,971,1184,6,5,880.02,Customer Cancellation
3388,53573,20211010,2021-10-10,506,1106,4,1,1293.6,Defect
3389,46564,20230313,2023-03-13,1041,1123,4,11,837.72,Defect
3390,43333,20250301,2025-03-01,1152,1024,6,23,12000.37,Wrong Configuration
3391,37860,20241110,2024-11-10,356,1116,5,1,1662.12,Wrong Configuration
3392,28826,20251001,2025-10-01,146,1044,7,12,4528.28,Defect
3393,60247,20210715,2021-07-15,678,1095,1,27,12388.46,Defect
3394,92596,20230219,2023-02-19,479,1083,1,8,5650.62,Other
3395,115737,20250926,2025-09-26,793,1016,4,14,12638.9,Customer Cancellation
3396,89635,20230302,2023-03-02,1056,1138,2,1,86.28,Shipping Damage
3397,82211,20241130,2024-11-30,459,1097,6,32,20912.18,Other
3398,17815,20251007,2025-10-07,18,1045,6,1,445.02,Other
3399,10667,20230313,2023-03-13,165,1121,1,3,251.86,Defect
3400,77439,20210619,2021-06-19,1115,1076,5,1,155.21,Defect
3401,50590,20240601,2024-06-01,760,1139,4,6,556.63,Customer Cancellation
3402,46424,20221006,2022-10-06,903,1112,10,26,33916.25,Wrong Configuration
3403,21895,20210221,2021-02-21,413,1197,1,6,1218.09,Shipping Damage
3404,64693,20250601,2025-06-01,1198,1102,2,1,1552.43,Customer Cancellation
3405,22989,20210219,2021-02-19,636,1190,9,3,614.45,Wrong Configuration
3406,30636,20240715,2024-07-15,257,1073,2,4,627.72,Shipping Damage
3407,63778,20230418,2023-04-18,262,1031,9,4,2852.09,Defect
3408,19538,20230226,2023-02-26,1196,1048,2,2,1048.5,Defect
3409,78142,20211212,2021-12-12,689,1119,1,43,60991.29,Defect
3410,82089,20220808,2022-08-08,578,1055,9,21,7882.81,Customer Cancellation
3411,15193,20250908,2025-09-08,988,1026,7,12,7766.91,Defect
3412,118077,20240717,2024-07-17,459,1009,6,1,809.89,Other
3413,42362,20251021,2025-10-21,467,1075,6,12,1940.76,Wrong Configuration
3414,12800,20210309,2021-03-09,1135,1189,2,4,855.49,Other
3415,4814,20221126,2022-11-26,869,1130,10,9,579.75,Other
3416,5174,20240920,2024-09-20,326,1040,6,8,2915.09,Other
3417,38618,20240320,2024-03-20,702,1056,3,6,2300.65,Other
3418,92452,20250728,2025-07-28,488,1045,1,1,416.67,Wrong Configuration
3419,116400,20250121,2025-01-21,451,1041,4,5,1341.83,Defect
3420,13362,20220224,2022-02-24,707,1018,4,5,4291.61,Wrong Configuration
3421,109001,20240126,2024-01-26,582,1058,5,9,4292.66,Wrong Configuration
3422,91389,20211222,2021-12-22,332,1077,5,6,744.51,Defect
3423,6668,20240411,2024-04-11,712,1032,8,6,3466.89,Defect
3424,44968,20220112,2022-01-12,1064,1005,5,26,17661.9,Other
3425,73457,20250221,2025-02-21,439,1170,2,2,130.4,Shipping Damage
3426,47817,20220821,2022-08-21,1075,1150,4,5,3134.85,Wrong Configuration
3427,83650,20210719,2021-07-19,395,1076,8,18,2267.41,Wrong Configuration
3428,18064,20220219,2022-02-19,697,1169,1,26,907.92,Customer Cancellation
3429,59653,20230921,2023-09-21,411,1067,6,41,6546.92,Other
3430,80575,20241214,2024-12-14,989,1047,4,1,624.78,Defect
3431,40204,20210727,2021-07-27,696,1045,7,5,1805.95,Other
3432,98673,20251023,2025-10-23,923,1184,8,17,2866.87,Customer Cancellation
3433,5217,20211108,2021-11-08,573,1016,3,4,3729.42,Defect
3434,20797,20221125,2022-11-25,249,1083,1,5,3773.14,Shipping Damage
3435,31500,20220502,2022-05-02,701,1048,6,4,1885.03,Defect
3436,23769,20221214,2022-12-14,582,1093,5,10,6926.27,Shipping Damage
3437,48318,20240805,2024-08-05,833,1186,3,7,1818.74,Other
3438,79378,20230930,2023-09-30,539,1138,6,6,484.81,Wrong Configuration
3439,70734,20210607,2021-06-07,488,1136,1,4,284.02,Wrong Configuration
3440,66517,20220509,2022-05-09,780,1109,1,1,1230.85,Shipping Damage
3441,77516,20231125,2023-11-25,750,1159,4,4,2244.28,Wrong Configuration
3442,6517,20240413,2024-04-13,592,1033,2,8,4915.05,Defect
3443,41135,20220123,2022-01-23,381,1143,8,15,9537.2,Shipping Damage
3444,91047,20210910,2021-09-10,642,1128,4,11,602.62,Defect
3445,36069,20210607,2021-06-07,469,1188,1,3,568.66,Wrong Configuration
3446,104768,20240223,2024-02-23,621,1042,8,7,3009.03,Customer Cancellation
3447,6187,20250110,2025-01-10,687,1088,3,15,15070.32,Customer Cancellation
3448,53059,20220914,2022-09-14,678,1183,1,11,1531.87,Defect
3449,111152,20210706,2021-07-06,164,1022,9,2,1245.59,Customer Cancellation
3450,67973,20240617,2024-06-17,318,1022,6,15,9260.87,Shipping Damage
3451,62450,20250525,2025-05-25,738,1088,3,1,885.66,Wrong Configuration
3452,109171,20250418,2025-04-18,869,1181,10,19,3790.73,Defect
3453,77050,20250612,2025-06-12,55,1067,4,55,10843.33,Wrong Configuration
3454,66606,20231222,2023-12-22,871,1128,1,2,105.19,Other
3455,80133,20221223,2022-12-23,228,1196,1,1,199.55,Customer Cancellation
3456,38870,20211030,2021-10-30,663,1032,5,12,6217.64,Defect
3457,42759,20210924,2021-09-24,982,1185,4,20,4635.35,Wrong Configuration
3458,93440,20251007,2025-10-07,1129,1090,1,2,1437.01,Customer Cancellation
3459,15715,20241103,2024-11-03,670,1124,5,4,414.9,Shipping Damage
3460,42593,20220225,2022-02-25,864,1052,6,6,2578.58,Wrong Configuration
3461,83929,20221012,2022-10-12,763,1117,5,3,2902.33,Wrong Configuration
3462,10724,20211225,2021-12-25,1164,1009,9,3,2558.05,Wrong Configuration
3463,27966,20250930,2025-09-30,542,1062,8,8,1694.42,Wrong Configuration
3464,30507,20210503,2021-05-03,361,1094,6,8,6204.7,Customer Cancellation
3465,39058,20250414,2025-04-14,486,1087,1,49,19659.45,Defect
3466,29775,20241203,2024-12-03,246,1038,4,16,8759.86,Shipping Damage
3467,71656,20230212,2023-02-12,711,1096,2,30,25683.62,Defect
3468,32709,20250427,2025-04-27,625,1065,4,8,1166.68,Other
3469,82841,20240512,2024-05-12,1079,1075,6,31,4963.09,Customer Cancellation
3470,30627,20250605,2025-06-05,944,1141,5,25,14697.48,Wrong Configuration
3471,114189,20251222,2025-12-22,161,1082,6,8,6886.46,Shipping Damage
3472,90960,20210129,2021-01-29,539,1099,6,5,4166.76,Defect
3473,74251,20220511,2022-05-11,318,1022,6,9,5033.83,Defect
3474,102395,20210627,2021-06-27,756,1136,2,7,533.63,Customer Cancellation
3475,51296,20240107,2024-01-07,349,1189,1,13,3120.55,Wrong Configuration
3476,51271,20210128,2021-01-28,489,1151,2,3,1442.6,Other
3477,40953,20220110,2022-01-10,891,1179,6,21,890.6,Customer Cancellation
3478,5810,20220728,2022-07-28,578,1186,9,49,9300.66,Defect
3479,105940,20221105,2022-11-05,842,1104,1,20,18336.77,Customer Cancellation
3480,118341,20250716,2025-07-16,968,1188,7,1,259.18,Wrong Configuration
3481,75174,20210116,2021-01-16,421,1132,8,1,68.07,Defect
3482,69574,20210313,2021-03-13,921,1053,5,7,2240.95,Shipping Damage
3483,67641,20210317,2021-03-17,467,1161,6,3,166.4,Wrong Configuration
3484,94263,20220510,2022-05-10,1077,1103,9,9,12876.75,Defect
3485,19142,20240908,2024-09-08,380,1128,2,1,58.56,Shipping Damage
3486,71589,20220811,2022-08-11,1020,1119,4,8,10609.06,Defect
3487,15977,20250423,2025-04-23,1133,1017,10,26,24518.78,Defect
3488,114947,20210522,2021-05-22,488,1026,1,6,3194.7,Wrong Configuration
3489,77986,20240920,2024-09-20,459,1044,6,4,1515.28,Wrong Configuration
3490,33152,20241018,2024-10-18,798,1049,1,1,343.28,Customer Cancellation
3491,67098,20230313,2023-03-13,666,1053,5,1,393.02,Defect
3492,69565,20251205,2025-12-05,834,1130,9,4,358.97,Other
3493,9130,20220305,2022-03-05,726,1165,10,1,56.42,Customer Cancellation
3494,43975,20240317,2024-03-17,1132,1119,3,14,20405.87,Defect
3495,53855,20221227,2022-12-27,275,1161,10,10,571.12,Defect
3496,109478,20240530,2024-05-30,537,1051,5,1,440.52,Wrong Configuration
3497,15892,20250908,2025-09-08,108,1099,10,5,4506.5,Customer Cancellation
3498,33193,20250826,2025-08-26,569,1068,3,10,1740.95,Defect
3499,83042,20210605,2021-06-05,860,1112,6,1,1387.31,Shipping Damage
3500,44162,20210413,2021-04-13,1070,1119,7,7,9846.27,Wrong Configuration
3501,108258,20220703,2022-07-03,297,1185,1,11,2276.75,Customer Cancellation
3502,18628,20251203,2025-12-03,344,1117,6,1,964.01,Shipping Damage
3503,117926,20231216,2023-12-16,607,1113,1,24,31737.12,Defect
3504,116754,20251115,2025-11-15,111,1125,1,32,2762.76,Shipping Damage
3505,11233,20240830,2024-08-30,1071,1173,5,4,214.2,Shipping Damage
3506,6453,20230627,2023-06-27,831,1067,4,6,1155.8,Defect
3507,35989,20221110,2022-11-10,1073,1168,5,16,980.62,Defect
3508,9790,20230712,2023-07-12,10,1173,9,1,53.91,Other
3509,6852,20241213,2024-12-13,1134,1166,1,2,125.17,Customer Cancellation
3510,89247,20250912,2025-09-12,793,1058,4,12,6204.82,Customer Cancellation
3511,55991,20230325,2023-03-25,164,1177,9,14,674.13,Shipping Damage
3512,51033,20211103,2021-11-03,680,1060,8,3,483.06,Customer Cancellation
3513,54976,20241102,2024-11-02,290,1083,1,1,792.76,Customer Cancellation
3514,89137,20220317,2022-03-17,1055,1177,2,1,42.09,Wrong Configuration
3515,46914,20250518,2025-05-18,1198,1189,2,2,570.83,Customer Cancellation
3516,108834,20211019,2021-10-19,262,1020,9,2,886.26,Defect
3517,38353,20210604,2021-06-04,839,1180,10,1,256.33,Wrong Configuration
3518,77728,20250531,2025-05-31,1000,1052,1,1,444.72,Shipping Damage
3519,93269,20240526,2024-05-26,1075,1051,4,6,2596.44,Shipping Damage
3520,64997,20230117,2023-01-17,644,1193,6,5,1046.14,Shipping Damage
3521,66050,20251114,2025-11-14,421,1003,8,5,6480.66,Defect
3522,70582,20230422,2023-04-22,763,1162,5,14,842.57,Wrong Configuration
3523,79229,20220528,2022-05-28,58,1162,8,14,827.3,Wrong Configuration
3524,107746,20250807,2025-08-07,62,1197,8,1,192.83,Shipping Damage
3525,112085,20240709,2024-07-09,100,1128,10,16,851.9,Wrong Configuration
3526,94205,20250412,2025-04-12,625,1181,4,4,961.83,Wrong Configuration
3527,64303,20221013,2022-10-13,186,1038,1,22,12779.98,Customer Cancellation
3528,81180,20210809,2021-08-09,386,1077,4,18,2217.97,Defect
3529,82277,20250227,2025-02-27,415,1033,5,13,7923.76,Defect
3530,47829,20240408,2024-04-08,20,1139,4,2,196.24,Customer Cancellation
3531,90296,20241104,2024-11-04,80,1114,2,1,1639.85,Defect
3532,94408,20240116,2024-01-16,157,1124,1,58,4578.52,Defect
3533,1473,20211109,2021-11-09,840,1017,2,22,17902.77,Defect
3534,83477,20250920,2025-09-20,476,1047,3,2,1264.92,Customer Cancellation
3535,106657,20250716,2025-07-16,1110,1162,5,28,1585.55,Defect
3536,93491,20220421,2022-04-21,311,1034,6,15,8955.93,Other
3537,14791,20250124,2025-01-24,1039,1057,2,30,13160.76,Defect
3538,28493,20210614,2021-06-14,1163,1004,9,1,817.5,Defect
3539,47436,20250113,2025-01-13,85,1195,8,3,723.76,Wrong Configuration
3540,16371,20250125,2025-01-25,633,1126,1,5,332.01,Defect
3541,101635,20211030,2021-10-30,729,1125,2,7,473.73,Wrong Configuration
3542,36906,20250227,2025-02-27,1200,1075,5,2,350.98,Other
3543,99580,20240128,2024-01-28,149,1085,8,21,15664.46,Defect
3544,83882,20221211,2022-12-11,666,1159,5,5,2826.15,Wrong Configuration
3545,80287,20241126,2024-11-26,56,1031,6,1,672.37,Customer Cancellation
3546,2443,20240117,2024-01-17,466,1086,6,18,14071.74,Customer Cancellation
3547,65601,20230803,2023-08-03,474,1015,1,25,20248.06,Customer Cancellation
3548,22183,20241222,2024-12-22,57,1012,7,9,9316.09,Shipping Damage
3549,14793,20250813,2025-08-13,738,1112,3,1,1522.36,Wrong Configuration
3550,1236,20220930,2022-09-30,408,1136,4,3,229.88,Customer Cancellation
3551,105188,20241109,2024-11-09,459,1010,6,15,15872.58,Customer Cancellation
3552,107094,20241105,2024-11-05,657,1163,7,3,136.0,Wrong Configuration
3553,20249,20240131,2024-01-31,41,1032,4,14,7575.66,Customer Cancellation
3554,98362,20240802,2024-08-02,468,1056,5,14,6146.84,Customer Cancellation
3555,78517,20240223,2024-02-23,747,1153,6,14,8295.48,Customer Cancellation
3556,44993,20221023,2022-10-23,452,1062,1,1,211.46,Defect
3557,89570,20250526,2025-05-26,577,1110,10,5,8001.69,Defect
3558,25750,20230512,2023-05-12,493,1170,6,14,806.91,Defect
3559,57475,20220408,2022-04-08,356,1115,5,1,1480.23,Defect
3560,53377,20251020,2025-10-20,303,1042,1,6,2297.03,Customer Cancellation
3561,71480,20230303,2023-03-03,17,1031,1,13,7637.69,Defect
3562,58420,20250918,2025-09-18,1086,1069,9,37,7417.83,Customer Cancellation
3563,93047,20220820,2022-08-20,1152,1196,6,31,4858.11,Defect
3564,110748,20231020,2023-10-20,345,1130,6,4,309.33,Other
3565,5375,20230311,2023-03-11,298,1188,10,3,724.23,Defect
3566,115241,20210111,2021-01-11,501,1035,5,10,4629.84,Defect
3567,112105,20241119,2024-11-19,588,1128,8,9,499.52,Shipping Damage
3568,79895,20250305,2025-03-05,752,1097,10,12,8294.94,Wrong Configuration
3569,109896,20240103,2024-01-03,1077,1189,9,32,8159.09,Defect
3570,91014,20221224,2022-12-24,939,1095,6,16,6816.01,Defect
3571,13239,20250605,2025-06-05,577,1078,10,1,281.02,Customer Cancellation
3572,67669,20230401,2023-04-01,991,1059,7,21,8056.45,Other
3573,53509,20240103,2024-01-03,529,1003,6,1,1243.14,Wrong Configuration
3574,110674,20210123,2021-01-23,1154,1063,1,4,690.62,Wrong Configuration
3575,16671,20230624,2023-06-24,588,1053,8,31,12440.02,Defect
3576,28117,20241125,2024-11-25,530,1076,5,8,1191.29,Defect
3577,1865,20241019,2024-10-19,1073,1070,5,11,1486.02,Wrong Configuration
3578,112056,20211018,2021-10-18,141,1193,4,7,1162.63,Wrong Configuration
3579,41414,20230410,2023-04-10,783,1074,4,1,124.72,Customer Cancellation
3580,85975,20230427,2023-04-27,836,1161,1,1,64.26,Wrong Configuration
3581,77177,20250818,2025-08-18,186,1089,1,14,10566.45,Shipping Damage
3582,117957,20250517,2025-05-17,536,1139,7,1,108.12,Customer Cancellation
3583,8312,20220318,2022-03-18,524,1071,7,12,1511.28,Defect
3584,56192,20230716,2023-07-16,305,1195,8,7,1544.07,Shipping Damage
3585,44751,20230215,2023-02-15,478,1109,5,1,1291.08,Customer Cancellation
3586,108809,20230312,2023-03-12,722,1041,8,15,3947.27,Wrong Configuration
3587,22429,20230825,2023-08-25,61,1044,4,1,378.45,Customer Cancellation
3588,9637,20230115,2023-01-15,124,1077,3,43,5343.96,Other
3589,63828,20231126,2023-11-26,606,1140,1,24,21846.17,Shipping Damage
3590,79792,20221030,2022-10-30,118,1054,3,3,1474.15,Shipping Damage
3591,52786,20220515,2022-05-15,349,1168,1,31,1513.81,Customer Cancellation
3592,43812,20251029,2025-10-29,743,1091,1,1,885.89,Wrong Configuration
3593,118244,20230311,2023-03-11,819,1188,8,2,488.64,Shipping Damage
3594,49853,20230113,2023-01-13,678,1193,1,13,2056.56,Other
3595,26368,20241224,2024-12-24,902,1088,6,11,9605.43,Wrong Configuration
3596,21251,20250718,2025-07-18,1126,1076,4,9,1296.95,Other
3597,10836,20240222,2024-02-22,888,1023,3,1,615.77,Customer Cancellation
3598,89799,20250309,2025-03-09,71,1014,10,4,5569.54,Customer Cancellation
3599,27472,20230622,2023-06-22,578,1077,9,20,2565.72,Customer Cancellation
3600,35827,20230802,2023-08-02,498,1193,2,1,193.91,Customer Cancellation
3601,43167,20221003,2022-10-03,305,1167,8,1,52.07,Other
3602,104269,20210910,2021-09-10,617,1032,1,3,1398.1,Defect
3603,89911,20210607,2021-06-07,338,1053,1,18,5936.82,Wrong Configuration
3604,73495,20220904,2022-09-04,8,1015,10,10,7499.89,Customer Cancellation
3605,98970,20230325,2023-03-25,130,1171,6,7,375.21,Customer Cancellation
3606,48468,20211128,2021-11-28,357,1054,8,29,12311.99,Defect
3607,21935,20250905,2025-09-05,1075,1000,4,11,7550.14,Other
3608,20341,20250211,2025-02-11,84,1095,1,2,1162.93,Defect
3609,31802,20251008,2025-10-08,542,1046,8,34,18967.05,Shipping Damage
3610,45362,20230410,2023-04-10,678,1126,1,6,349.75,Wrong Configuration
3611,49111,20240211,2024-02-11,1026,1161,6,7,520.76,Defect
3612,59878,20241024,2024-10-24,551,1186,1,11,2615.41,Wrong Configuration
3613,35509,20210712,2021-07-12,861,1086,1,23,14996.16,Defect
3614,44610,20211007,2021-10-07,77,1083,5,3,2242.77,Defect
3615,106029,20240508,2024-05-08,1148,1171,8,3,152.98,Wrong Configuration
3616,93857,20250118,2025-01-18,1161,1019,3,3,3434.57,Customer Cancellation
3617,49190,20231025,2023-10-25,898,1067,3,17,3228.21,Wrong Configuration
3618,33708,20231027,2023-10-27,1148,1090,8,5,3542.62,Customer Cancellation
3619,65834,20230307,2023-03-07,298,1060,10,2,305.53,Defect
3620,8876,20220807,2022-08-07,511,1088,7,21,18806.85,Other
3621,40723,20220120,2022-01-20,124,1092,3,22,20215.64,Defect
3622,14702,20250217,2025-02-17,246,1095,4,12,6920.15,Other
3623,77944,20240103,2024-01-03,1123,1128,4,1,58.32,Defect
3624,57999,20221231,2022-12-31,621,1035,8,12,5947.3,Wrong Configuration
3625,101100,20221013,2022-10-13,579,1059,2,34,12330.63,Defect
3626,37216,20240223,2024-02-23,616,1027,9,8,4007.86,Defect
3627,70791,20240221,2024-02-21,539,1115,6,2,2910.91,Wrong Configuration
3628,39576,20250218,2025-02-18,309,1151,8,5,3195.68,Defect
3629,59178,20210317,2021-03-17,678,1112,1,20,25876.63,Defect
3630,90263,20241119,2024-11-19,212,1175,3,17,1054.41,Other
3631,43471,20210412,2021-04-12,372,1033,1,3,1707.77,Defect
3632,56286,20241010,2024-10-10,275,1048,10,6,3614.19,Shipping Damage
3633,5639,20210729,2021-07-29,148,1009,1,2,1473.58,Customer Cancellation
3634,36169,20250426,2025-04-26,307,1164,4,4,185.15,Customer Cancellation
3635,33238,20211024,2021-10-24,678,1023,1,12,6603.77,Other
3636,117829,20251112,2025-11-12,1075,1054,4,16,7186.9,Defect
3637,15761,20240817,2024-08-17,188,1047,6,20,9600.22,Shipping Damage
3638,26562,20230526,2023-05-26,337,1113,1,10,16935.82,Defect
3639,61705,20211106,2021-11-06,678,1057,1,6,2341.33,Defect
3640,118545,20240930,2024-09-30,1025,1110,6,1,1599.75,Other
3641,66055,20240327,2024-03-27,345,1081,6,12,8526.53,Shipping Damage
3642,39095,20241113,2024-11-13,493,1032,6,26,13799.21,Wrong Configuration
3643,99208,20240528,2024-05-28,191,1196,1,2,378.24,Other
3644,40167,20231210,2023-12-10,8,1033,10,8,4290.78,Defect
3645,84871,20250131,2025-01-31,575,1199,6,7,1964.59,Shipping Damage
3646,97480,20250904,2025-09-04,1096,1082,2,2,1710.56,Customer Cancellation
3647,118048,20240722,2024-07-22,860,1085,6,12,9200.47,Defect
3648,9221,20230403,2023-04-03,901,1163,9,29,1106.49,Wrong Configuration
3649,101069,20220917,2022-09-17,859,1186,8,9,2242.69,Defect
3650,62840,20250326,2025-03-26,244,1112,3,1,1580.88,Defect
3651,106710,20241215,2024-12-15,1073,1097,5,11,7389.97,Defect
3652,78010,20250922,2025-09-22,2,1181,5,3,708.85,Defect
3653,86429,20240206,2024-02-06,694,1022,7,21,13223.12,Shipping Damage
3654,104052,20241013,2024-10-13,570,1094,6,11,8979.51,Wrong Configuration
3655,117015,20250819,2025-08-19,137,1101,2,1,1391.0,Wrong Configuration
3656,116795,20241207,2024-12-07,120,1003,2,2,2254.65,Wrong Configuration
3657,79602,20250807,2025-08-07,558,1168,10,13,719.24,Wrong Configuration
3658,88894,20230517,2023-05-17,991,1168,7,2,118.53,Shipping Damage
3659,73343,20220920,2022-09-20,1005,1175,2,1,58.54,Defect
3660,88582,20230320,2023-03-20,425,1137,1,8,537.6,Defect
3661,88726,20230504,2023-05-04,979,1006,10,12,7040.84,Defect
3662,21139,20220608,2022-06-08,896,1100,7,4,6120.95,Customer Cancellation
3663,67100,20240224,2024-02-24,411,1098,6,22,10513.45,Defect
3664,49584,20230912,2023-09-12,867,1055,8,5,1941.79,Defect
3665,92075,20250609,2025-06-09,411,1031,6,33,17827.04,Customer Cancellation
3666,33837,20230508,2023-05-08,745,1065,8,15,2213.32,Wrong Configuration
3667,105018,20240508,2024-05-08,520,1056,6,7,2759.14,Wrong Configuration
3668,68283,20250628,2025-06-28,456,1098,2,9,6004.0,Defect
3669,112200,20250213,2025-02-13,258,1024,3,5,2900.43,Defect
3670,102168,20250317,2025-03-17,297,1151,1,39,18988.77,Defect
3671,13524,20230612,2023-06-12,146,1129,7,22,1293.98,Wrong Configuration
3672,17270,20240314,2024-03-14,939,1086,6,48,35128.83,Other
3673,9591,20230107,2023-01-07,888,1007,3,1,1067.75,Customer Cancellation
3674,71352,20241217,2024-12-17,897,1160,7,13,1051.6,Shipping Damage
3675,3661,20250314,2025-03-14,315,1050,6,18,8422.72,Customer Cancellation
3676,84751,20240610,2024-06-10,798,1111,1,1,1483.45,Shipping Damage
3677,8673,20220628,2022-06-28,262,1052,9,4,1512.95,Wrong Configuration
3678,88973,20220705,2022-07-05,1049,1153,4,2,1234.66,Wrong Configuration
3679,96891,20230920,2023-09-20,122,1036,2,11,6007.83,Other
3680,84707,20251210,2025-12-10,702,1072,3,12,1964.65,Shipping Damage
3681,82848,20251112,2025-11-12,506,1118,4,2,3194.32,Defect
3682,55973,20241116,2024-11-16,131,1061,4,25,2781.32,Other
3683,28720,20250930,2025-09-30,982,1103,4,9,14478.02,Other
3684,62184,20230715,2023-07-15,634,1043,1,38,11675.3,Other
3685,104301,20221029,2022-10-29,14,1183,1,12,1952.86,Defect
3686,76733,20241119,2024-11-19,872,1028,4,25,12166.64,Customer Cancellation
3687,45889,20221212,2022-12-12,1131,1064,4,4,661.04,Other
3688,116509,20230129,2023-01-29,214,1142,6,1,659.69,Customer Cancellation
3689,28468,20230116,2023-01-16,899,1088,1,1,893.25,Wrong Configuration
3690,80494,20210907,2021-09-07,249,1189,1,3,823.41,Defect
3691,87812,20251206,2025-12-06,701,1121,6,20,1597.49,Wrong Configuration
3692,69360,20231227,2023-12-27,797,1121,3,1,85.58,Shipping Damage
3693,60703,20241006,2024-10-06,528,1028,5,20,8722.79,Defect
3694,13659,20251219,2025-12-19,1178,1165,7,17,1013.56,Customer Cancellation
3695,104862,20240822,2024-08-22,102,1116,10,2,3543.62,Defect
3696,37666,20210429,2021-04-29,976,1114,1,8,9823.24,Defect
3697,110599,20220316,2022-03-16,35,1075,3,20,2722.38,Customer Cancellation
3698,119060,20241125,2024-11-25,186,1118,1,16,21243.13,Other
3699,15244,20250603,2025-06-03,269,1015,7,20,17152.5,Other
3700,29973,20220113,2022-01-13,636,1106,9,3,3655.67,Shipping Damage
3701,104879,20221112,2022-11-12,1156,1068,1,2,360.51,Defect
3702,2725,20210502,2021-05-02,1172,1172,1,1,51.34,Wrong Configuration
3703,93525,20240310,2024-03-10,173,1089,6,39,27241.56,Other
3704,80038,20240614,2024-06-14,161,1139,6,4,365.87,Defect
3705,32550,20250411,2025-04-11,270,1113,1,2,3996.91,Wrong Configuration
3706,24930,20220208,2022-02-08,420,1137,1,2,134.7,Defect
3707,85140,20240221,2024-02-21,1147,1021,1,11,6603.98,Other
3708,71782,20220923,2022-09-23,656,1067,3,9,1297.86,Wrong Configuration
3709,13090,20240621,2024-06-21,542,1136,8,13,1061.74,Customer Cancellation
3710,34998,20250302,2025-03-02,1161,1182,3,1,313.96,Wrong Configuration
3711,118396,20251122,2025-11-22,345,1019,6,8,7255.47,Defect
3712,43439,20211201,2021-12-01,233,1053,5,3,1176.38,Wrong Configuration
3713,50736,20210729,2021-07-29,8,1018,10,2,1805.41,Defect
3714,77620,20250227,2025-02-27,1110,1004,5,6,4110.43,Customer Cancellation
3715,90545,20210420,2021-04-20,478,1183,5,2,310.95,Defect
3716,113616,20230910,2023-09-10,1155,1015,8,6,5339.23,Customer Cancellation
3717,18949,20220903,2022-09-03,437,1070,5,1,128.0,Shipping Damage
3718,57622,20250126,2025-01-26,688,1009,9,8,6734.1,Defect
3719,74593,20241227,2024-12-27,786,1070,6,6,919.26,Customer Cancellation
3720,10513,20221124,2022-11-24,976,1188,1,12,2610.78,Customer Cancellation
3721,79541,20240109,2024-01-09,511,1028,7,9,4335.97,Wrong Configuration
3722,25901,20250107,2025-01-07,1178,1174,7,2,109.2,Shipping Damage
3723,92942,20210905,2021-09-05,120,1187,2,20,5770.48,Customer Cancellation
3724,310,20220320,2022-03-20,1031,1126,6,1,62.49,Defect
3725,51163,20240508,2024-05-08,872,1183,4,11,2071.11,Other
3726,110977,20210605,2021-06-05,1155,1105,8,18,24628.02,Defect
3727,55149,20231021,2023-10-21,1063,1098,6,42,21027.6,Defect
3728,77221,20210308,2021-03-08,1106,1098,6,3,1474.11,Customer Cancellation
3729,7877,20220811,2022-08-11,167,1151,8,7,3607.38,Defect
3730,24676,20240807,2024-08-07,1086,1164,9,6,255.06,Customer Cancellation
3731,19316,20241207,2024-12-07,444,1185,2,6,1582.38,Defect
3732,22262,20240713,2024-07-13,269,1164,7,30,1230.84,Customer Cancellation
3733,89382,20240122,2024-01-22,678,1109,1,11,13314.44,Shipping Damage
3734,90688,20221207,2022-12-07,1137,1184,2,4,649.45,Defect
3735,61067,20230717,2023-07-17,436,1106,1,39,41964.73,Defect
3736,23605,20241127,2024-11-27,389,1131,1,3,290.74,Defect
3737,35472,20250818,2025-08-18,1126,1165,4,20,1224.85,Wrong Configuration
3738,20773,20230926,2023-09-26,983,1078,7,8,2224.91,Defect
3739,116207,20210113,2021-01-13,562,1020,2,2,899.97,Defect
3740,53728,20211008,2021-10-08,1032,1101,1,11,14578.55,Customer Cancellation
3741,103724,20230629,2023-06-29,116,1077,1,27,3930.92,Defect
3742,59421,20240903,2024-09-03,496,1092,3,15,13304.32,Defect
3743,80710,20240804,2024-08-04,659,1078,6,4,980.09,Wrong Configuration
3744,1541,20240801,2024-08-01,468,1083,5,26,16471.15,Customer Cancellation
3745,78762,20240110,2024-01-10,729,1104,2,7,6743.92,Defect
3746,12729,20251119,2025-11-19,712,1145,8,6,4366.24,Customer Cancellation
3747,45002,20250812,2025-08-12,982,1123,4,397,25199.66,Wrong Configuration
3748,118494,20240604,2024-06-04,616,1116,9,5,7773.62,Shipping Damage
3749,59499,20210401,2021-04-01,1154,1015,1,7,5718.24,Customer Cancellation
3750,85715,20240129,2024-01-29,526,1150,10,2,1491.76,Wrong Configuration
3751,4546,20221022,2022-10-22,242,1032,10,29,12357.08,Wrong Configuration
3752,41686,20251021,2025-10-21,697,1044,1,23,7685.28,Defect
3753,27900,20251024,2025-10-24,649,1121,1,3,279.45,Customer Cancellation
3754,15371,20230815,2023-08-15,572,1153,2,8,5083.6,Wrong Configuration
3755,64892,20241105,2024-11-05,1077,1055,9,43,17685.46,Defect
3756,14889,20211025,2021-10-25,459,1052,6,9,3207.11,Defect
3757,80582,20231004,2023-10-04,404,1136,6,26,1580.38,Customer Cancellation
3758,108490,20240124,2024-01-24,1004,1097,1,2,1464.68,Wrong Configuration
3759,105685,20250424,2025-04-24,671,1094,2,22,19025.01,Defect
3760,87062,20251012,2025-10-12,305,1185,8,22,5593.9,Defect
3761,105684,20240420,2024-04-20,268,1147,5,2,1478.84,Defect
3762,103301,20221114,2022-11-14,253,1135,2,4,297.91,Defect
3763,43930,20221020,2022-10-20,1164,1051,9,1,392.32,Wrong Configuration
3764,3657,20230126,2023-01-26,387,1040,7,5,1925.94,Shipping Damage
3765,91620,20251217,2025-12-17,606,1117,1,26,28280.98,Customer Cancellation
3766,58092,20210219,2021-02-19,389,1094,1,63,51127.93,Shipping Damage
3767,67375,20241121,2024-11-21,743,1058,1,2,1089.25,Defect
3768,5580,20231222,2023-12-22,459,1016,6,17,15990.38,Wrong Configuration
3769,45188,20210312,2021-03-12,1135,1147,2,48,29017.5,Customer Cancellation
3770,28158,20250924,2025-09-24,305,1131,8,2,209.18,Defect
3771,18620,20241130,2024-11-30,717,1176,5,3,188.79,Wrong Configuration
3772,54718,20240525,2024-05-25,177,1174,8,1,61.15,Wrong Configuration
3773,88750,20240211,2024-02-11,670,1083,5,11,8122.01,Defect
3774,36629,20210418,2021-04-18,892,1074,4,1,98.14,Wrong Configuration
3775,101719,20230726,2023-07-26,793,1143,4,11,6602.61,Customer Cancellation
3776,50665,20251123,2025-11-23,760,1191,4,6,1549.18,Defect
3777,100818,20220421,2022-04-21,578,1139,9,27,1927.81,Wrong Configuration
3778,118309,20210623,2021-06-23,841,1101,2,2,2511.91,Customer Cancellation
3779,49342,20241101,2024-11-01,345,1166,6,3,192.72,Customer Cancellation
3780,4557,20251123,2025-11-23,262,1173,9,2,109.8,Shipping Damage
3781,63125,20250610,2025-06-10,218,1159,2,3,1956.38,Wrong Configuration
3782,52571,20210626,2021-06-26,831,1022,4,3,1921.43,Defect
3783,89141,20210720,2021-07-20,275,1016,10,36,32084.56,Defect
3784,99853,20221021,2022-10-21,1026,1052,6,2,773.34,Wrong Configuration
3785,3843,20220110,2022-01-10,850,1132,5,3,227.44,Customer Cancellation
3786,67774,20241122,2024-11-22,1032,1183,1,21,3302.87,Customer Cancellation
3787,67891,20240204,2024-02-04,186,1082,1,27,20083.95,Customer Cancellation
3788,62660,20210217,2021-02-17,124,1095,3,8,3775.01,Shipping Damage
3789,66212,20221220,2022-12-20,180,1061,8,1,117.03,Shipping Damage
3790,18816,20210807,2021-08-07,1064,1134,5,6,423.52,Defect
3791,62199,20230907,2023-09-07,411,1133,6,34,3183.71,Defect
3792,50496,20210830,2021-08-30,246,1168,4,6,279.18,Other
3793,25194,20230814,2023-08-14,357,1089,8,21,14707.61,Other
3794,80282,20240909,2024-09-09,395,1199,8,6,1351.19,Shipping Damage
3795,114303,20230930,2023-09-30,409,1069,5,6,978.74,Customer Cancellation
3796,15627,20220630,2022-06-30,935,1032,9,11,6105.26,Defect
3797,6761,20240325,2024-03-25,674,1092,2,1,1019.45,Other
3798,9574,20230322,2023-03-22,563,1047,1,27,14482.72,Customer Cancellation
3799,89736,20220625,2022-06-25,934,1192,4,1,251.26,Shipping Damage
3800,108565,20221101,2022-11-01,155,1139,4,4,369.46,Other
3801,84567,20240911,2024-09-11,786,1017,6,5,4308.18,Customer Cancellation
3802,8656,20210928,2021-09-28,572,1065,2,21,2581.04,Defect
3803,92062,20220114,2022-01-14,547,1028,3,1,539.82,Defect
3804,22614,20210718,2021-07-18,1122,1095,7,8,4225.04,Defect
3805,41873,20210602,2021-06-02,701,1098,6,4,2046.99,Wrong Configuration
3806,32261,20211221,2021-12-21,92,1117,3,6,6362.41,Defect
3807,34982,20220812,2022-08-12,1179,1123,6,20,1373.07,Customer Cancellation
3808,43848,20221003,2022-10-03,1077,1053,9,4,1446.53,Wrong Configuration
3809,34587,20230707,2023-07-07,558,1173,10,8,380.46,Wrong Configuration
3810,107183,20251201,2025-12-01,689,1101,1,10,13800.93,Other
3811,39814,20231224,2023-12-24,670,1063,5,4,645.36,Defect
3812,90044,20210908,2021-09-08,497,1166,6,12,688.29,Other
3813,109169,20240401,2024-04-01,613,1169,5,5,187.85,Defect
3814,102547,20220206,2022-02-06,478,1044,5,1,394.39,Shipping Damage
3815,8587,20221111,2022-11-11,227,1113,5,1,1754.13,Defect
3816,77885,20231117,2023-11-17,891,1063,6,7,1171.12,Defect
3817,3288,20220428,2022-04-28,419,1017,5,1,885.35,Defect
3818,7731,20210127,2021-01-27,238,1051,4,2,757.14,Wrong Configuration
3819,58428,20251011,2025-10-11,186,1040,1,22,8640.4,Shipping Damage
3820,18216,20210908,2021-09-08,1034,1069,1,1,167.23,Defect
3821,84406,20240419,2024-04-19,521,1089,8,4,3078.8,Shipping Damage
3822,85996,20230121,2023-01-21,678,1126,1,10,591.28,Defect
3823,41596,20220215,2022-02-15,1095,1163,6,3,125.13,Defect
3824,2541,20241116,2024-11-16,572,1013,2,47,31962.66,Wrong Configuration
3825,94605,20211015,2021-10-15,44,1085,2,6,4233.83,Defect
3826,92012,20241208,2024-12-08,830,1039,2,2,1456.74,Defect
3827,22763,20241104,2024-11-04,513,1129,8,24,1268.33,Shipping Damage
3828,99381,20230814,2023-08-14,511,1043,7,8,2774.65,Customer Cancellation
3829,111487,20250722,2025-07-22,121,1100,10,16,23160.59,Shipping Damage
3830,92550,20221018,2022-10-18,540,1117,3,3,2934.61,Defect
3831,31339,20220131,2022-01-31,479,1106,1,14,16647.25,Defect
3832,27520,20211201,2021-12-01,982,1169,4,16,587.85,Customer Cancellation
3833,97306,20241022,2024-10-22,752,1086,10,17,14842.91,Wrong Configuration
3834,107896,20250516,2025-05-16,1128,1102,9,13,18276.99,Defect
3835,72597,20240104,2024-01-04,259,1084,2,8,4942.13,Customer Cancellation
3836,44746,20221205,2022-12-05,208,1116,9,9,12212.55,Defect
3837,13392,20250327,2025-03-27,35,1189,3,10,2311.09,Defect
3838,88794,20240413,2024-04-13,768,1128,6,2,110.05,Other
3839,67902,20240702,2024-07-02,349,1042,1,16,6493.62,Wrong Configuration
3840,43274,20240606,2024-06-06,179,1154,4,20,12747.61,Defect
3841,25065,20220630,2022-06-30,944,1083,5,18,11011.07,Wrong Configuration
3842,4791,20210108,2021-01-08,82,1131,3,1,89.56,Wrong Configuration
3843,18613,20220401,2022-04-01,78,1084,9,2,1023.44,Defect
3844,83174,20220419,2022-04-19,173,1021,6,38,22409.49,Defect
3845,70755,20240412,2024-04-12,451,1141,4,36,19032.62,Wrong Configuration
3846,92313,20230121,2023-01-21,518,1169,8,27,1225.5,Defect
3847,22178,20210621,2021-06-21,607,1092,1,35,25383.87,Shipping Damage
3848,87598,20250227,2025-02-27,101,1187,3,6,2052.32,Wrong Configuration
3849,47844,20231022,2023-10-22,689,1033,1,2,1089.91,Defect
3850,17700,20230916,2023-09-16,196,1027,8,3,1469.24,Defect
3851,2969,20210220,2021-02-20,714,1161,5,21,1305.57,Defect
3852,41538,20251129,2025-11-29,1148,1139,8,25,2347.57,Wrong Configuration
3853,18484,20210121,2021-01-21,623,1052,1,13,3810.21,Wrong Configuration
3854,17480,20240306,2024-03-06,1025,1151,6,6,3743.21,Wrong Configuration
3855,74314,20251114,2025-11-14,440,1186,2,4,1011.64,Other
3856,26493,20251123,2025-11-23,799,1145,4,1,739.07,Defect
3857,87234,20250406,2025-04-06,863,1081,6,1,838.12,Shipping Damage
3858,71363,20251014,2025-10-14,401,1065,4,3,481.98,Customer Cancellation
3859,63607,20220702,2022-07-02,540,1070,3,1,145.44,Defect
3860,10875,20251012,2025-10-12,379,1171,3,12,622.24,Shipping Damage
3861,87879,20250121,2025-01-21,1114,1111,6,12,14797.68,Defect
3862,10057,20220107,2022-01-07,164,1166,9,7,460.07,Defect
3863,47010,20210401,2021-04-01,205,1046,2,4,2085.29,Wrong Configuration
3864,111467,20230504,2023-05-04,223,1043,9,4,1246.96,Shipping Damage
3865,86971,20230602,2023-06-02,860,1032,6,1,529.69,Defect
3866,96250,20220417,2022-04-17,678,1128,1,13,671.14,Other
3867,64817,20241114,2024-11-14,212,1041,3,2,590.72,Shipping Damage
3868,48083,20240903,2024-09-03,122,1046,2,12,5995.58,Shipping Damage
3869,22230,20230111,2023-01-11,570,1043,6,19,6536.77,Defect
3870,101391,20250529,2025-05-29,808,1058,10,2,1138.1,Wrong Configuration
3871,66854,20240210,2024-02-10,673,1145,6,6,4071.07,Other
3872,93637,20221223,2022-12-23,326,1090,6,10,6754.26,Wrong Configuration
3873,10971,20210211,2021-02-11,250,1047,6,2,1055.39,Defect
3874,31732,20251017,2025-10-17,275,1058,10,12,5839.63,Other
3875,108412,20210508,2021-05-08,218,1014,2,7,8638.49,Shipping Damage
3876,53574,20221219,2022-12-19,678,1071,1,33,4594.19,Defect
3877,3897,20240125,2024-01-25,125,1029,3,34,17897.17,Wrong Configuration
3878,64420,20230329,2023-03-29,300,1128,6,1,53.74,Shipping Damage
3879,49370,20210910,2021-09-10,869,1117,10,22,21048.9,Wrong Configuration
3880,77281,20230210,2023-02-10,158,1048,4,4,2296.37,Shipping Damage
3881,34391,20241111,2024-11-11,773,1027,5,36,13607.16,Defect
3882,63162,20250217,2025-02-17,176,1184,3,13,2076.99,Shipping Damage
3883,105463,20250518,2025-05-18,344,1129,6,5,354.51,Shipping Damage
3884,71683,20220425,2022-04-25,563,1083,1,15,9445.79,Wrong Configuration
3885,103401,20221222,2022-12-22,214,1093,6,1,682.62,Wrong Configuration
3886,13564,20250226,2025-02-26,384,1180,8,1,290.62,Defect
3887,19307,20251027,2025-10-27,184,1019,3,1,1123.28,Other
3888,51552,20251121,2025-11-21,219,1199,4,20,5125.85,Shipping Damage
3889,17420,20250328,2025-03-28,1151,1134,2,3,231.62,Defect
3890,68405,20231112,2023-11-12,564,1121,9,6,517.23,Defect
3891,118162,20241219,2024-12-19,179,1056,4,4,1694.83,Defect
3892,64425,20241215,2024-12-15,640,1124,9,1,87.6,Other
3893,90083,20241129,2024-11-29,1075,1121,4,3,255.78,Defect
3894,9926,20240513,2024-05-13,164,1063,9,7,1323.97,Shipping Damage
3895,64213,20251011,2025-10-11,82,1180,3,4,1154.68,Other
3896,104863,20220612,2022-06-12,802,1151,2,37,19415.71,Wrong Configuration
3897,108863,20230223,2023-02-23,386,1007,4,13,11637.75,Shipping Damage
3898,33703,20230618,2023-06-18,370,1039,6,6,4443.89,Shipping Damage
3899,69729,20220829,2022-08-29,471,1169,6,1,41.7,Wrong Configuration
3900,99179,20210507,2021-05-07,65,1186,1,10,2127.84,Wrong Configuration
3901,117044,20240315,2024-03-15,28,1048,1,16,7805.65,Wrong Configuration
3902,54447,20240131,2024-01-31,869,1008,10,10,7532.49,Other
3903,49405,20240425,2024-04-25,344,1075,6,2,370.28,Customer Cancellation
3904,8231,20241106,2024-11-06,569,1078,3,32,8894.43,Customer Cancellation
3905,18491,20250509,2025-05-09,987,1114,4,2,3060.83,Defect
3906,43896,20251221,2025-12-21,283,1099,5,3,2851.77,Shipping Damage
3907,42457,20220109,2022-01-09,357,1029,8,4,2000.15,Defect
3908,19403,20210120,2021-01-20,1105,1161,2,47,2439.05,Wrong Configuration
3909,118971,20250305,2025-03-05,124,1053,3,9,3211.83,Customer Cancellation
3910,85015,20230109,2023-01-09,791,1039,8,1,699.25,Defect
3911,40836,20230216,2023-02-16,403,1184,4,8,1424.12,Defect
3912,47297,20230213,2023-02-13,435,1086,7,16,10639.62,Wrong Configuration
3913,6109,20251203,2025-12-03,653,1151,9,1,618.62,Defect
3914,8342,20231011,2023-10-11,508,1016,10,2,2247.6,Defect
3915,73235,20231029,2023-10-29,979,1167,10,11,562.45,Defect
3916,66885,20250907,2025-09-07,1167,1011,6,2,2002.71,Wrong Configuration
3917,54677,20210620,2021-06-20,183,1051,4,1,393.31,Shipping Damage
3918,42190,20240301,2024-03-01,687,1091,3,14,10759.14,Defect
3919,4251,20230406,2023-04-06,493,1194,6,13,3449.8,Wrong Configuration
3920,27022,20230906,2023-09-06,843,1011,5,32,24247.08,Customer Cancellation
3921,95154,20221110,2022-11-10,872,1078,4,10,2338.78,Wrong Configuration
3922,95171,20231227,2023-12-27,725,1198,5,12,2667.02,Shipping Damage
3923,26665,20221125,2022-11-25,862,1069,10,4,730.21,Customer Cancellation
3924,77914,20230123,2023-01-23,923,1135,8,28,2122.24,Shipping Damage
3925,16526,20240712,2024-07-12,1178,1149,7,22,17292.88,Wrong Configuration
3926,94767,20231022,2023-10-22,1012,1179,2,1,45.05,Customer Cancellation
3927,57961,20210724,2021-07-24,725,1139,5,24,2065.35,Defect
3928,62156,20221116,2022-11-16,861,1068,1,17,2885.05,Customer Cancellation
3929,34066,20250124,2025-01-24,762,1174,1,4,256.38,Customer Cancellation
3930,97323,20250621,2025-06-21,262,1013,9,14,12445.16,Customer Cancellation
3931,91724,20250318,2025-03-18,569,1121,3,10,820.64,Shipping Damage
3932,104113,20220911,2022-09-11,663,1119,5,9,12764.79,Shipping Damage
3933,48319,20240618,2024-06-18,222,1183,8,15,2612.04,Wrong Configuration
3934,85842,20210404,2021-04-04,1156,1126,1,12,639.44,Defect
3935,38407,20250618,2025-06-18,607,1124,1,38,3186.3,Wrong Configuration
3936,108094,20230105,2023-01-05,259,1009,2,3,2463.81,Shipping Damage
3937,20800,20210628,2021-06-28,707,1085,4,1,767.92,Defect
3938,111780,20210809,2021-08-09,967,1176,9,1,58.76,Other
3939,23127,20241102,2024-11-02,391,1118,1,4,5860.53,Customer Cancellation
3940,62945,20221023,2022-10-23,678,1177,1,11,425.46,Defect
3941,21957,20230323,2023-03-23,1114,1120,6,29,2231.12,Other
3942,40965,20240410,2024-04-10,535,1129,9,33,1883.07,Wrong Configuration
3943,104837,20251122,2025-11-22,511,1133,7,8,856.28,Defect
3944,33545,20210905,2021-09-05,379,1168,3,20,1098.96,Customer Cancellation
3945,108655,20241005,2024-10-05,225,1037,6,4,2320.72,Wrong Configuration
3946,69244,20240118,2024-01-18,579,1164,2,12,444.62,Other
3947,44315,20231216,2023-12-16,451,1151,4,37,18291.96,Wrong Configuration
3948,39611,20241002,2024-10-02,77,1017,5,6,6305.72,Wrong Configuration
3949,97987,20220529,2022-05-29,903,1011,10,26,21347.81,Other
3950,40062,20221116,2022-11-16,747,1060,6,9,1089.83,Shipping Damage
3951,41297,20240722,2024-07-22,246,1198,4,17,3963.76,Customer Cancellation
3952,2533,20230519,2023-05-19,553,1135,1,15,1116.51,Other
3953,65484,20220628,2022-06-28,994,1108,3,5,8198.67,Defect
3954,46377,20240713,2024-07-13,224,1016,9,47,47972.13,Defect
3955,15737,20230912,2023-09-12,528,1074,5,2,205.37,Wrong Configuration
3956,113032,20220817,2022-08-17,696,1027,7,1,406.24,Customer Cancellation
3957,99254,20210528,2021-05-28,469,1124,1,4,324.18,Customer Cancellation
3958,71015,20210109,2021-01-09,184,1003,3,1,1008.56,Defect
3959,90955,20250129,2025-01-29,326,1071,6,13,2047.5,Customer Cancellation
3960,96798,20230308,2023-03-08,1103,1092,4,6,5384.04,Defect
3961,69605,20220625,2022-06-25,1130,1186,6,1,223.66,Wrong Configuration
3962,56340,20230524,2023-05-24,563,1031,1,72,42157.07,Customer Cancellation
3963,81059,20250816,2025-08-16,354,1000,1,10,6919.08,Customer Cancellation
3964,95220,20250530,2025-05-30,530,1086,5,3,2365.21,Defect
3965,57668,20210818,2021-08-18,1161,1076,3,5,718.79,Wrong Configuration
3966,109321,20220221,2022-02-21,415,1180,5,7,1821.78,Shipping Damage
3967,21649,20230615,2023-06-15,578,1086,9,14,9133.54,Defect
3968,35611,20240928,2024-09-28,149,1056,8,9,4258.64,Customer Cancellation
3969,81996,20231206,2023-12-06,366,1177,8,2,93.74,Other
3970,42296,20250228,2025-02-28,623,1125,1,32,2406.24,Other
3971,41791,20220401,2022-04-01,379,1165,3,17,859.7,Customer Cancellation
3972,44219,20241029,2024-10-29,871,1165,1,3,173.27,Defect
3973,4511,20240713,2024-07-13,802,1088,2,21,18588.44,Customer Cancellation
3974,11857,20251227,2025-12-27,365,1197,8,8,1822.56,Shipping Damage
3975,93428,20250302,2025-03-02,538,1166,5,3,219.19,Defect
3976,104443,20240411,2024-04-11,821,1185,2,7,1759.26,Other
3977,91702,20231130,2023-11-30,789,1053,3,5,1875.41,Wrong Configuration
3978,97467,20230421,2023-04-21,1197,1045,3,6,2072.97,Other
3979,75973,20210210,2021-02-10,186,1126,1,27,1567.38,Other
3980,104378,20250120,2025-01-20,532,1153,8,3,2170.11,Defect
3981,53321,20251214,2025-12-14,338,1018,1,4,4309.27,Other
3982,96293,20211001,2021-10-01,96,1121,1,8,595.68,Shipping Damage
3983,28050,20220126,2022-01-26,863,1107,6,1,1263.37,Defect
3984,62512,20230604,2023-06-04,224,1161,9,56,3283.23,Customer Cancellation
3985,97896,20250902,2025-09-02,1095,1002,6,3,2603.91,Other
3986,115323,20241114,2024-11-14,122,1114,2,17,23222.48,Defect
3987,71859,20210509,2021-05-09,345,1055,6,2,791.02,Customer Cancellation
3988,108654,20210930,2021-09-30,319,1156,8,1,533.29,Defect
3989,17561,20240520,2024-05-20,28,1121,1,17,1394.56,Defect
3990,17445,20231103,2023-11-03,229,1062,2,2,433.47,Wrong Configuration
3991,107736,20211225,2021-12-25,168,1126,7,1,58.0,Defect
3992,4084,20210120,2021-01-20,44,1014,2,2,2280.59,Defect
3993,86230,20250801,2025-08-01,711,1010,2,9,9431.03,Customer Cancellation
3994,66603,20241211,2024-12-11,1014,1019,5,3,2936.82,Shipping Damage
3995,86097,20211213,2021-12-13,478,1108,5,1,1768.26,Shipping Damage
3996,23592,20221213,2022-12-13,1077,1193,9,2,346.03,Defect
3997,29498,20220718,2022-07-18,850,1162,5,1,70.89,Defect
3998,75906,20240719,2024-07-19,1020,1001,4,9,7509.37,Other
3999,84042,20221119,2022-11-19,490,1101,4,15,20117.62,Defect
4000,95811,20251103,2025-11-03,70,1062,1,26,5896.22,Wrong Configuration
4001,101223,20250718,2025-07-18,379,1138,3,21,1767.58,Wrong Configuration
4002,56313,20231021,2023-10-21,1171,1124,3,3,296.82,Customer Cancellation
4003,56112,20210924,2021-09-24,489,1016,2,6,5502.43,Defect
4004,9204,20230708,2023-07-08,582,1156,5,16,8119.67,Customer Cancellation
4005,96960,20220520,2022-05-20,64,1042,1,2,720.45,Other
4006,1821,20221129,2022-11-29,983,1096,7,3,2507.05,Customer Cancellation
4007,21974,20250721,2025-07-21,660,1004,3,7,5243.42,Defect
4008,111743,20210901,2021-09-01,773,1164,5,16,485.88,Defect
4009,70080,20230118,2023-01-18,1003,1100,2,3,4312.73,Defect
4010,78750,20221119,2022-11-19,542,1199,8,12,2596.7,Defect
4011,49449,20210318,2021-03-18,225,1130,6,1,75.48,Wrong Configuration
4012,63516,20220530,2022-05-30,898,1110,3,8,13603.03,Defect
4013,79644,20250503,2025-05-03,869,1152,10,2,1469.25,Other
4014,73004,20240606,2024-06-06,173,1165,6,30,1548.15,Other
4015,4819,20230422,2023-04-22,96,1047,1,9,4312.14,Customer Cancellation
4016,69492,20220712,2022-07-12,218,1036,2,1,551.49,Shipping Damage
4017,119891,20250113,2025-01-13,790,1002,7,3,2541.27,Wrong Configuration
4018,78177,20231021,2023-10-21,135,1082,7,2,1521.62,Defect
4019,51148,20231114,2023-11-14,686,1123,4,4,277.4,Defect
4020,25648,20250411,2025-04-11,318,1153,6,13,9718.26,Wrong Configuration
4021,64527,20230926,2023-09-26,678,1088,1,10,10228.69,Defect
4022,41769,20250821,2025-08-21,70,1109,1,17,23170.17,Wrong Configuration
4023,62428,20240830,2024-08-30,208,1063,9,36,6604.19,Customer Cancellation
4024,46946,20241006,2024-10-06,907,1068,7,3,497.37,Wrong Configuration
4025,26971,20250730,2025-07-30,769,1021,4,1,700.69,Defect
4026,46373,20211226,2021-12-26,678,1017,1,7,5371.42,Shipping Damage
4027,1220,20220326,2022-03-26,1177,1067,2,18,2796.27,Wrong Configuration
4028,115363,20211101,2021-11-01,583,1008,2,1,736.17,Customer Cancellation
4029,27094,20231007,2023-10-07,613,1189,5,11,2525.73,Defect
4030,115843,20230811,2023-08-11,124,1156,3,14,6487.57,Defect
4031,2727,20241220,2024-12-20,1000,1051,1,2,850.23,Defect
4032,60566,20230301,2023-03-01,44,1099,2,3,2564.09,Defect
4033,7865,20230901,2023-09-01,728,1198,5,1,195.55,Wrong Configuration
4034,66340,20210703,2021-07-03,292,1047,1,5,2555.55,Defect
4035,66646,20230715,2023-07-15,853,1043,9,7,2195.33,Wrong Configuration
4036,117865,20240929,2024-09-29,28,1069,1,11,1970.91,Shipping Damage
4037,47201,20230522,2023-05-22,988,1118,7,18,22887.43,Other
4038,39360,20210320,2021-03-20,1164,1095,9,2,1010.81,Customer Cancellation
4039,21500,20220129,2022-01-29,833,1072,3,2,369.51,Shipping Damage
4040,37952,20241214,2024-12-14,70,1136,1,6,436.03,Other
4041,76506,20251129,2025-11-29,186,1019,1,11,9602.5,Customer Cancellation
4042,64170,20221013,2022-10-13,496,1153,3,12,7948.53,Defect
4043,27999,20221012,2022-10-12,197,1169,6,1,48.2,Wrong Configuration
4044,62036,20230709,2023-07-09,569,1046,3,18,8729.37,Shipping Damage
4045,21762,20220313,2022-03-13,431,1024,3,7,3695.86,Shipping Damage
4046,15042,20230714,2023-07-14,497,1011,6,2,2061.29,Defect
4047,54172,20230704,2023-07-04,386,1196,4,21,3761.99,Defect
4048,64475,20240407,2024-04-07,393,1128,5,5,244.17,Shipping Damage
4049,116628,20240725,2024-07-25,930,1185,1,4,1066.01,Other
4050,45524,20210824,2021-08-24,572,1029,2,16,7829.64,Other
4051,21110,20240902,2024-09-02,64,1121,1,4,345.36,Customer Cancellation
4052,92032,20210926,2021-09-26,1061,1104,6,13,11143.85,Customer Cancellation
4053,71673,20231212,2023-12-12,780,1084,1,4,2457.93,Wrong Configuration
4054,66319,20241118,2024-11-18,960,1064,2,12,2486.01,Customer Cancellation
4055,28057,20241116,2024-11-16,326,1105,6,5,9039.52,Wrong Configuration
4056,45696,20240616,2024-06-16,275,1150,10,24,15211.43,Shipping Damage
4057,49496,20251121,2025-11-21,1036,1113,9,1,1656.47,Wrong Configuration
4058,56221,20230505,2023-05-05,1108,1130,2,1,83.49,Defect
4059,94102,20251215,2025-12-15,1198,1101,2,3,3940.67,Defect
4060,73797,20221117,2022-11-17,259,1059,2,11,3898.59,Shipping Damage
4061,76942,20230117,2023-01-17,1075,1025,4,12,8653.54,Defect
4062,56596,20240411,2024-04-11,284,1115,5,17,24866.82,Defect
4063,38847,20241023,2024-10-23,400,1190,6,1,231.52,Defect
4064,105860,20220318,2022-03-18,376,1016,5,18,19076.35,Defect
4065,73279,20240221,2024-02-21,563,1090,1,16,11173.15,Defect
4066,57187,20250226,2025-02-26,224,1194,9,18,5251.66,Defect
4067,41933,20221004,2022-10-04,1117,1174,7,1,53.26,Defect
4068,31443,20251213,2025-12-13,828,1128,1,16,871.32,Defect
4069,97832,20250511,2025-05-11,1148,1056,8,8,3189.16,Wrong Configuration
4070,34738,20221211,2022-12-11,156,1092,8,1,765.92,Customer Cancellation
4071,111581,20220201,2022-02-01,1028,1045,5,12,4007.23,Shipping Damage
4072,42954,20210424,2021-04-24,343,1015,5,3,2413.55,Wrong Configuration
4073,102192,20210104,2021-01-04,1110,1040,5,26,8344.55,Defect
4074,116032,20210701,2021-07-01,301,1059,1,23,7841.45,Defect
4075,118747,20211019,2021-10-19,575,1097,6,1,648.92,Other
4076,24455,20221217,2022-12-17,232,1182,4,10,2312.46,Shipping Damage
4077,36048,20251115,2025-11-15,29,1085,4,1,917.72,Defect
4078,119871,20221104,2022-11-04,649,1189,1,3,822.2,Defect
4079,27335,20220419,2022-04-19,46,1036,2,8,4148.62,Customer Cancellation
4080,68000,20250525,2025-05-25,1078,1111,2,2,3315.07,Defect
4081,64820,20220628,2022-06-28,793,1167,4,14,639.62,Defect
4082,86593,20211129,2021-11-29,244,1096,3,5,4591.7,Defect
4083,40757,20230922,2023-09-22,380,1192,2,3,836.85,Customer Cancellation
4084,50599,20250504,2025-05-04,345,1019,6,4,3724.19,Shipping Damage
4085,56666,20240412,2024-04-12,296,1152,2,10,7555.95,Customer Cancellation
4086,2998,20231020,2023-10-20,446,1029,4,1,577.42,Shipping Damage
4087,61316,20220919,2022-09-19,935,1119,9,8,11898.39,Defect
4088,44204,20210816,2021-08-16,526,1139,10,5,416.0,Customer Cancellation
4089,110163,20240726,2024-07-26,970,1027,5,2,1025.29,Defect
4090,27170,20210926,2021-09-26,108,1115,10,2,2752.02,Defect
4091,97077,20230218,2023-02-18,204,1059,8,2,856.44,Defect
4092,5780,20220510,2022-05-10,161,1010,6,8,8134.95,Other
4093,65707,20211106,2021-11-06,1024,1134,10,14,847.03,Defect
4094,1414,20211202,2021-12-02,726,1044,10,1,361.21,Shipping Damage
4095,70618,20230816,2023-08-16,621,1069,8,31,5725.35,Shipping Damage
4096,117194,20231101,2023-11-01,464,1177,3,26,1007.77,Other
4097,108388,20220413,2022-04-13,570,1112,6,11,15214.5,Customer Cancellation
4098,117609,20220116,2022-01-16,1072,1099,2,2,1546.45,Wrong Configuration
4099,46818,20251204,2025-12-04,146,1055,7,3,1277.05,Defect
4100,6007,20250330,2025-03-30,541,1125,3,4,341.38,Defect
4101,41030,20250919,2025-09-19,132,1177,4,4,191.84,Defect
4102,52836,20221109,2022-11-09,606,1059,1,20,6994.79,Customer Cancellation
4103,40250,20220609,2022-06-09,553,1042,1,20,7261.19,Customer Cancellation
4104,86048,20210810,2021-08-10,403,1193,4,1,191.88,Defect
4105,47126,20251208,2025-12-08,888,1186,3,2,496.72,Customer Cancellation
4106,110526,20250907,2025-09-07,1070,1125,7,11,1013.39,Shipping Damage
4107,77911,20221112,2022-11-12,876,1019,8,76,61007.96,Wrong Configuration
4108,48945,20250429,2025-04-29,474,1184,1,3,468.3,Defect
4109,4625,20210621,2021-06-21,409,1196,5,19,3459.34,Wrong Configuration
4110,39720,20220405,2022-04-05,551,1067,1,14,2215.42,Wrong Configuration
4111,65131,20221002,2022-10-02,254,1097,6,18,9516.73,Customer Cancellation
4112,14557,20231112,2023-11-12,315,1060,6,27,3883.55,Defect
4113,12620,20240510,2024-05-10,208,1070,9,14,1679.86,Shipping Damage
4114,86345,20231116,2023-11-16,125,1085,3,4,2552.1,Customer Cancellation
4115,94956,20250423,2025-04-23,672,1113,7,1,1901.16,Customer Cancellation
4116,54578,20221015,2022-10-15,955,1132,7,1,75.67,Defect
4117,85283,20210630,2021-06-30,175,1129,2,2,124.78,Defect
4118,5744,20250612,2025-06-12,1110,1027,5,42,16632.49,Defect
4119,77574,20210608,2021-06-08,497,1163,6,3,122.06,Customer Cancellation
4120,30606,20211007,2021-10-07,747,1046,6,46,16650.29,Defect
4121,66980,20250722,2025-07-22,357,1185,8,18,3684.76,Defect
4122,41405,20211101,2021-11-01,330,1131,3,2,157.43,Defect
4123,77730,20240726,2024-07-26,300,1069,6,1,204.75,Defect
4124,90873,20250901,2025-09-01,148,1150,1,5,3748.08,Customer Cancellation
4125,80195,20250714,2025-07-14,257,1079,2,16,3102.4,Customer Cancellation
4126,20671,20211030,2021-10-30,386,1161,4,3,165.46,Defect
4127,102643,20240123,2024-01-23,1147,1171,1,1,43.29,Other
4128,24419,20250414,2025-04-14,786,1076,6,9,1497.02,Customer Cancellation
4129,91837,20231201,2023-12-01,124,1121,3,4,266.16,Defect
4130,111242,20250903,2025-09-03,583,1175,2,3,202.7,Customer Cancellation
4131,47269,20210510,2021-05-10,173,1051,6,9,3030.27,Customer Cancellation
4132,76858,20220403,2022-04-03,758,1114,2,4,5881.75,Defect
4133,88071,20221113,2022-11-13,613,1026,5,11,5540.49,Customer Cancellation
4134,119883,20240117,2024-01-17,909,1092,4,2,1982.6,Shipping Damage
4135,100163,20221224,2022-12-24,551,1127,1,11,904.84,Wrong Configuration
4136,81695,20230102,2023-01-02,329,1134,5,36,2615.06,Other
4137,88598,20250608,2025-06-08,395,1124,8,9,893.31,Other
4138,66318,20210407,2021-04-07,133,1138,6,2,144.61,Defect
4139,92798,20210313,2021-03-13,949,1149,4,27,17227.17,Defect
4140,2260,20250413,2025-04-13,266,1168,2,1,65.93,Other
4141,107769,20221001,2022-10-01,464,1095,3,32,15316.33,Customer Cancellation
4142,34015,20230731,2023-07-31,1120,1100,5,8,11750.66,Defect
4143,49837,20210221,2021-02-21,1080,1064,1,20,2937.3,Customer Cancellation
4144,5708,20240610,2024-06-10,1049,1048,4,1,571.8,Other
4145,363,20240610,2024-06-10,124,1024,3,9,4257.62,Customer Cancellation
4146,99127,20211224,2021-12-24,572,1013,2,213,182122.92,Defect
4147,80452,20220501,2022-05-01,179,1183,4,12,1603.25,Wrong Configuration
4148,28473,20220726,2022-07-26,1011,1062,1,8,1671.31,Defect
4149,36830,20210628,2021-06-28,265,1075,4,8,1269.33,Shipping Damage
4150,80939,20220909,2022-09-09,1070,1037,7,1,581.48,Customer Cancellation
4151,59845,20240609,2024-06-09,888,1177,3,1,46.51,Customer Cancellation
4152,59782,20251007,2025-10-07,1179,1035,6,9,5602.48,Customer Cancellation
4153,32681,20251112,2025-11-12,761,1003,4,3,3519.63,Wrong Configuration
4154,73731,20230305,2023-03-05,395,1079,8,3,545.4,Defect
4155,28554,20220114,2022-01-14,352,1119,9,3,4427.67,Customer Cancellation
4156,49732,20250107,2025-01-07,446,1096,4,1,1066.18,Other
4157,2324,20230908,2023-09-08,934,1157,4,1,903.4,Defect
4158,85211,20241230,2024-12-30,1046,1168,3,4,230.34,Wrong Configuration
4159,3996,20220413,2022-04-13,379,1188,3,15,3013.34,Wrong Configuration
4160,87241,20251028,2025-10-28,944,1077,5,6,867.93,Customer Cancellation
4161,21863,20211221,2021-12-21,262,1167,9,3,151.5,Defect
4162,35191,20210222,2021-02-22,135,1097,7,1,532.9,Defect
4163,76150,20240731,2024-07-31,231,1069,1,60,9602.3,Defect
4164,46770,20251225,2025-12-25,131,1055,4,37,17104.84,Customer Cancellation
4165,77553,20250227,2025-02-27,84,1071,1,16,2290.35,Customer Cancellation
4166,2832,20221102,2022-11-02,678,1080,1,34,21300.49,Defect
4167,18966,20240224,2024-02-24,253,1006,2,2,1737.48,Defect
4168,89370,20211003,2021-10-03,248,1135,3,11,848.32,Customer Cancellation
4169,63118,20250320,2025-03-20,592,1185,2,6,1404.1,Defect
4170,75231,20221212,2022-12-12,678,1175,1,8,488.04,Defect
4171,16211,20221201,2022-12-01,318,1171,6,29,1280.17,Shipping Damage
4172,66637,20210507,2021-05-07,836,1055,1,19,7117.06,Defect
4173,46407,20251230,2025-12-30,1185,1145,3,3,2117.56,Wrong Configuration
4174,57108,20230304,2023-03-04,126,1141,6,7,4253.04,Shipping Damage
4175,90997,20250816,2025-08-16,55,1001,4,5,4142.14,Defect
4176,33855,20230205,2023-02-05,1156,1121,1,2,136.61,Customer Cancellation
4177,32337,20250624,2025-06-24,459,1051,6,12,4643.53,Defect
4178,58914,20220126,2022-01-26,184,1023,3,3,1910.08,Wrong Configuration
4179,60548,20210222,2021-02-22,609,1068,9,14,2377.91,Defect
4180,25198,20230913,2023-09-13,973,1055,1,13,5351.76,Defect
4181,118297,20250719,2025-07-19,897,1172,7,3,147.45,Customer Cancellation
4182,102153,20221019,2022-10-19,24,1040,2,4,1528.8,Other
4183,55228,20221014,2022-10-14,1090,1047,10,3,1496.22,Defect
4184,56717,20210809,2021-08-09,267,1076,4,2,266.87,Shipping Damage
4185,34299,20220510,2022-05-10,1122,1131,7,23,2006.54,Defect
4186,114460,20231121,2023-11-21,766,1016,8,9,9622.46,Defect
4187,63500,20210827,2021-08-27,907,1021,7,5,3235.89,Defect
4188,88893,20230113,2023-01-13,67,1026,5,2,1199.33,Other
4189,109457,20230425,2023-04-25,570,1004,6,18,13892.48,Customer Cancellation
4190,110812,20221107,2022-11-07,467,1004,6,13,7995.08,Shipping Damage
4191,23025,20250925,2025-09-25,702,1118,3,23,34913.45,Defect
4192,29248,20241123,2024-11-23,987,1091,4,1,842.98,Customer Cancellation
4193,48302,20240619,2024-06-19,35,1076,3,26,3112.91,Shipping Damage
4194,54805,20250903,2025-09-03,1011,1008,1,7,5900.59,Other
4195,15743,20241011,2024-10-11,186,1117,1,2,2051.14,Shipping Damage
4196,52606,20220920,2022-09-20,189,1177,4,1,45.8,Shipping Damage
4197,61057,20210901,2021-09-01,680,1078,8,5,1129.07,Defect
4198,7829,20230322,2023-03-22,139,1059,2,8,3019.22,Defect
4199,112971,20230822,2023-08-22,923,1060,8,6,1009.78,Defect
4200,61747,20240507,2024-05-07,57,1113,7,1,1807.72,Other
