cost_id,year_month,product_id,standard_unit_cost_eur,actual_unit_cost_eur
1,2021-01,1000,541.1,573.85
2,2021-01,1001,551.37,534.01
3,2021-01,1002,555.77,541.92
4,2021-01,1003,819.76,866.83
5,2021-01,1004,544.95,577.78
6,2021-01,1005,557.2,568.91
7,2021-01,1006,625.8,646.56
8,2021-01,1007,622.17,611.98
9,2021-01,1008,549.48,577.21
10,2021-01,1009,635.01,641.62
11,2021-01,1010,762.81,742.92
12,2021-01,1011,648.74,650.97
13,2021-01,1012,667.0,701.02
14,2021-01,1013,648.5,624.94
15,2021-01,1014,946.64,920.06
16,2021-01,1015,632.24,672.78
17,2021-01,1016,773.3,822.22
18,2021-01,1017,678.65,657.98
19,2021-01,1018,708.61,711.1
20,2021-01,1019,671.38,678.0
21,2021-01,1020,455.99,467.16
22,2021-01,1021,524.85,551.62
23,2021-01,1022,501.34,485.21
24,2021-01,1023,523.56,514.93
25,2021-01,1024,375.74,365.84
26,2021-01,1025,605.6,615.17
27,2021-01,1026,478.35,502.8
28,2021-01,1027,342.68,327.69
29,2021-01,1028,389.12,385.59
30,2021-01,1029,418.05,429.61
31,2021-01,1030,509.68,492.74
32,2021-01,1031,437.59,420.98
33,2021-01,1032,418.81,405.39
34,2021-01,1033,482.37,506.49
35,2021-01,1034,452.66,470.81
36,2021-01,1035,465.83,482.34
37,2021-01,1036,467.5,458.36
38,2021-01,1037,492.51,479.9
39,2021-01,1038,433.05,429.08
40,2021-01,1039,587.94,590.81
41,2021-01,1040,224.32,214.9
42,2021-01,1041,237.76,253.74
43,2021-01,1042,311.94,302.6
44,2021-01,1043,280.91,270.54
45,2021-01,1044,307.08,301.61
46,2021-01,1045,314.94,327.13
47,2021-01,1046,369.65,394.01
48,2021-01,1047,352.99,377.66
49,2021-01,1048,403.12,408.16
50,2021-01,1049,278.89,293.27
51,2021-01,1050,369.42,391.6
52,2021-01,1051,316.42,334.24
53,2021-01,1052,268.11,286.79
54,2021-01,1053,280.23,297.12
55,2021-01,1054,368.26,376.85
56,2021-01,1055,299.46,320.83
57,2021-01,1056,257.98,251.18
58,2021-01,1057,310.64,295.22
59,2021-01,1058,389.64,392.23
60,2021-01,1059,327.59,348.56
61,2021-01,1060,97.52,96.72
62,2021-01,1061,64.58,62.36
63,2021-01,1062,102.48,98.06
64,2021-01,1063,88.18,87.63
65,2021-01,1064,106.36,102.3
66,2021-01,1065,82.46,79.87
67,2021-01,1066,85.04,81.32
68,2021-01,1067,109.46,108.04
69,2021-01,1068,105.69,102.12
70,2021-01,1069,114.04,116.21
71,2021-01,1070,75.77,79.99
72,2021-01,1071,70.03,70.01
73,2021-01,1072,88.95,95.04
74,2021-01,1073,95.33,91.18
75,2021-01,1074,68.67,65.62
76,2021-01,1075,107.28,114.3
77,2021-01,1076,71.67,73.95
78,2021-01,1077,85.09,88.19
79,2021-01,1078,115.15,112.81
80,2021-01,1079,99.14,103.15
81,2021-01,1080,397.87,391.16
82,2021-01,1081,410.85,442.94
83,2021-01,1082,588.8,617.39
84,2021-01,1083,362.72,386.85
85,2021-01,1084,394.58,423.89
86,2021-01,1085,449.08,457.02
87,2021-01,1086,483.78,465.4
88,2021-01,1087,361.28,355.68
89,2021-01,1088,584.6,577.72
90,2021-01,1089,479.42,456.05
91,2021-01,1090,537.95,535.19
92,2021-01,1091,467.22,461.87
93,2021-01,1092,609.63,657.52
94,2021-01,1093,544.51,554.29
95,2021-01,1094,499.69,489.28
96,2021-01,1095,290.46,303.18
97,2021-01,1096,665.81,713.6
98,2021-01,1097,388.41,418.73
99,2021-01,1098,433.3,452.06
100,2021-01,1099,472.7,464.05
101,2021-01,1100,943.95,967.08
102,2021-01,1101,871.75,892.62
103,2021-01,1102,871.06,920.81
104,2021-01,1103,1276.14,1295.59
105,2021-01,1104,689.49,714.94
106,2021-01,1105,899.28,918.39
107,2021-01,1106,758.21,779.42
108,2021-01,1107,984.79,963.04
109,2021-01,1108,928.77,893.84
110,2021-01,1109,802.58,769.66
111,2021-01,1110,1148.2,1229.09
112,2021-01,1111,834.25,867.23
113,2021-01,1112,944.37,1008.6
114,2021-01,1113,1176.18,1210.98
115,2021-01,1114,903.07,898.71
116,2021-01,1115,1015.24,977.7
117,2021-01,1116,1009.01,1087.35
118,2021-01,1117,870.36,827.91
119,2021-01,1118,796.94,791.55
120,2021-01,1119,1020.62,1099.9
121,2021-01,1120,69.84,70.22
122,2021-01,1121,47.55,45.49
123,2021-01,1122,59.79,59.19
124,2021-01,1123,50.23,50.67
125,2021-01,1124,61.51,62.33
126,2021-01,1125,57.14,58.1
127,2021-01,1126,46.06,45.39
128,2021-01,1127,70.63,71.6
129,2021-01,1128,38.45,39.08
130,2021-01,1129,51.65,49.32
131,2021-01,1130,59.64,58.93
132,2021-01,1131,68.37,65.46
133,2021-01,1132,54.23,57.31
134,2021-01,1133,76.62,74.31
135,2021-01,1134,52.21,52.68
136,2021-01,1135,54.41,52.77
137,2021-01,1136,47.71,46.75
138,2021-01,1137,47.38,49.58
139,2021-01,1138,58.22,56.59
140,2021-01,1139,61.25,64.54
141,2021-01,1140,927.81,915.14
142,2021-01,1141,541.23,515.78
143,2021-01,1142,543.23,571.18
144,2021-01,1143,721.96,746.32
145,2021-01,1144,538.37,525.74
146,2021-01,1145,606.35,576.88
147,2021-01,1146,526.57,558.27
148,2021-01,1147,596.75,640.1
149,2021-01,1148,543.13,534.94
150,2021-01,1149,717.58,684.94
151,2021-01,1150,599.2,626.78
152,2021-01,1151,464.5,498.65
153,2021-01,1152,707.69,744.31
154,2021-01,1153,523.24,511.57
155,2021-01,1154,551.03,581.83
156,2021-01,1155,602.48,619.3
157,2021-01,1156,486.04,505.43
158,2021-01,1157,706.48,709.54
159,2021-01,1158,678.19,662.23
160,2021-01,1159,545.85,546.98
161,2021-01,1160,58.14,61.59
162,2021-01,1161,45.33,46.41
163,2021-01,1162,52.24,54.03
164,2021-01,1163,36.78,36.79
165,2021-01,1164,32.6,31.92
166,2021-01,1165,47.12,49.01
167,2021-01,1166,48.02,46.48
168,2021-01,1167,42.83,42.08
169,2021-01,1168,45.02,45.3
170,2021-01,1169,38.31,39.89
171,2021-01,1170,55.6,57.09
172,2021-01,1171,40.51,40.73
173,2021-01,1172,45.94,47.49
174,2021-01,1173,38.72,40.59
175,2021-01,1174,38.68,39.49
176,2021-01,1175,45.99,45.54
177,2021-01,1176,52.27,49.69
178,2021-01,1177,38.65,41.68
179,2021-01,1178,37.54,39.7
180,2021-01,1179,35.69,35.86
181,2021-01,1180,123.69,122.66
182,2021-01,1181,87.08,89.56
183,2021-01,1182,83.41,89.88
184,2021-01,1183,54.82,55.91
185,2021-01,1184,65.24,69.22
186,2021-01,1185,104.57,109.3
187,2021-01,1186,97.54,93.44
188,2021-01,1187,121.41,119.99
189,2021-01,1188,84.68,80.61
190,2021-01,1189,96.58,102.69
191,2021-01,1190,95.7,97.56
192,2021-01,1191,108.1,106.25
193,2021-01,1192,106.46,113.16
194,2021-01,1193,75.98,75.33
195,2021-01,1194,102.94,110.27
196,2021-01,1195,101.11,105.44
197,2021-01,1196,68.65,66.02
198,2021-01,1197,81.39,86.84
199,2021-01,1198,106.89,111.47
200,2021-01,1199,80.55,85.94
201,2021-02,1000,561.98,562.05
202,2021-02,1001,549.02,579.52
203,2021-02,1002,553.91,529.02
204,2021-02,1003,757.5,812.12
205,2021-02,1004,539.21,514.62
206,2021-02,1005,538.47,552.8
207,2021-02,1006,610.16,600.13
208,2021-02,1007,617.96,588.06
209,2021-02,1008,540.9,579.25
210,2021-02,1009,607.53,609.18
211,2021-02,1010,743.34,736.96
212,2021-02,1011,675.29,680.48
213,2021-02,1012,685.67,685.4
214,2021-02,1013,697.58,680.62
215,2021-02,1014,933.7,904.83
216,2021-02,1015,639.14,665.83
217,2021-02,1016,789.63,755.76
218,2021-02,1017,719.89,753.38
219,2021-02,1018,719.65,725.23
220,2021-02,1019,683.01,697.93
221,2021-02,1020,420.11,433.15
222,2021-02,1021,518.16,546.84
223,2021-02,1022,483.54,515.17
224,2021-02,1023,512.13,511.38
225,2021-02,1024,392.86,381.24
226,2021-02,1025,564.87,583.7
227,2021-02,1026,456.32,436.23
228,2021-02,1027,342.07,339.17
229,2021-02,1028,365.03,373.26
230,2021-02,1029,415.03,405.08
231,2021-02,1030,471.37,487.15
232,2021-02,1031,439.46,459.09
233,2021-02,1032,398.64,425.79
234,2021-02,1033,496.15,503.35
235,2021-02,1034,478.98,476.13
236,2021-02,1035,444.71,453.82
237,2021-02,1036,457.15,442.01
238,2021-02,1037,460.41,483.39
239,2021-02,1038,456.58,468.21
240,2021-02,1039,565.74,538.71
241,2021-02,1040,230.08,225.72
242,2021-02,1041,236.28,251.36
243,2021-02,1042,318.0,311.1
244,2021-02,1043,278.09,287.63
245,2021-02,1044,299.25,299.97
246,2021-02,1045,308.3,324.38
247,2021-02,1046,385.68,372.28
248,2021-02,1047,340.12,360.36
249,2021-02,1048,399.16,424.68
250,2021-02,1049,291.72,307.68
251,2021-02,1050,379.24,388.3
252,2021-02,1051,314.31,329.39
253,2021-02,1052,265.9,253.12
254,2021-02,1053,287.6,295.79
255,2021-02,1054,371.41,377.45
256,2021-02,1055,308.06,294.73
257,2021-02,1056,257.73,256.38
258,2021-02,1057,323.12,347.62
259,2021-02,1058,363.59,365.07
260,2021-02,1059,307.88,324.23
261,2021-02,1060,95.88,96.64
262,2021-02,1061,62.67,61.91
263,2021-02,1062,94.33,99.77
264,2021-02,1063,88.46,86.14
265,2021-02,1064,113.91,122.84
266,2021-02,1065,82.14,78.76
267,2021-02,1066,86.97,83.94
268,2021-02,1067,106.03,102.84
269,2021-02,1068,106.01,101.07
270,2021-02,1069,118.44,112.86
271,2021-02,1070,74.85,73.61
272,2021-02,1071,67.16,71.2
273,2021-02,1072,88.85,95.61
274,2021-02,1073,96.5,100.92
275,2021-02,1074,69.76,74.74
276,2021-02,1075,111.95,115.49
277,2021-02,1076,70.84,69.12
278,2021-02,1077,84.42,81.67
279,2021-02,1078,116.79,125.96
280,2021-02,1079,96.97,99.72
281,2021-02,1080,385.7,387.9
282,2021-02,1081,407.79,395.34
283,2021-02,1082,583.21,597.15
284,2021-02,1083,361.68,387.23
285,2021-02,1084,374.39,371.25
286,2021-02,1085,436.64,434.41
287,2021-02,1086,479.74,467.67
288,2021-02,1087,337.15,345.43
289,2021-02,1088,606.9,618.74
290,2021-02,1089,483.35,500.01
291,2021-02,1090,535.63,542.21
292,2021-02,1091,458.59,451.29
293,2021-02,1092,622.06,644.8
294,2021-02,1093,525.17,509.49
295,2021-02,1094,470.43,475.08
296,2021-02,1095,288.9,304.56
297,2021-02,1096,643.64,641.86
298,2021-02,1097,405.96,400.15
299,2021-02,1098,449.82,465.77
300,2021-02,1099,454.69,490.34
301,2021-02,1100,972.42,997.31
302,2021-02,1101,875.39,936.28
303,2021-02,1102,875.94,893.19
304,2021-02,1103,1275.99,1233.02
305,2021-02,1104,690.12,712.92
306,2021-02,1105,890.08,950.05
307,2021-02,1106,748.43,760.31
308,2021-02,1107,951.13,974.21
309,2021-02,1108,905.4,952.39
310,2021-02,1109,790.67,793.0
311,2021-02,1110,1173.96,1121.62
312,2021-02,1111,842.35,820.11
313,2021-02,1112,934.6,1005.1
314,2021-02,1113,1122.82,1123.67
315,2021-02,1114,943.17,947.67
316,2021-02,1115,931.16,932.71
317,2021-02,1116,987.03,1024.59
318,2021-02,1117,851.17,835.33
319,2021-02,1118,748.89,804.08
320,2021-02,1119,1073.73,1048.78
321,2021-02,1120,65.96,70.93
322,2021-02,1121,46.16,48.8
323,2021-02,1122,57.35,55.33
324,2021-02,1123,50.18,50.91
325,2021-02,1124,62.29,65.96
326,2021-02,1125,55.28,58.61
327,2021-02,1126,45.54,48.26
328,2021-02,1127,65.8,66.15
329,2021-02,1128,37.42,37.01
330,2021-02,1129,51.94,49.87
331,2021-02,1130,61.87,63.73
332,2021-02,1131,66.88,67.49
333,2021-02,1132,54.65,56.87
334,2021-02,1133,72.75,77.47
335,2021-02,1134,52.45,52.47
336,2021-02,1135,53.2,54.08
337,2021-02,1136,48.55,51.76
338,2021-02,1137,48.18,48.29
339,2021-02,1138,55.53,57.54
340,2021-02,1139,60.35,61.68
341,2021-02,1140,894.78,925.5
342,2021-02,1141,553.41,539.25
343,2021-02,1142,526.66,507.81
344,2021-02,1143,677.66,650.11
345,2021-02,1144,533.19,572.21
346,2021-02,1145,588.82,571.1
347,2021-02,1146,502.88,487.07
348,2021-02,1147,605.53,649.35
349,2021-02,1148,561.34,579.04
350,2021-02,1149,741.58,771.77
351,2021-02,1150,592.04,610.72
352,2021-02,1151,489.25,504.24
353,2021-02,1152,716.66,705.77
354,2021-02,1153,525.56,554.33
355,2021-02,1154,587.23,625.07
356,2021-02,1155,624.63,672.62
357,2021-02,1156,481.79,519.82
358,2021-02,1157,682.7,678.75
359,2021-02,1158,691.4,667.53
360,2021-02,1159,571.35,596.68
361,2021-02,1160,56.57,54.44
362,2021-02,1161,46.94,46.13
363,2021-02,1162,53.05,52.42
364,2021-02,1163,38.06,38.23
365,2021-02,1164,31.75,33.36
366,2021-02,1165,47.13,50.87
367,2021-02,1166,47.72,46.23
368,2021-02,1167,44.22,46.42
369,2021-02,1168,43.74,46.1
370,2021-02,1169,40.39,42.93
371,2021-02,1170,56.38,55.66
372,2021-02,1171,39.33,39.47
373,2021-02,1172,43.08,45.51
374,2021-02,1173,39.94,41.96
375,2021-02,1174,39.19,41.92
376,2021-02,1175,49.78,48.13
377,2021-02,1176,52.66,51.52
378,2021-02,1177,37.79,37.37
379,2021-02,1178,37.48,37.57
380,2021-02,1179,35.68,35.22
381,2021-02,1180,114.2,115.14
382,2021-02,1181,84.98,81.44
383,2021-02,1182,81.59,86.96
384,2021-02,1183,54.76,53.99
385,2021-02,1184,67.67,67.95
386,2021-02,1185,102.92,99.97
387,2021-02,1186,93.98,90.11
388,2021-02,1187,125.11,128.84
389,2021-02,1188,80.94,82.4
390,2021-02,1189,95.26,93.82
391,2021-02,1190,98.27,95.17
392,2021-02,1191,108.47,110.24
393,2021-02,1192,105.27,103.75
394,2021-02,1193,71.69,72.15
395,2021-02,1194,105.58,113.63
396,2021-02,1195,100.96,108.23
397,2021-02,1196,70.15,73.67
398,2021-02,1197,77.18,81.84
399,2021-02,1198,95.91,95.17
400,2021-02,1199,80.85,77.21
401,2021-03,1000,539.26,570.44
402,2021-03,1001,510.1,516.76
403,2021-03,1002,547.08,541.0
404,2021-03,1003,791.8,781.74
405,2021-03,1004,567.08,539.78
406,2021-03,1005,538.39,512.81
407,2021-03,1006,602.46,624.87
408,2021-03,1007,631.78,602.52
409,2021-03,1008,557.28,572.13
410,2021-03,1009,618.5,642.16
411,2021-03,1010,743.82,768.78
412,2021-03,1011,667.76,665.47
413,2021-03,1012,689.65,688.46
414,2021-03,1013,661.06,672.73
415,2021-03,1014,904.79,956.83
416,2021-03,1015,621.61,643.94
417,2021-03,1016,798.62,783.38
418,2021-03,1017,709.01,760.51
419,2021-03,1018,735.83,767.69
420,2021-03,1019,671.34,657.56
421,2021-03,1020,415.52,423.06
422,2021-03,1021,542.07,558.54
423,2021-03,1022,499.31,499.14
424,2021-03,1023,528.46,517.61
425,2021-03,1024,384.8,369.72
426,2021-03,1025,579.99,587.45
427,2021-03,1026,510.28,548.5
428,2021-03,1027,359.28,365.47
429,2021-03,1028,359.63,350.36
430,2021-03,1029,433.08,432.67
431,2021-03,1030,462.18,443.49
432,2021-03,1031,428.22,455.5
433,2021-03,1032,410.27,395.41
434,2021-03,1033,504.24,516.05
435,2021-03,1034,455.92,471.02
436,2021-03,1035,488.64,482.48
437,2021-03,1036,444.47,459.49
438,2021-03,1037,467.09,449.62
439,2021-03,1038,446.53,471.83
440,2021-03,1039,570.83,562.29
441,2021-03,1040,232.31,244.35
442,2021-03,1041,250.3,241.63
443,2021-03,1042,324.11,332.29
444,2021-03,1043,276.4,285.25
445,2021-03,1044,303.35,321.24
446,2021-03,1045,306.96,298.61
447,2021-03,1046,373.38,387.9
448,2021-03,1047,335.54,342.68
449,2021-03,1048,413.75,403.17
450,2021-03,1049,288.72,297.23
451,2021-03,1050,390.43,409.34
452,2021-03,1051,320.01,336.93
453,2021-03,1052,262.74,265.24
454,2021-03,1053,276.24,275.34
455,2021-03,1054,378.67,407.64
456,2021-03,1055,304.98,297.85
457,2021-03,1056,249.13,242.51
458,2021-03,1057,311.22,308.3
459,2021-03,1058,376.36,370.74
460,2021-03,1059,319.15,304.02
461,2021-03,1060,96.83,100.2
462,2021-03,1061,63.58,63.5
463,2021-03,1062,96.8,97.11
464,2021-03,1063,85.92,88.52
465,2021-03,1064,107.77,115.04
466,2021-03,1065,81.68,78.34
467,2021-03,1066,87.6,86.98
468,2021-03,1067,100.75,100.67
469,2021-03,1068,104.92,109.48
470,2021-03,1069,116.44,120.82
471,2021-03,1070,76.36,75.05
472,2021-03,1071,67.24,68.42
473,2021-03,1072,89.02,91.44
474,2021-03,1073,99.14,96.6
475,2021-03,1074,68.71,73.11
476,2021-03,1075,110.08,112.51
477,2021-03,1076,69.55,69.78
478,2021-03,1077,85.53,82.53
479,2021-03,1078,121.1,124.74
480,2021-03,1079,100.28,97.27
481,2021-03,1080,373.28,393.36
482,2021-03,1081,412.5,410.81
483,2021-03,1082,582.87,563.23
484,2021-03,1083,369.29,366.75
485,2021-03,1084,395.77,389.58
486,2021-03,1085,434.09,428.74
487,2021-03,1086,470.99,464.61
488,2021-03,1087,346.55,351.03
489,2021-03,1088,592.5,568.18
490,2021-03,1089,470.26,477.68
491,2021-03,1090,532.75,515.02
492,2021-03,1091,464.48,467.89
493,2021-03,1092,623.31,662.25
494,2021-03,1093,513.22,549.0
495,2021-03,1094,525.8,565.0
496,2021-03,1095,308.19,312.69
497,2021-03,1096,666.69,694.44
498,2021-03,1097,409.61,406.87
499,2021-03,1098,446.05,479.3
500,2021-03,1099,460.95,497.33
501,2021-03,1100,949.58,971.93
502,2021-03,1101,836.97,848.74
503,2021-03,1102,889.62,922.08
504,2021-03,1103,1260.6,1305.73
505,2021-03,1104,666.78,669.08
506,2021-03,1105,895.64,880.81
507,2021-03,1106,753.8,779.1
508,2021-03,1107,970.41,1014.13
509,2021-03,1108,942.57,1013.48
510,2021-03,1109,794.73,791.36
511,2021-03,1110,1230.84,1327.52
512,2021-03,1111,823.46,829.34
513,2021-03,1112,880.16,888.36
514,2021-03,1113,1159.97,1236.46
515,2021-03,1114,872.5,844.37
516,2021-03,1115,996.31,952.36
517,2021-03,1116,990.45,990.31
518,2021-03,1117,821.03,872.25
519,2021-03,1118,785.75,834.27
520,2021-03,1119,1020.85,1076.98
521,2021-03,1120,63.11,60.2
522,2021-03,1121,46.94,46.1
523,2021-03,1122,56.47,56.23
524,2021-03,1123,48.51,46.19
525,2021-03,1124,63.07,67.63
526,2021-03,1125,54.76,58.64
527,2021-03,1126,44.48,42.81
528,2021-03,1127,69.59,67.9
529,2021-03,1128,37.32,37.41
530,2021-03,1129,52.9,51.22
531,2021-03,1130,60.75,64.27
532,2021-03,1131,65.58,69.9
533,2021-03,1132,55.44,57.77
534,2021-03,1133,73.91,79.14
535,2021-03,1134,54.11,52.78
536,2021-03,1135,52.56,55.08
537,2021-03,1136,50.06,48.54
538,2021-03,1137,48.07,45.72
539,2021-03,1138,59.02,56.32
540,2021-03,1139,62.91,63.26
541,2021-03,1140,894.71,882.28
542,2021-03,1141,574.24,594.43
543,2021-03,1142,506.22,528.51
544,2021-03,1143,683.35,710.71
545,2021-03,1144,533.78,539.68
546,2021-03,1145,578.13,586.06
547,2021-03,1146,497.06,516.15
548,2021-03,1147,582.87,579.95
549,2021-03,1148,515.77,508.03
550,2021-03,1149,704.61,732.11
551,2021-03,1150,599.11,614.37
552,2021-03,1151,461.74,460.49
553,2021-03,1152,711.14,760.28
554,2021-03,1153,535.32,554.65
555,2021-03,1154,589.52,593.27
556,2021-03,1155,597.76,580.78
557,2021-03,1156,470.36,486.34
558,2021-03,1157,677.4,681.87
559,2021-03,1158,657.0,675.31
560,2021-03,1159,578.2,612.57
561,2021-03,1160,58.15,62.24
562,2021-03,1161,46.58,48.9
563,2021-03,1162,55.16,53.34
564,2021-03,1163,38.33,38.86
565,2021-03,1164,31.88,31.13
566,2021-03,1165,50.45,53.76
567,2021-03,1166,48.87,50.86
568,2021-03,1167,46.73,45.72
569,2021-03,1168,42.58,42.36
570,2021-03,1169,41.08,40.32
571,2021-03,1170,55.67,56.98
572,2021-03,1171,38.76,37.96
573,2021-03,1172,42.98,41.6
574,2021-03,1173,39.85,38.79
575,2021-03,1174,39.12,41.75
576,2021-03,1175,47.88,45.88
577,2021-03,1176,50.17,48.19
578,2021-03,1177,38.27,37.37
579,2021-03,1178,35.88,36.59
580,2021-03,1179,35.57,34.57
581,2021-03,1180,118.45,125.37
582,2021-03,1181,86.84,89.99
583,2021-03,1182,83.55,87.16
584,2021-03,1183,54.88,56.22
585,2021-03,1184,67.35,68.41
586,2021-03,1185,103.93,99.07
587,2021-03,1186,96.93,97.74
588,2021-03,1187,122.18,125.9
589,2021-03,1188,79.82,77.27
590,2021-03,1189,91.62,88.67
591,2021-03,1190,98.97,104.55
592,2021-03,1191,110.68,109.75
593,2021-03,1192,104.63,112.26
594,2021-03,1193,75.05,72.86
595,2021-03,1194,107.67,107.96
596,2021-03,1195,103.47,104.28
597,2021-03,1196,69.28,74.25
598,2021-03,1197,78.17,82.92
599,2021-03,1198,102.83,101.06
600,2021-03,1199,77.56,74.25
601,2021-04,1000,540.45,575.79
602,2021-04,1001,531.47,530.03
603,2021-04,1002,547.17,573.84
604,2021-04,1003,808.6,803.5
605,2021-04,1004,560.56,574.13
606,2021-04,1005,585.1,563.1
607,2021-04,1006,592.13,634.53
608,2021-04,1007,634.36,619.09
609,2021-04,1008,572.83,611.59
610,2021-04,1009,617.31,622.52
611,2021-04,1010,794.74,798.57
612,2021-04,1011,692.13,689.29
613,2021-04,1012,661.13,679.23
614,2021-04,1013,682.74,682.07
615,2021-04,1014,910.42,932.17
616,2021-04,1015,670.81,721.88
617,2021-04,1016,784.24,746.96
618,2021-04,1017,725.48,711.53
619,2021-04,1018,714.01,706.44
620,2021-04,1019,687.61,681.03
621,2021-04,1020,429.96,441.54
622,2021-04,1021,547.5,578.32
623,2021-04,1022,483.55,472.43
624,2021-04,1023,511.27,517.56
625,2021-04,1024,391.91,377.38
626,2021-04,1025,577.98,600.84
627,2021-04,1026,506.37,520.71
628,2021-04,1027,332.19,354.01
629,2021-04,1028,362.07,371.1
630,2021-04,1029,418.21,429.4
631,2021-04,1030,479.19,460.12
632,2021-04,1031,467.09,491.83
633,2021-04,1032,425.26,458.33
634,2021-04,1033,516.05,546.14
635,2021-04,1034,484.34,474.84
636,2021-04,1035,443.4,464.47
637,2021-04,1036,460.4,476.83
638,2021-04,1037,480.58,498.71
639,2021-04,1038,441.06,424.31
640,2021-04,1039,537.65,543.4
641,2021-04,1040,231.26,230.12
642,2021-04,1041,244.36,258.1
643,2021-04,1042,311.76,306.58
644,2021-04,1043,278.72,269.81
645,2021-04,1044,305.57,326.19
646,2021-04,1045,311.72,330.84
647,2021-04,1046,375.74,398.1
648,2021-04,1047,342.96,348.54
649,2021-04,1048,413.46,411.52
650,2021-04,1049,272.69,289.17
651,2021-04,1050,365.21,358.74
652,2021-04,1051,327.62,339.58
653,2021-04,1052,252.35,269.1
654,2021-04,1053,286.21,279.78
655,2021-04,1054,358.77,368.34
656,2021-04,1055,314.68,337.61
657,2021-04,1056,255.06,257.47
658,2021-04,1057,314.23,302.79
659,2021-04,1058,387.86,369.57
660,2021-04,1059,312.64,333.1
661,2021-04,1060,100.84,103.11
662,2021-04,1061,61.04,60.74
663,2021-04,1062,96.97,101.59
664,2021-04,1063,90.53,95.09
665,2021-04,1064,105.26,101.2
666,2021-04,1065,81.66,79.31
667,2021-04,1066,88.33,85.65
668,2021-04,1067,108.59,113.5
669,2021-04,1068,103.84,105.18
670,2021-04,1069,113.19,109.69
671,2021-04,1070,75.31,72.78
672,2021-04,1071,69.14,71.41
673,2021-04,1072,92.7,91.35
674,2021-04,1073,102.54,105.96
675,2021-04,1074,68.84,72.38
676,2021-04,1075,108.45,109.9
677,2021-04,1076,71.23,76.64
678,2021-04,1077,88.63,94.53
679,2021-04,1078,118.16,112.33
680,2021-04,1079,96.31,92.95
681,2021-04,1080,369.56,354.52
682,2021-04,1081,391.42,421.45
683,2021-04,1082,599.3,627.49
684,2021-04,1083,379.9,373.79
685,2021-04,1084,378.36,374.65
686,2021-04,1085,458.27,442.23
687,2021-04,1086,479.39,474.43
688,2021-04,1087,363.68,376.23
689,2021-04,1088,571.83,577.21
690,2021-04,1089,492.35,492.84
691,2021-04,1090,520.08,511.22
692,2021-04,1091,444.81,480.1
693,2021-04,1092,631.27,641.21
694,2021-04,1093,519.53,512.72
695,2021-04,1094,519.37,512.38
696,2021-04,1095,282.42,302.01
697,2021-04,1096,647.28,698.1
698,2021-04,1097,390.44,409.23
699,2021-04,1098,447.23,468.27
700,2021-04,1099,468.99,489.67
701,2021-04,1100,911.96,970.12
702,2021-04,1101,872.17,895.99
703,2021-04,1102,873.3,934.62
704,2021-04,1103,1257.9,1211.77
705,2021-04,1104,678.79,697.29
706,2021-04,1105,901.67,870.6
707,2021-04,1106,750.32,809.0
708,2021-04,1107,1006.33,995.64
709,2021-04,1108,917.29,878.12
710,2021-04,1109,777.92,815.5
711,2021-04,1110,1199.03,1234.99
712,2021-04,1111,849.64,911.56
713,2021-04,1112,888.82,941.46
714,2021-04,1113,1160.87,1124.07
715,2021-04,1114,885.57,893.35
716,2021-04,1115,915.02,950.95
717,2021-04,1116,1018.61,1071.98
718,2021-04,1117,884.65,939.36
719,2021-04,1118,787.33,804.31
720,2021-04,1119,1071.42,1122.52
721,2021-04,1120,65.46,67.79
722,2021-04,1121,47.02,48.98
723,2021-04,1122,55.89,54.09
724,2021-04,1123,50.19,53.73
725,2021-04,1124,61.73,63.25
726,2021-04,1125,52.41,52.82
727,2021-04,1126,42.35,40.69
728,2021-04,1127,68.17,73.47
729,2021-04,1128,39.52,41.91
730,2021-04,1129,50.0,49.0
731,2021-04,1130,58.77,56.56
732,2021-04,1131,66.29,62.99
733,2021-04,1132,51.47,49.83
734,2021-04,1133,74.47,75.97
735,2021-04,1134,52.12,55.67
736,2021-04,1135,52.58,53.16
737,2021-04,1136,50.89,49.58
738,2021-04,1137,47.04,49.06
739,2021-04,1138,57.86,59.26
740,2021-04,1139,60.88,65.5
741,2021-04,1140,867.49,894.5
742,2021-04,1141,564.6,598.42
743,2021-04,1142,532.41,555.21
744,2021-04,1143,708.78,683.56
745,2021-04,1144,557.14,547.25
746,2021-04,1145,596.78,627.81
747,2021-04,1146,527.55,526.64
748,2021-04,1147,633.01,605.76
749,2021-04,1148,526.43,537.62
750,2021-04,1149,736.34,709.51
751,2021-04,1150,592.91,603.65
752,2021-04,1151,487.53,471.7
753,2021-04,1152,747.57,763.23
754,2021-04,1153,500.75,487.68
755,2021-04,1154,550.62,582.81
756,2021-04,1155,590.25,595.98
757,2021-04,1156,471.92,456.83
758,2021-04,1157,673.62,680.43
759,2021-04,1158,661.04,692.36
760,2021-04,1159,567.55,569.91
761,2021-04,1160,57.04,55.57
762,2021-04,1161,46.82,44.77
763,2021-04,1162,55.32,56.78
764,2021-04,1163,36.64,37.98
765,2021-04,1164,32.48,33.89
766,2021-04,1165,46.55,46.33
767,2021-04,1166,48.21,47.75
768,2021-04,1167,45.67,44.4
769,2021-04,1168,44.38,46.17
770,2021-04,1169,42.77,45.04
771,2021-04,1170,57.04,54.22
772,2021-04,1171,39.47,41.71
773,2021-04,1172,42.18,42.84
774,2021-04,1173,39.63,40.0
775,2021-04,1174,38.07,38.59
776,2021-04,1175,47.92,48.55
777,2021-04,1176,52.21,55.72
778,2021-04,1177,39.78,38.7
779,2021-04,1178,36.93,39.32
780,2021-04,1179,35.59,35.06
781,2021-04,1180,119.78,118.76
782,2021-04,1181,87.21,92.42
783,2021-04,1182,83.07,79.84
784,2021-04,1183,52.87,56.39
785,2021-04,1184,63.12,67.67
786,2021-04,1185,103.24,105.44
787,2021-04,1186,95.69,90.95
788,2021-04,1187,114.41,114.66
789,2021-04,1188,80.39,81.27
790,2021-04,1189,95.65,100.79
791,2021-04,1190,99.85,102.84
792,2021-04,1191,111.08,107.06
793,2021-04,1192,112.32,109.26
794,2021-04,1193,75.97,74.39
795,2021-04,1194,102.37,100.48
796,2021-04,1195,96.14,98.51
797,2021-04,1196,71.19,75.76
798,2021-04,1197,78.7,74.98
799,2021-04,1198,106.03,107.32
800,2021-04,1199,79.45,77.05
801,2021-05,1000,548.86,558.63
802,2021-05,1001,576.94,579.22
803,2021-05,1002,520.25,510.32
804,2021-05,1003,783.51,778.03
805,2021-05,1004,559.49,600.19
806,2021-05,1005,577.21,608.31
807,2021-05,1006,608.55,627.76
808,2021-05,1007,609.7,607.09
809,2021-05,1008,559.79,581.79
810,2021-05,1009,620.39,605.6
811,2021-05,1010,757.65,786.99
812,2021-05,1011,636.09,613.85
813,2021-05,1012,630.71,635.87
814,2021-05,1013,666.32,651.72
815,2021-05,1014,949.17,1005.23
816,2021-05,1015,642.58,685.41
817,2021-05,1016,757.82,787.32
818,2021-05,1017,714.56,740.75
819,2021-05,1018,711.89,702.46
820,2021-05,1019,665.27,678.79
821,2021-05,1020,434.81,428.27
822,2021-05,1021,541.73,576.4
823,2021-05,1022,487.35,488.35
824,2021-05,1023,529.17,525.62
825,2021-05,1024,382.35,379.05
826,2021-05,1025,597.14,602.36
827,2021-05,1026,485.92,497.93
828,2021-05,1027,346.2,357.64
829,2021-05,1028,368.66,360.38
830,2021-05,1029,406.35,391.99
831,2021-05,1030,468.5,484.64
832,2021-05,1031,443.4,477.18
833,2021-05,1032,411.71,395.85
834,2021-05,1033,491.47,469.78
835,2021-05,1034,459.69,473.11
836,2021-05,1035,466.63,481.43
837,2021-05,1036,460.76,475.55
838,2021-05,1037,477.12,454.2
839,2021-05,1038,432.39,465.8
840,2021-05,1039,597.85,569.37
841,2021-05,1040,231.49,243.4
842,2021-05,1041,235.99,233.55
843,2021-05,1042,309.32,333.62
844,2021-05,1043,267.05,268.23
845,2021-05,1044,304.29,324.98
846,2021-05,1045,311.91,328.23
847,2021-05,1046,381.53,390.08
848,2021-05,1047,332.61,341.21
849,2021-05,1048,407.33,403.57
850,2021-05,1049,285.93,280.2
851,2021-05,1050,381.75,386.82
852,2021-05,1051,301.12,317.98
853,2021-05,1052,268.55,277.45
854,2021-05,1053,280.47,284.1
855,2021-05,1054,366.66,388.84
856,2021-05,1055,316.3,340.66
857,2021-05,1056,250.04,255.01
858,2021-05,1057,305.3,295.15
859,2021-05,1058,364.18,389.71
860,2021-05,1059,337.85,346.84
861,2021-05,1060,100.97,107.97
862,2021-05,1061,64.44,65.35
863,2021-05,1062,98.71,96.61
864,2021-05,1063,89.8,89.49
865,2021-05,1064,108.35,108.62
866,2021-05,1065,79.22,84.75
867,2021-05,1066,85.16,85.07
868,2021-05,1067,102.73,99.05
869,2021-05,1068,107.02,110.61
870,2021-05,1069,114.16,118.3
871,2021-05,1070,74.74,74.71
872,2021-05,1071,66.23,68.03
873,2021-05,1072,91.44,94.62
874,2021-05,1073,98.57,97.59
875,2021-05,1074,69.58,67.53
876,2021-05,1075,110.2,107.3
877,2021-05,1076,72.41,70.22
878,2021-05,1077,82.68,84.9
879,2021-05,1078,115.59,117.39
880,2021-05,1079,91.24,96.91
881,2021-05,1080,391.23,402.74
882,2021-05,1081,392.01,397.56
883,2021-05,1082,609.15,624.52
884,2021-05,1083,363.52,390.72
885,2021-05,1084,383.88,378.11
886,2021-05,1085,450.55,443.2
887,2021-05,1086,490.13,524.22
888,2021-05,1087,345.83,343.6
889,2021-05,1088,562.0,592.78
890,2021-05,1089,503.26,506.02
891,2021-05,1090,505.59,485.8
892,2021-05,1091,442.88,434.85
893,2021-05,1092,663.03,708.67
894,2021-05,1093,527.84,553.69
895,2021-05,1094,504.68,489.86
896,2021-05,1095,299.06,287.83
897,2021-05,1096,645.31,622.74
898,2021-05,1097,408.49,396.77
899,2021-05,1098,442.63,439.97
900,2021-05,1099,469.44,473.13
901,2021-05,1100,906.3,926.74
902,2021-05,1101,890.99,926.25
903,2021-05,1102,812.7,775.01
904,2021-05,1103,1264.39,1263.74
905,2021-05,1104,714.27,707.25
906,2021-05,1105,904.78,930.84
907,2021-05,1106,746.95,750.64
908,2021-05,1107,956.34,935.52
909,2021-05,1108,935.56,929.8
910,2021-05,1109,828.15,880.81
911,2021-05,1110,1134.63,1188.76
912,2021-05,1111,851.05,871.7
913,2021-05,1112,914.3,885.68
914,2021-05,1113,1107.18,1152.33
915,2021-05,1114,900.43,900.23
916,2021-05,1115,944.22,950.1
917,2021-05,1116,1051.79,1033.46
918,2021-05,1117,897.59,861.14
919,2021-05,1118,766.25,802.62
920,2021-05,1119,1022.45,1064.9
921,2021-05,1120,66.82,71.52
922,2021-05,1121,47.85,46.84
923,2021-05,1122,56.97,58.16
924,2021-05,1123,48.29,50.22
925,2021-05,1124,61.0,59.37
926,2021-05,1125,54.94,58.7
927,2021-05,1126,46.8,47.0
928,2021-05,1127,70.3,71.63
929,2021-05,1128,38.84,37.68
930,2021-05,1129,51.33,48.82
931,2021-05,1130,60.0,64.49
932,2021-05,1131,68.87,71.94
933,2021-05,1132,54.34,55.73
934,2021-05,1133,75.77,80.01
935,2021-05,1134,52.58,50.56
936,2021-05,1135,56.45,55.63
937,2021-05,1136,49.19,51.21
938,2021-05,1137,47.76,50.85
939,2021-05,1138,56.05,57.3
940,2021-05,1139,60.7,64.89
941,2021-05,1140,860.62,865.39
942,2021-05,1141,536.09,549.89
943,2021-05,1142,526.65,517.15
944,2021-05,1143,686.3,707.65
945,2021-05,1144,545.55,548.73
946,2021-05,1145,594.49,589.08
947,2021-05,1146,529.18,522.8
948,2021-05,1147,596.14,611.34
949,2021-05,1148,532.05,552.25
950,2021-05,1149,724.61,781.0
951,2021-05,1150,576.91,604.7
952,2021-05,1151,473.51,456.5
953,2021-05,1152,730.57,782.65
954,2021-05,1153,556.5,590.03
955,2021-05,1154,558.9,600.37
956,2021-05,1155,611.62,599.98
957,2021-05,1156,477.37,500.79
958,2021-05,1157,673.71,661.57
959,2021-05,1158,684.56,694.79
960,2021-05,1159,578.99,585.6
961,2021-05,1160,60.0,60.57
962,2021-05,1161,48.65,50.27
963,2021-05,1162,51.77,51.0
964,2021-05,1163,36.44,39.2
965,2021-05,1164,31.48,33.33
966,2021-05,1165,47.36,49.62
967,2021-05,1166,48.83,50.59
968,2021-05,1167,43.67,42.46
969,2021-05,1168,45.86,47.05
970,2021-05,1169,39.92,42.57
971,2021-05,1170,56.7,60.43
972,2021-05,1171,39.78,42.59
973,2021-05,1172,43.53,42.45
974,2021-05,1173,37.57,39.22
975,2021-05,1174,38.34,36.84
976,2021-05,1175,48.95,48.87
977,2021-05,1176,48.89,49.68
978,2021-05,1177,36.2,38.87
979,2021-05,1178,35.36,38.05
980,2021-05,1179,35.43,37.3
981,2021-05,1180,118.87,116.51
982,2021-05,1181,87.22,92.73
983,2021-05,1182,82.93,80.02
984,2021-05,1183,56.91,59.64
985,2021-05,1184,66.32,69.46
986,2021-05,1185,102.71,104.26
987,2021-05,1186,99.98,95.13
988,2021-05,1187,127.08,124.78
989,2021-05,1188,80.44,79.57
990,2021-05,1189,97.19,98.37
991,2021-05,1190,98.62,98.28
992,2021-05,1191,109.79,110.78
993,2021-05,1192,109.58,118.15
994,2021-05,1193,74.11,76.96
995,2021-05,1194,101.38,102.74
996,2021-05,1195,101.42,105.5
997,2021-05,1196,69.83,73.02
998,2021-05,1197,79.03,83.42
999,2021-05,1198,100.4,104.24
1000,2021-05,1199,81.88,88.39
1001,2021-06,1000,535.21,537.69
1002,2021-06,1001,530.46,539.3
1003,2021-06,1002,577.63,557.04
1004,2021-06,1003,793.42,777.21
1005,2021-06,1004,568.33,546.72
1006,2021-06,1005,531.23,554.46
1007,2021-06,1006,637.97,621.38
1008,2021-06,1007,651.08,654.15
1009,2021-06,1008,576.69,621.4
1010,2021-06,1009,643.07,635.48
1011,2021-06,1010,747.82,756.55
1012,2021-06,1011,671.7,661.67
1013,2021-06,1012,616.45,632.25
1014,2021-06,1013,645.85,677.48
1015,2021-06,1014,901.47,915.13
1016,2021-06,1015,639.2,686.14
1017,2021-06,1016,796.15,795.11
1018,2021-06,1017,724.22,701.12
1019,2021-06,1018,744.87,761.95
1020,2021-06,1019,693.21,708.95
1021,2021-06,1020,415.45,432.19
1022,2021-06,1021,529.86,549.3
1023,2021-06,1022,493.32,490.95
1024,2021-06,1023,535.2,542.54
1025,2021-06,1024,397.28,388.83
1026,2021-06,1025,609.4,631.53
1027,2021-06,1026,479.62,508.58
1028,2021-06,1027,334.36,353.15
1029,2021-06,1028,369.19,385.99
1030,2021-06,1029,414.45,409.85
1031,2021-06,1030,466.84,455.48
1032,2021-06,1031,443.94,424.17
1033,2021-06,1032,403.02,390.5
1034,2021-06,1033,481.03,474.86
1035,2021-06,1034,446.73,455.04
1036,2021-06,1035,454.98,439.25
1037,2021-06,1036,455.18,472.07
1038,2021-06,1037,487.14,497.43
1039,2021-06,1038,427.76,410.17
1040,2021-06,1039,574.87,602.89
1041,2021-06,1040,219.18,215.95
1042,2021-06,1041,241.56,244.46
1043,2021-06,1042,307.57,328.41
1044,2021-06,1043,271.06,277.66
1045,2021-06,1044,312.34,320.43
1046,2021-06,1045,331.11,351.2
1047,2021-06,1046,375.96,383.33
1048,2021-06,1047,349.21,348.13
1049,2021-06,1048,417.19,398.15
1050,2021-06,1049,281.68,283.37
1051,2021-06,1050,381.77,373.57
1052,2021-06,1051,319.67,324.44
1053,2021-06,1052,267.79,264.99
1054,2021-06,1053,274.53,284.29
1055,2021-06,1054,381.0,409.69
1056,2021-06,1055,300.45,300.32
1057,2021-06,1056,255.24,273.14
1058,2021-06,1057,318.91,304.5
1059,2021-06,1058,377.73,385.84
1060,2021-06,1059,304.51,312.39
1061,2021-06,1060,100.12,98.29
1062,2021-06,1061,63.81,63.98
1063,2021-06,1062,99.05,105.49
1064,2021-06,1063,88.76,93.08
1065,2021-06,1064,106.47,113.52
1066,2021-06,1065,82.61,85.6
1067,2021-06,1066,85.36,84.54
1068,2021-06,1067,105.18,104.58
1069,2021-06,1068,105.11,111.98
1070,2021-06,1069,115.22,122.37
1071,2021-06,1070,74.85,75.54
1072,2021-06,1071,66.34,68.93
1073,2021-06,1072,88.45,93.32
1074,2021-06,1073,100.17,97.03
1075,2021-06,1074,68.59,67.69
1076,2021-06,1075,106.02,111.05
1077,2021-06,1076,70.4,69.58
1078,2021-06,1077,88.22,89.36
1079,2021-06,1078,117.1,114.71
1080,2021-06,1079,100.71,98.0
1081,2021-06,1080,390.09,411.72
1082,2021-06,1081,408.74,429.9
1083,2021-06,1082,578.04,599.62
1084,2021-06,1083,373.26,360.45
1085,2021-06,1084,389.03,411.81
1086,2021-06,1085,441.07,472.27
1087,2021-06,1086,475.5,469.5
1088,2021-06,1087,353.22,349.45
1089,2021-06,1088,578.82,563.1
1090,2021-06,1089,478.41,463.63
1091,2021-06,1090,543.83,586.49
1092,2021-06,1091,444.84,473.15
1093,2021-06,1092,646.49,695.33
1094,2021-06,1093,523.86,511.28
1095,2021-06,1094,500.55,505.89
1096,2021-06,1095,301.3,301.27
1097,2021-06,1096,643.04,617.37
1098,2021-06,1097,390.67,416.44
1099,2021-06,1098,436.13,431.88
1100,2021-06,1099,476.92,507.5
1101,2021-06,1100,929.52,980.8
1102,2021-06,1101,871.33,901.19
1103,2021-06,1102,861.76,824.97
1104,2021-06,1103,1327.3,1388.09
1105,2021-06,1104,691.62,743.22
1106,2021-06,1105,891.31,870.91
1107,2021-06,1106,757.83,755.47
1108,2021-06,1107,978.51,936.04
1109,2021-06,1108,931.07,990.74
1110,2021-06,1109,761.78,807.41
1111,2021-06,1110,1143.38,1228.12
1112,2021-06,1111,846.36,853.02
1113,2021-06,1112,896.14,925.05
1114,2021-06,1113,1214.42,1266.76
1115,2021-06,1114,939.66,892.86
1116,2021-06,1115,946.04,945.89
1117,2021-06,1116,1032.86,994.98
1118,2021-06,1117,873.5,898.7
1119,2021-06,1118,767.78,820.62
1120,2021-06,1119,1023.05,1088.96
1121,2021-06,1120,64.91,61.87
1122,2021-06,1121,47.47,47.58
1123,2021-06,1122,57.99,58.92
1124,2021-06,1123,50.4,48.63
1125,2021-06,1124,62.17,64.02
1126,2021-06,1125,55.33,59.68
1127,2021-06,1126,44.66,44.44
1128,2021-06,1127,70.77,70.24
1129,2021-06,1128,37.37,36.87
1130,2021-06,1129,49.67,51.47
1131,2021-06,1130,60.06,59.04
1132,2021-06,1131,67.12,71.4
1133,2021-06,1132,52.66,51.52
1134,2021-06,1133,75.86,74.0
1135,2021-06,1134,56.26,55.36
1136,2021-06,1135,51.73,53.04
1137,2021-06,1136,49.08,51.16
1138,2021-06,1137,46.23,49.08
1139,2021-06,1138,56.28,58.33
1140,2021-06,1139,60.53,59.77
1141,2021-06,1140,895.59,918.58
1142,2021-06,1141,566.27,542.6
1143,2021-06,1142,524.06,506.45
1144,2021-06,1143,680.98,654.84
1145,2021-06,1144,528.79,513.28
1146,2021-06,1145,593.42,635.92
1147,2021-06,1146,520.1,521.26
1148,2021-06,1147,604.49,620.89
1149,2021-06,1148,511.92,517.51
1150,2021-06,1149,769.11,829.54
1151,2021-06,1150,611.44,654.77
1152,2021-06,1151,474.29,469.94
1153,2021-06,1152,734.04,738.82
1154,2021-06,1153,494.8,474.42
1155,2021-06,1154,560.45,598.78
1156,2021-06,1155,587.08,628.92
1157,2021-06,1156,490.62,484.76
1158,2021-06,1157,678.83,671.13
1159,2021-06,1158,682.46,724.3
1160,2021-06,1159,578.53,592.57
1161,2021-06,1160,57.74,60.6
1162,2021-06,1161,45.46,46.86
1163,2021-06,1162,50.55,51.85
1164,2021-06,1163,37.49,39.29
1165,2021-06,1164,31.17,30.82
1166,2021-06,1165,46.3,45.23
1167,2021-06,1166,48.94,46.96
1168,2021-06,1167,44.21,45.26
1169,2021-06,1168,43.69,41.93
1170,2021-06,1169,41.72,41.67
1171,2021-06,1170,57.31,59.97
1172,2021-06,1171,37.99,37.75
1173,2021-06,1172,43.4,46.31
1174,2021-06,1173,39.36,41.66
1175,2021-06,1174,40.25,39.49
1176,2021-06,1175,47.88,51.41
1177,2021-06,1176,50.43,51.66
1178,2021-06,1177,39.98,38.11
1179,2021-06,1178,36.25,34.99
1180,2021-06,1179,37.12,37.92
1181,2021-06,1180,121.15,122.14
1182,2021-06,1181,84.22,86.12
1183,2021-06,1182,83.67,82.37
1184,2021-06,1183,56.78,54.49
1185,2021-06,1184,68.34,67.02
1186,2021-06,1185,101.8,97.9
1187,2021-06,1186,102.81,102.3
1188,2021-06,1187,125.65,119.46
1189,2021-06,1188,81.73,80.86
1190,2021-06,1189,99.37,95.19
1191,2021-06,1190,99.08,96.41
1192,2021-06,1191,108.92,106.16
1193,2021-06,1192,107.41,114.04
1194,2021-06,1193,72.53,74.78
1195,2021-06,1194,110.62,107.43
1196,2021-06,1195,98.41,97.35
1197,2021-06,1196,71.71,71.73
1198,2021-06,1197,75.9,77.73
1199,2021-06,1198,96.84,95.85
1200,2021-06,1199,79.92,84.59
1201,2021-07,1000,555.16,586.63
1202,2021-07,1001,575.65,583.64
1203,2021-07,1002,555.88,574.95
1204,2021-07,1003,777.74,759.23
1205,2021-07,1004,549.13,556.2
1206,2021-07,1005,533.76,550.06
1207,2021-07,1006,597.45,601.51
1208,2021-07,1007,609.93,635.78
1209,2021-07,1008,570.26,605.44
1210,2021-07,1009,643.37,644.32
1211,2021-07,1010,725.54,714.91
1212,2021-07,1011,661.17,654.68
1213,2021-07,1012,682.33,733.39
1214,2021-07,1013,675.78,686.13
1215,2021-07,1014,900.42,918.6
1216,2021-07,1015,637.38,661.79
1217,2021-07,1016,783.87,825.47
1218,2021-07,1017,704.53,753.36
1219,2021-07,1018,727.28,753.42
1220,2021-07,1019,676.24,711.45
1221,2021-07,1020,422.0,442.03
1222,2021-07,1021,499.29,485.43
1223,2021-07,1022,494.04,483.59
1224,2021-07,1023,527.64,564.9
1225,2021-07,1024,395.85,426.52
1226,2021-07,1025,594.09,626.84
1227,2021-07,1026,488.96,517.83
1228,2021-07,1027,346.84,354.99
1229,2021-07,1028,381.24,408.3
1230,2021-07,1029,420.68,454.02
1231,2021-07,1030,472.64,505.91
1232,2021-07,1031,438.7,439.38
1233,2021-07,1032,414.86,401.44
1234,2021-07,1033,493.33,500.33
1235,2021-07,1034,467.53,465.29
1236,2021-07,1035,475.48,471.54
1237,2021-07,1036,454.16,436.29
1238,2021-07,1037,485.83,503.03
1239,2021-07,1038,431.32,419.44
1240,2021-07,1039,580.13,622.06
1241,2021-07,1040,234.61,242.66
1242,2021-07,1041,236.92,238.96
1243,2021-07,1042,318.4,316.99
1244,2021-07,1043,266.05,257.55
1245,2021-07,1044,317.62,330.36
1246,2021-07,1045,330.93,332.05
1247,2021-07,1046,369.2,355.56
1248,2021-07,1047,339.95,342.39
1249,2021-07,1048,421.09,445.46
1250,2021-07,1049,282.2,284.61
1251,2021-07,1050,354.35,372.3
1252,2021-07,1051,314.96,326.04
1253,2021-07,1052,266.35,259.17
1254,2021-07,1053,278.8,277.99
1255,2021-07,1054,363.01,352.0
1256,2021-07,1055,296.7,290.26
1257,2021-07,1056,262.87,268.22
1258,2021-07,1057,304.26,312.24
1259,2021-07,1058,384.17,368.0
1260,2021-07,1059,304.85,328.48
1261,2021-07,1060,101.19,104.43
1262,2021-07,1061,62.29,62.97
1263,2021-07,1062,98.2,101.52
1264,2021-07,1063,87.72,89.14
1265,2021-07,1064,107.77,108.45
1266,2021-07,1065,81.27,84.18
1267,2021-07,1066,89.6,95.99
1268,2021-07,1067,107.92,111.17
1269,2021-07,1068,106.2,114.21
1270,2021-07,1069,112.28,118.65
1271,2021-07,1070,73.59,70.3
1272,2021-07,1071,66.28,70.63
1273,2021-07,1072,91.11,90.63
1274,2021-07,1073,100.41,103.08
1275,2021-07,1074,65.2,62.29
1276,2021-07,1075,109.59,110.85
1277,2021-07,1076,71.22,69.53
1278,2021-07,1077,88.18,87.33
1279,2021-07,1078,119.26,123.97
1280,2021-07,1079,96.62,104.16
1281,2021-07,1080,372.14,362.13
1282,2021-07,1081,396.16,393.26
1283,2021-07,1082,578.84,616.02
1284,2021-07,1083,373.15,376.52
1285,2021-07,1084,393.78,387.35
1286,2021-07,1085,443.02,454.45
1287,2021-07,1086,466.27,481.02
1288,2021-07,1087,340.35,359.25
1289,2021-07,1088,567.99,540.47
1290,2021-07,1089,503.83,493.15
1291,2021-07,1090,516.91,520.19
1292,2021-07,1091,455.09,461.69
1293,2021-07,1092,655.4,626.67
1294,2021-07,1093,538.08,548.02
1295,2021-07,1094,524.09,514.6
1296,2021-07,1095,288.8,295.02
1297,2021-07,1096,647.22,668.11
1298,2021-07,1097,398.56,406.4
1299,2021-07,1098,448.0,481.29
1300,2021-07,1099,471.23,457.96
1301,2021-07,1100,941.21,951.43
1302,2021-07,1101,823.9,812.25
1303,2021-07,1102,844.41,897.17
1304,2021-07,1103,1213.89,1163.29
1305,2021-07,1104,690.63,733.71
1306,2021-07,1105,903.31,898.47
1307,2021-07,1106,752.34,803.19
1308,2021-07,1107,984.38,1048.13
1309,2021-07,1108,923.46,970.74
1310,2021-07,1109,806.56,776.91
1311,2021-07,1110,1153.87,1154.99
1312,2021-07,1111,856.68,924.54
1313,2021-07,1112,919.6,959.59
1314,2021-07,1113,1176.51,1145.59
1315,2021-07,1114,910.17,947.37
1316,2021-07,1115,939.51,943.39
1317,2021-07,1116,1006.97,1042.32
1318,2021-07,1117,859.41,901.88
1319,2021-07,1118,770.62,822.63
1320,2021-07,1119,1033.22,992.44
1321,2021-07,1120,65.82,65.95
1322,2021-07,1121,48.55,52.04
1323,2021-07,1122,55.5,52.88
1324,2021-07,1123,50.89,52.89
1325,2021-07,1124,59.74,58.29
1326,2021-07,1125,54.08,52.84
1327,2021-07,1126,45.16,46.98
1328,2021-07,1127,69.06,73.23
1329,2021-07,1128,37.98,39.27
1330,2021-07,1129,52.06,50.69
1331,2021-07,1130,59.26,57.3
1332,2021-07,1131,68.44,67.27
1333,2021-07,1132,51.64,52.5
1334,2021-07,1133,74.79,79.9
1335,2021-07,1134,54.49,58.01
1336,2021-07,1135,52.18,52.58
1337,2021-07,1136,49.12,48.64
1338,2021-07,1137,47.42,48.88
1339,2021-07,1138,55.48,52.75
1340,2021-07,1139,60.88,65.32
1341,2021-07,1140,846.53,861.17
1342,2021-07,1141,551.32,565.11
1343,2021-07,1142,529.24,532.87
1344,2021-07,1143,685.8,666.92
1345,2021-07,1144,579.34,621.65
1346,2021-07,1145,604.27,611.57
1347,2021-07,1146,499.4,515.6
1348,2021-07,1147,605.66,648.76
1349,2021-07,1148,519.28,537.28
1350,2021-07,1149,725.52,700.44
1351,2021-07,1150,600.62,578.25
1352,2021-07,1151,469.0,459.83
1353,2021-07,1152,712.86,688.67
1354,2021-07,1153,540.48,553.71
1355,2021-07,1154,564.95,595.42
1356,2021-07,1155,633.15,632.11
1357,2021-07,1156,472.25,459.02
1358,2021-07,1157,684.7,680.19
1359,2021-07,1158,634.9,674.01
1360,2021-07,1159,568.15,582.62
1361,2021-07,1160,58.14,56.15
1362,2021-07,1161,46.81,49.94
1363,2021-07,1162,55.24,52.66
1364,2021-07,1163,39.69,38.26
1365,2021-07,1164,32.09,33.34
1366,2021-07,1165,49.78,52.76
1367,2021-07,1166,49.26,49.41
1368,2021-07,1167,44.53,43.53
1369,2021-07,1168,43.8,46.72
1370,2021-07,1169,39.0,41.42
1371,2021-07,1170,55.62,56.0
1372,2021-07,1171,38.55,39.72
1373,2021-07,1172,41.96,43.08
1374,2021-07,1173,37.25,39.51
1375,2021-07,1174,41.47,41.4
1376,2021-07,1175,45.5,47.19
1377,2021-07,1176,50.23,48.63
1378,2021-07,1177,40.35,43.2
1379,2021-07,1178,38.25,38.72
1380,2021-07,1179,36.05,37.61
1381,2021-07,1180,118.54,120.91
1382,2021-07,1181,86.19,88.95
1383,2021-07,1182,81.69,79.06
1384,2021-07,1183,54.39,54.64
1385,2021-07,1184,64.6,68.37
1386,2021-07,1185,103.73,102.56
1387,2021-07,1186,98.03,98.24
1388,2021-07,1187,116.3,112.75
1389,2021-07,1188,82.04,87.43
1390,2021-07,1189,97.93,101.31
1391,2021-07,1190,97.03,101.32
1392,2021-07,1191,114.33,121.04
1393,2021-07,1192,106.32,113.9
1394,2021-07,1193,76.14,76.46
1395,2021-07,1194,102.07,101.37
1396,2021-07,1195,99.96,106.27
1397,2021-07,1196,67.34,64.92
1398,2021-07,1197,76.91,80.8
1399,2021-07,1198,104.24,99.7
1400,2021-07,1199,77.41,77.56
1401,2021-08,1000,538.81,533.4
1402,2021-08,1001,536.58,523.28
1403,2021-08,1002,560.02,553.53
1404,2021-08,1003,738.98,737.14
1405,2021-08,1004,525.89,524.71
1406,2021-08,1005,559.54,590.19
1407,2021-08,1006,624.07,644.06
1408,2021-08,1007,622.79,614.37
1409,2021-08,1008,561.94,582.91
1410,2021-08,1009,614.07,645.31
1411,2021-08,1010,789.65,818.59
1412,2021-08,1011,644.15,647.81
1413,2021-08,1012,679.18,690.0
1414,2021-08,1013,662.26,654.77
1415,2021-08,1014,869.58,829.46
1416,2021-08,1015,642.46,640.86
1417,2021-08,1016,826.26,853.98
1418,2021-08,1017,723.79,735.66
1419,2021-08,1018,745.16,726.35
1420,2021-08,1019,667.07,687.99
1421,2021-08,1020,428.73,438.32
1422,2021-08,1021,508.69,546.14
1423,2021-08,1022,508.9,530.62
1424,2021-08,1023,499.12,511.9
1425,2021-08,1024,387.41,388.88
1426,2021-08,1025,595.17,582.85
1427,2021-08,1026,496.63,532.66
1428,2021-08,1027,362.4,385.95
1429,2021-08,1028,382.09,390.45
1430,2021-08,1029,430.2,433.97
1431,2021-08,1030,474.7,500.8
1432,2021-08,1031,465.08,466.61
1433,2021-08,1032,423.65,439.85
1434,2021-08,1033,477.76,488.18
1435,2021-08,1034,469.89,490.59
1436,2021-08,1035,454.0,433.34
1437,2021-08,1036,460.87,440.38
1438,2021-08,1037,500.74,503.53
1439,2021-08,1038,426.74,431.25
1440,2021-08,1039,575.13,578.82
1441,2021-08,1040,232.8,229.07
1442,2021-08,1041,240.78,253.51
1443,2021-08,1042,315.64,304.86
1444,2021-08,1043,275.37,290.62
1445,2021-08,1044,299.83,314.03
1446,2021-08,1045,322.0,337.21
1447,2021-08,1046,372.83,401.62
1448,2021-08,1047,335.18,325.63
1449,2021-08,1048,416.71,416.95
1450,2021-08,1049,276.44,263.97
1451,2021-08,1050,378.11,373.56
1452,2021-08,1051,301.58,306.21
1453,2021-08,1052,270.52,285.73
1454,2021-08,1053,274.85,270.67
1455,2021-08,1054,374.64,389.66
1456,2021-08,1055,312.02,304.33
1457,2021-08,1056,258.48,261.38
1458,2021-08,1057,313.7,333.63
1459,2021-08,1058,383.87,379.66
1460,2021-08,1059,319.32,338.37
1461,2021-08,1060,100.18,98.03
1462,2021-08,1061,61.26,61.66
1463,2021-08,1062,99.11,94.16
1464,2021-08,1063,85.43,85.73
1465,2021-08,1064,111.76,119.77
1466,2021-08,1065,82.66,82.89
1467,2021-08,1066,85.9,81.93
1468,2021-08,1067,106.12,108.33
1469,2021-08,1068,103.49,109.48
1470,2021-08,1069,114.31,114.53
1471,2021-08,1070,75.69,73.46
1472,2021-08,1071,66.49,71.02
1473,2021-08,1072,92.27,89.41
1474,2021-08,1073,98.71,100.02
1475,2021-08,1074,65.53,65.54
1476,2021-08,1075,107.66,113.8
1477,2021-08,1076,69.98,72.74
1478,2021-08,1077,86.74,93.35
1479,2021-08,1078,117.42,114.47
1480,2021-08,1079,96.35,93.82
1481,2021-08,1080,367.38,352.2
1482,2021-08,1081,409.69,433.4
1483,2021-08,1082,597.05,611.38
1484,2021-08,1083,376.75,361.8
1485,2021-08,1084,385.77,370.67
1486,2021-08,1085,435.56,465.84
1487,2021-08,1086,484.0,483.36
1488,2021-08,1087,353.22,357.47
1489,2021-08,1088,571.57,597.79
1490,2021-08,1089,472.69,478.71
1491,2021-08,1090,492.46,500.43
1492,2021-08,1091,447.78,451.4
1493,2021-08,1092,636.04,645.39
1494,2021-08,1093,551.58,569.34
1495,2021-08,1094,519.14,535.87
1496,2021-08,1095,285.82,306.01
1497,2021-08,1096,667.8,690.84
1498,2021-08,1097,416.55,437.13
1499,2021-08,1098,436.76,470.24
1500,2021-08,1099,483.93,506.67
1501,2021-08,1100,895.7,858.26
1502,2021-08,1101,897.05,895.2
1503,2021-08,1102,895.8,886.9
1504,2021-08,1103,1266.97,1243.98
1505,2021-08,1104,670.4,644.9
1506,2021-08,1105,891.2,849.49
1507,2021-08,1106,748.0,757.93
1508,2021-08,1107,974.23,1050.8
1509,2021-08,1108,927.19,989.03
1510,2021-08,1109,760.58,780.92
1511,2021-08,1110,1105.54,1129.75
1512,2021-08,1111,842.14,849.48
1513,2021-08,1112,897.12,890.53
1514,2021-08,1113,1169.2,1116.19
1515,2021-08,1114,932.55,907.24
1516,2021-08,1115,946.96,1005.98
1517,2021-08,1116,990.06,1058.92
1518,2021-08,1117,882.01,850.59
1519,2021-08,1118,760.13,768.41
1520,2021-08,1119,1048.8,1077.41
1521,2021-08,1120,64.34,64.63
1522,2021-08,1121,48.8,48.15
1523,2021-08,1122,58.39,59.02
1524,2021-08,1123,50.3,48.83
1525,2021-08,1124,63.3,60.85
1526,2021-08,1125,52.67,56.78
1527,2021-08,1126,46.13,48.65
1528,2021-08,1127,70.16,69.81
1529,2021-08,1128,38.5,40.77
1530,2021-08,1129,52.94,54.47
1531,2021-08,1130,58.2,57.39
1532,2021-08,1131,68.1,64.71
1533,2021-08,1132,54.24,57.52
1534,2021-08,1133,72.84,77.25
1535,2021-08,1134,55.92,56.46
1536,2021-08,1135,53.51,57.0
1537,2021-08,1136,49.13,50.53
1538,2021-08,1137,47.38,49.29
1539,2021-08,1138,57.08,61.03
1540,2021-08,1139,64.4,64.03
1541,2021-08,1140,916.87,977.87
1542,2021-08,1141,557.42,586.43
1543,2021-08,1142,533.29,570.22
1544,2021-08,1143,703.46,745.59
1545,2021-08,1144,536.21,541.27
1546,2021-08,1145,610.35,646.29
1547,2021-08,1146,521.08,530.83
1548,2021-08,1147,603.4,611.96
1549,2021-08,1148,543.13,568.98
1550,2021-08,1149,751.04,769.69
1551,2021-08,1150,609.23,627.61
1552,2021-08,1151,461.96,441.95
1553,2021-08,1152,715.77,690.6
1554,2021-08,1153,538.58,578.77
1555,2021-08,1154,552.26,528.49
1556,2021-08,1155,602.46,615.17
1557,2021-08,1156,489.39,476.05
1558,2021-08,1157,679.3,703.38
1559,2021-08,1158,666.12,644.94
1560,2021-08,1159,594.3,614.72
1561,2021-08,1160,59.1,56.7
1562,2021-08,1161,47.5,50.95
1563,2021-08,1162,51.26,53.51
1564,2021-08,1163,39.71,39.5
1565,2021-08,1164,32.55,30.99
1566,2021-08,1165,47.31,49.65
1567,2021-08,1166,46.72,44.87
1568,2021-08,1167,44.68,47.04
1569,2021-08,1168,43.32,43.31
1570,2021-08,1169,40.41,41.99
1571,2021-08,1170,57.44,56.69
1572,2021-08,1171,39.41,38.83
1573,2021-08,1172,45.34,44.47
1574,2021-08,1173,39.44,39.49
1575,2021-08,1174,40.55,41.52
1576,2021-08,1175,45.43,46.48
1577,2021-08,1176,51.99,55.65
1578,2021-08,1177,38.84,38.21
1579,2021-08,1178,37.02,36.03
1580,2021-08,1179,36.85,36.95
1581,2021-08,1180,123.66,127.83
1582,2021-08,1181,86.76,92.12
1583,2021-08,1182,80.57,82.85
1584,2021-08,1183,56.51,54.66
1585,2021-08,1184,65.3,69.45
1586,2021-08,1185,102.72,99.94
1587,2021-08,1186,99.83,98.62
1588,2021-08,1187,120.72,115.24
1589,2021-08,1188,77.96,80.38
1590,2021-08,1189,95.99,94.19
1591,2021-08,1190,94.12,98.29
1592,2021-08,1191,108.9,117.55
1593,2021-08,1192,106.44,109.24
1594,2021-08,1193,72.0,75.79
1595,2021-08,1194,107.33,115.65
1596,2021-08,1195,101.14,107.63
1597,2021-08,1196,66.26,68.72
1598,2021-08,1197,78.81,75.91
1599,2021-08,1198,100.64,100.2
1600,2021-08,1199,78.86,83.61
1601,2021-09,1000,537.77,580.32
1602,2021-09,1001,548.24,585.01
1603,2021-09,1002,564.8,599.18
1604,2021-09,1003,775.67,788.27
1605,2021-09,1004,552.34,532.95
1606,2021-09,1005,544.35,526.52
1607,2021-09,1006,608.33,608.14
1608,2021-09,1007,601.01,640.12
1609,2021-09,1008,601.86,641.24
1610,2021-09,1009,621.49,647.11
1611,2021-09,1010,762.62,728.15
1612,2021-09,1011,658.52,689.86
1613,2021-09,1012,640.04,636.39
1614,2021-09,1013,651.69,671.28
1615,2021-09,1014,945.3,955.19
1616,2021-09,1015,606.67,642.85
1617,2021-09,1016,791.69,845.91
1618,2021-09,1017,728.45,703.53
1619,2021-09,1018,714.28,696.09
1620,2021-09,1019,688.74,735.62
1621,2021-09,1020,428.67,413.61
1622,2021-09,1021,544.8,544.03
1623,2021-09,1022,494.75,516.01
1624,2021-09,1023,507.63,543.49
1625,2021-09,1024,391.24,400.8
1626,2021-09,1025,594.52,577.71
1627,2021-09,1026,503.64,515.79
1628,2021-09,1027,356.79,382.7
1629,2021-09,1028,356.08,352.64
1630,2021-09,1029,430.37,431.31
1631,2021-09,1030,503.66,513.26
1632,2021-09,1031,442.36,421.67
1633,2021-09,1032,417.81,449.5
1634,2021-09,1033,502.19,507.86
1635,2021-09,1034,461.37,476.09
1636,2021-09,1035,476.52,513.72
1637,2021-09,1036,470.71,505.65
1638,2021-09,1037,480.51,472.44
1639,2021-09,1038,443.39,471.64
1640,2021-09,1039,531.46,534.71
1641,2021-09,1040,234.07,235.74
1642,2021-09,1041,232.98,221.57
1643,2021-09,1042,312.86,321.47
1644,2021-09,1043,265.07,260.8
1645,2021-09,1044,304.2,312.67
1646,2021-09,1045,317.14,319.47
1647,2021-09,1046,380.43,378.53
1648,2021-09,1047,348.51,354.8
1649,2021-09,1048,417.87,430.14
1650,2021-09,1049,285.82,306.39
1651,2021-09,1050,373.14,394.52
1652,2021-09,1051,316.99,311.63
1653,2021-09,1052,263.56,260.44
1654,2021-09,1053,292.31,299.46
1655,2021-09,1054,383.56,396.98
1656,2021-09,1055,306.9,317.43
1657,2021-09,1056,265.9,260.31
1658,2021-09,1057,306.7,331.11
1659,2021-09,1058,383.3,388.58
1660,2021-09,1059,312.61,313.89
1661,2021-09,1060,94.76,95.71
1662,2021-09,1061,62.54,63.95
1663,2021-09,1062,98.14,101.35
1664,2021-09,1063,91.31,98.43
1665,2021-09,1064,109.75,115.6
1666,2021-09,1065,77.16,76.52
1667,2021-09,1066,83.74,87.4
1668,2021-09,1067,105.19,105.16
1669,2021-09,1068,105.21,107.65
1670,2021-09,1069,107.94,110.68
1671,2021-09,1070,75.18,76.32
1672,2021-09,1071,70.26,71.63
1673,2021-09,1072,87.92,91.81
1674,2021-09,1073,98.93,98.87
1675,2021-09,1074,67.34,71.02
1676,2021-09,1075,109.23,116.49
1677,2021-09,1076,75.12,76.68
1678,2021-09,1077,88.46,86.38
1679,2021-09,1078,117.74,121.93
1680,2021-09,1079,98.04,104.32
1681,2021-09,1080,377.86,379.16
1682,2021-09,1081,411.46,412.37
1683,2021-09,1082,559.75,576.13
1684,2021-09,1083,370.53,387.72
1685,2021-09,1084,392.53,403.84
1686,2021-09,1085,435.23,468.18
1687,2021-09,1086,499.02,533.31
1688,2021-09,1087,347.78,352.2
1689,2021-09,1088,561.87,604.34
1690,2021-09,1089,488.22,486.49
1691,2021-09,1090,528.2,555.48
1692,2021-09,1091,445.16,441.83
1693,2021-09,1092,640.32,639.35
1694,2021-09,1093,499.12,493.26
1695,2021-09,1094,519.12,526.13
1696,2021-09,1095,292.85,312.56
1697,2021-09,1096,654.97,692.25
1698,2021-09,1097,381.26,371.17
1699,2021-09,1098,453.19,434.6
1700,2021-09,1099,462.51,452.87
1701,2021-09,1100,915.33,890.03
1702,2021-09,1101,846.3,879.84
1703,2021-09,1102,866.07,924.22
1704,2021-09,1103,1277.28,1248.55
1705,2021-09,1104,694.42,741.37
1706,2021-09,1105,857.16,823.44
1707,2021-09,1106,741.42,780.51
1708,2021-09,1107,990.38,980.69
1709,2021-09,1108,952.39,904.9
1710,2021-09,1109,770.35,754.69
1711,2021-09,1110,1162.97,1167.86
1712,2021-09,1111,830.13,873.25
1713,2021-09,1112,894.36,912.27
1714,2021-09,1113,1135.3,1096.92
1715,2021-09,1114,939.53,1011.19
1716,2021-09,1115,963.87,935.84
1717,2021-09,1116,1015.68,981.12
1718,2021-09,1117,862.99,847.56
1719,2021-09,1118,785.92,774.68
1720,2021-09,1119,998.85,994.51
1721,2021-09,1120,65.86,62.76
1722,2021-09,1121,48.12,50.74
1723,2021-09,1122,55.34,53.87
1724,2021-09,1123,50.48,50.5
1725,2021-09,1124,61.09,64.49
1726,2021-09,1125,55.0,54.03
1727,2021-09,1126,46.64,47.39
1728,2021-09,1127,67.96,70.26
1729,2021-09,1128,38.61,37.18
1730,2021-09,1129,51.76,49.75
1731,2021-09,1130,59.69,58.34
1732,2021-09,1131,67.33,72.38
1733,2021-09,1132,52.37,50.28
1734,2021-09,1133,76.72,78.07
1735,2021-09,1134,52.86,52.15
1736,2021-09,1135,54.99,54.11
1737,2021-09,1136,49.75,49.25
1738,2021-09,1137,48.1,49.87
1739,2021-09,1138,57.36,61.9
1740,2021-09,1139,59.99,61.46
1741,2021-09,1140,872.83,931.07
1742,2021-09,1141,556.09,555.84
1743,2021-09,1142,520.92,560.08
1744,2021-09,1143,710.44,746.58
1745,2021-09,1144,548.89,533.78
1746,2021-09,1145,628.41,635.78
1747,2021-09,1146,517.18,492.17
1748,2021-09,1147,594.06,591.75
1749,2021-09,1148,522.51,556.76
1750,2021-09,1149,765.08,779.12
1751,2021-09,1150,618.32,639.2
1752,2021-09,1151,463.5,442.23
1753,2021-09,1152,713.8,762.99
1754,2021-09,1153,523.99,499.37
1755,2021-09,1154,558.94,593.19
1756,2021-09,1155,592.5,621.55
1757,2021-09,1156,481.86,459.27
1758,2021-09,1157,655.35,631.34
1759,2021-09,1158,638.55,629.24
1760,2021-09,1159,570.13,610.66
1761,2021-09,1160,57.18,55.09
1762,2021-09,1161,44.59,46.08
1763,2021-09,1162,52.56,50.18
1764,2021-09,1163,36.55,36.6
1765,2021-09,1164,33.25,34.15
1766,2021-09,1165,50.22,54.17
1767,2021-09,1166,47.48,48.96
1768,2021-09,1167,44.32,47.84
1769,2021-09,1168,45.53,48.45
1770,2021-09,1169,40.95,43.48
1771,2021-09,1170,56.27,59.0
1772,2021-09,1171,37.91,38.13
1773,2021-09,1172,43.48,43.43
1774,2021-09,1173,38.71,37.02
1775,2021-09,1174,39.64,38.25
1776,2021-09,1175,46.5,48.44
1777,2021-09,1176,50.56,49.96
1778,2021-09,1177,39.52,41.42
1779,2021-09,1178,35.47,36.63
1780,2021-09,1179,34.67,34.53
1781,2021-09,1180,116.76,123.9
1782,2021-09,1181,83.41,81.71
1783,2021-09,1182,84.78,89.71
1784,2021-09,1183,56.39,55.68
1785,2021-09,1184,66.75,68.36
1786,2021-09,1185,108.86,114.42
1787,2021-09,1186,98.39,99.66
1788,2021-09,1187,122.32,122.48
1789,2021-09,1188,79.92,83.89
1790,2021-09,1189,94.32,96.69
1791,2021-09,1190,101.08,101.86
1792,2021-09,1191,112.11,112.27
1793,2021-09,1192,98.98,95.35
1794,2021-09,1193,78.0,83.68
1795,2021-09,1194,105.66,109.21
1796,2021-09,1195,101.09,105.09
1797,2021-09,1196,67.22,71.1
1798,2021-09,1197,76.73,73.83
1799,2021-09,1198,106.4,101.52
1800,2021-09,1199,80.54,82.22
1801,2021-10,1000,532.28,532.66
1802,2021-10,1001,559.08,559.32
1803,2021-10,1002,544.32,577.89
1804,2021-10,1003,819.8,862.6
1805,2021-10,1004,550.7,550.15
1806,2021-10,1005,546.58,534.66
1807,2021-10,1006,585.22,591.88
1808,2021-10,1007,608.38,624.6
1809,2021-10,1008,578.08,593.11
1810,2021-10,1009,628.83,650.67
1811,2021-10,1010,794.07,854.13
1812,2021-10,1011,646.87,683.43
1813,2021-10,1012,663.16,649.87
1814,2021-10,1013,672.83,698.08
1815,2021-10,1014,914.93,908.01
1816,2021-10,1015,645.02,658.06
1817,2021-10,1016,760.83,732.16
1818,2021-10,1017,715.99,769.56
1819,2021-10,1018,703.19,676.55
1820,2021-10,1019,667.21,647.69
1821,2021-10,1020,417.11,444.7
1822,2021-10,1021,543.88,558.76
1823,2021-10,1022,474.33,492.2
1824,2021-10,1023,508.78,486.4
1825,2021-10,1024,396.72,424.95
1826,2021-10,1025,575.79,599.82
1827,2021-10,1026,488.37,510.8
1828,2021-10,1027,343.12,332.51
1829,2021-10,1028,370.69,367.64
1830,2021-10,1029,424.65,419.2
1831,2021-10,1030,492.5,471.35
1832,2021-10,1031,449.51,461.6
1833,2021-10,1032,407.41,400.55
1834,2021-10,1033,511.78,539.03
1835,2021-10,1034,454.68,432.64
1836,2021-10,1035,468.96,505.39
1837,2021-10,1036,454.97,484.38
1838,2021-10,1037,489.96,468.64
1839,2021-10,1038,429.79,421.09
1840,2021-10,1039,580.4,586.66
1841,2021-10,1040,223.35,226.98
1842,2021-10,1041,243.56,243.75
1843,2021-10,1042,313.74,327.8
1844,2021-10,1043,273.47,287.5
1845,2021-10,1044,309.59,321.27
1846,2021-10,1045,331.28,326.41
1847,2021-10,1046,370.41,391.76
1848,2021-10,1047,352.74,347.41
1849,2021-10,1048,403.28,388.88
1850,2021-10,1049,272.46,281.31
1851,2021-10,1050,375.97,367.83
1852,2021-10,1051,320.64,336.68
1853,2021-10,1052,260.17,250.64
1854,2021-10,1053,281.53,299.93
1855,2021-10,1054,365.88,379.75
1856,2021-10,1055,319.47,330.34
1857,2021-10,1056,255.34,247.91
1858,2021-10,1057,305.4,317.69
1859,2021-10,1058,382.34,406.11
1860,2021-10,1059,302.99,325.33
1861,2021-10,1060,99.97,102.3
1862,2021-10,1061,62.39,60.97
1863,2021-10,1062,99.06,105.86
1864,2021-10,1063,89.58,87.07
1865,2021-10,1064,109.14,110.98
1866,2021-10,1065,80.71,83.18
1867,2021-10,1066,83.04,89.15
1868,2021-10,1067,108.64,111.32
1869,2021-10,1068,103.95,103.07
1870,2021-10,1069,110.68,112.49
1871,2021-10,1070,72.03,69.38
1872,2021-10,1071,68.31,66.68
1873,2021-10,1072,87.47,83.23
1874,2021-10,1073,98.37,105.42
1875,2021-10,1074,66.84,70.94
1876,2021-10,1075,106.7,105.54
1877,2021-10,1076,68.74,72.66
1878,2021-10,1077,87.52,89.77
1879,2021-10,1078,112.35,110.96
1880,2021-10,1079,97.82,103.48
1881,2021-10,1080,385.64,381.19
1882,2021-10,1081,399.82,409.99
1883,2021-10,1082,587.82,576.74
1884,2021-10,1083,366.63,393.73
1885,2021-10,1084,384.68,386.52
1886,2021-10,1085,441.14,427.85
1887,2021-10,1086,459.98,440.73
1888,2021-10,1087,345.21,357.19
1889,2021-10,1088,581.73,588.27
1890,2021-10,1089,472.84,490.3
1891,2021-10,1090,527.67,564.84
1892,2021-10,1091,471.53,484.87
1893,2021-10,1092,623.05,599.94
1894,2021-10,1093,517.77,540.01
1895,2021-10,1094,503.53,496.92
1896,2021-10,1095,290.58,289.47
1897,2021-10,1096,671.19,667.63
1898,2021-10,1097,387.31,380.16
1899,2021-10,1098,440.49,437.76
1900,2021-10,1099,482.42,510.13
1901,2021-10,1100,905.28,916.07
1902,2021-10,1101,879.92,851.77
1903,2021-10,1102,822.06,786.52
1904,2021-10,1103,1230.44,1309.49
1905,2021-10,1104,685.19,663.58
1906,2021-10,1105,885.5,929.19
1907,2021-10,1106,740.18,729.84
1908,2021-10,1107,993.15,1060.34
1909,2021-10,1108,950.84,922.23
1910,2021-10,1109,784.66,789.7
1911,2021-10,1110,1199.7,1155.25
1912,2021-10,1111,831.54,840.16
1913,2021-10,1112,911.99,941.34
1914,2021-10,1113,1175.99,1252.03
1915,2021-10,1114,940.33,985.65
1916,2021-10,1115,919.14,934.98
1917,2021-10,1116,1010.32,1030.42
1918,2021-10,1117,855.33,841.53
1919,2021-10,1118,788.7,845.91
1920,2021-10,1119,1035.02,1055.1
1921,2021-10,1120,68.54,73.65
1922,2021-10,1121,48.28,51.98
1923,2021-10,1122,56.89,58.08
1924,2021-10,1123,50.06,49.03
1925,2021-10,1124,61.13,65.18
1926,2021-10,1125,56.09,54.19
1927,2021-10,1126,45.49,47.85
1928,2021-10,1127,67.72,71.58
1929,2021-10,1128,38.61,41.29
1930,2021-10,1129,52.21,52.58
1931,2021-10,1130,58.17,55.33
1932,2021-10,1131,68.38,67.04
1933,2021-10,1132,54.85,58.8
1934,2021-10,1133,77.45,78.23
1935,2021-10,1134,54.07,52.53
1936,2021-10,1135,52.23,52.72
1937,2021-10,1136,50.87,49.85
1938,2021-10,1137,45.78,47.08
1939,2021-10,1138,58.55,56.43
1940,2021-10,1139,62.86,60.43
1941,2021-10,1140,877.14,937.59
1942,2021-10,1141,581.39,563.62
1943,2021-10,1142,513.64,488.0
1944,2021-10,1143,702.85,700.44
1945,2021-10,1144,531.92,550.46
1946,2021-10,1145,597.97,596.51
1947,2021-10,1146,514.9,543.45
1948,2021-10,1147,597.64,569.26
1949,2021-10,1148,551.18,581.39
1950,2021-10,1149,743.39,745.19
1951,2021-10,1150,600.07,609.91
1952,2021-10,1151,485.86,480.23
1953,2021-10,1152,723.53,748.3
1954,2021-10,1153,519.79,559.22
1955,2021-10,1154,574.83,618.99
1956,2021-10,1155,595.83,625.91
1957,2021-10,1156,472.5,506.95
1958,2021-10,1157,694.27,745.82
1959,2021-10,1158,698.13,669.16
1960,2021-10,1159,556.8,550.41
1961,2021-10,1160,58.56,61.89
1962,2021-10,1161,47.08,44.94
1963,2021-10,1162,53.42,55.17
1964,2021-10,1163,38.8,39.45
1965,2021-10,1164,31.13,30.88
1966,2021-10,1165,48.18,48.52
1967,2021-10,1166,46.45,47.36
1968,2021-10,1167,45.0,43.28
1969,2021-10,1168,44.1,45.26
1970,2021-10,1169,39.64,41.24
1971,2021-10,1170,56.61,60.9
1972,2021-10,1171,38.68,37.09
1973,2021-10,1172,43.07,44.32
1974,2021-10,1173,39.41,39.28
1975,2021-10,1174,40.8,41.72
1976,2021-10,1175,48.94,50.74
1977,2021-10,1176,50.33,48.26
1978,2021-10,1177,39.01,39.97
1979,2021-10,1178,34.95,35.57
1980,2021-10,1179,35.83,37.73
1981,2021-10,1180,117.83,126.49
1982,2021-10,1181,82.82,87.9
1983,2021-10,1182,85.06,82.54
1984,2021-10,1183,54.43,54.02
1985,2021-10,1184,68.6,71.56
1986,2021-10,1185,108.96,105.67
1987,2021-10,1186,94.56,89.92
1988,2021-10,1187,123.73,123.09
1989,2021-10,1188,76.9,83.05
1990,2021-10,1189,98.32,95.44
1991,2021-10,1190,98.12,101.67
1992,2021-10,1191,105.14,105.13
1993,2021-10,1192,106.44,105.02
1994,2021-10,1193,72.07,77.12
1995,2021-10,1194,104.95,101.56
1996,2021-10,1195,101.6,99.04
1997,2021-10,1196,71.55,68.73
1998,2021-10,1197,77.32,73.68
1999,2021-10,1198,98.44,95.05
2000,2021-10,1199,81.34,85.59
2001,2021-11,1000,561.55,577.89
2002,2021-11,1001,511.87,490.63
2003,2021-11,1002,542.88,559.68
2004,2021-11,1003,771.82,786.43
2005,2021-11,1004,534.46,528.69
2006,2021-11,1005,566.38,582.64
2007,2021-11,1006,615.48,645.7
2008,2021-11,1007,630.51,662.86
2009,2021-11,1008,560.52,602.79
2010,2021-11,1009,589.44,620.55
2011,2021-11,1010,794.38,838.67
2012,2021-11,1011,647.99,647.64
2013,2021-11,1012,699.99,665.74
2014,2021-11,1013,656.12,685.55
2015,2021-11,1014,913.21,974.59
2016,2021-11,1015,602.19,584.89
2017,2021-11,1016,808.47,846.62
2018,2021-11,1017,698.15,717.7
2019,2021-11,1018,726.85,777.88
2020,2021-11,1019,659.22,665.37
2021,2021-11,1020,447.79,447.92
2022,2021-11,1021,524.85,536.52
2023,2021-11,1022,494.35,508.84
2024,2021-11,1023,502.13,510.57
2025,2021-11,1024,401.88,388.17
2026,2021-11,1025,581.22,583.57
2027,2021-11,1026,462.41,465.73
2028,2021-11,1027,356.06,354.41
2029,2021-11,1028,366.91,395.49
2030,2021-11,1029,415.28,410.03
2031,2021-11,1030,487.71,481.8
2032,2021-11,1031,443.6,477.88
2033,2021-11,1032,409.29,434.05
2034,2021-11,1033,501.23,483.02
2035,2021-11,1034,467.66,477.05
2036,2021-11,1035,453.44,448.57
2037,2021-11,1036,455.43,462.94
2038,2021-11,1037,502.38,531.8
2039,2021-11,1038,442.99,442.56
2040,2021-11,1039,570.24,612.11
2041,2021-11,1040,223.72,226.27
2042,2021-11,1041,261.67,271.47
2043,2021-11,1042,306.17,325.55
2044,2021-11,1043,276.67,283.7
2045,2021-11,1044,314.47,327.81
2046,2021-11,1045,320.9,330.56
2047,2021-11,1046,375.0,401.71
2048,2021-11,1047,347.49,333.21
2049,2021-11,1048,404.53,402.4
2050,2021-11,1049,281.39,295.36
2051,2021-11,1050,378.46,361.37
2052,2021-11,1051,319.0,323.85
2053,2021-11,1052,257.75,274.66
2054,2021-11,1053,269.56,282.78
2055,2021-11,1054,368.35,366.19
2056,2021-11,1055,318.53,305.01
2057,2021-11,1056,257.75,253.18
2058,2021-11,1057,317.02,306.57
2059,2021-11,1058,375.78,391.46
2060,2021-11,1059,315.49,336.48
2061,2021-11,1060,98.87,94.3
2062,2021-11,1061,62.52,66.32
2063,2021-11,1062,96.01,92.25
2064,2021-11,1063,89.88,96.0
2065,2021-11,1064,103.13,103.07
2066,2021-11,1065,79.74,77.67
2067,2021-11,1066,86.99,92.07
2068,2021-11,1067,106.07,102.29
2069,2021-11,1068,104.76,104.13
2070,2021-11,1069,105.45,100.43
2071,2021-11,1070,72.97,74.78
2072,2021-11,1071,69.11,72.17
2073,2021-11,1072,91.27,93.92
2074,2021-11,1073,100.16,102.89
2075,2021-11,1074,62.33,64.01
2076,2021-11,1075,106.21,110.33
2077,2021-11,1076,71.02,73.05
2078,2021-11,1077,85.94,83.73
2079,2021-11,1078,119.05,123.6
2080,2021-11,1079,94.5,92.56
2081,2021-11,1080,371.19,354.84
2082,2021-11,1081,422.39,445.48
2083,2021-11,1082,610.18,604.07
2084,2021-11,1083,385.22,391.65
2085,2021-11,1084,387.16,386.83
2086,2021-11,1085,446.88,441.07
2087,2021-11,1086,471.11,495.22
2088,2021-11,1087,358.3,341.82
2089,2021-11,1088,571.54,558.49
2090,2021-11,1089,504.69,495.43
2091,2021-11,1090,517.53,540.43
2092,2021-11,1091,455.35,480.27
2093,2021-11,1092,639.36,679.64
2094,2021-11,1093,525.68,510.67
2095,2021-11,1094,525.62,536.57
2096,2021-11,1095,287.03,285.38
2097,2021-11,1096,659.94,655.64
2098,2021-11,1097,385.89,383.97
2099,2021-11,1098,427.05,424.38
2100,2021-11,1099,461.86,486.19
2101,2021-11,1100,898.39,965.11
2102,2021-11,1101,877.01,882.18
2103,2021-11,1102,855.56,830.99
2104,2021-11,1103,1232.35,1228.21
2105,2021-11,1104,685.57,702.39
2106,2021-11,1105,925.26,994.83
2107,2021-11,1106,765.84,739.11
2108,2021-11,1107,992.68,950.71
2109,2021-11,1108,952.06,968.85
2110,2021-11,1109,773.14,789.43
2111,2021-11,1110,1163.52,1138.61
2112,2021-11,1111,843.07,820.62
2113,2021-11,1112,875.37,899.1
2114,2021-11,1113,1133.3,1194.01
2115,2021-11,1114,895.49,876.2
2116,2021-11,1115,941.29,1012.29
2117,2021-11,1116,983.01,980.96
2118,2021-11,1117,841.61,848.32
2119,2021-11,1118,761.23,746.02
2120,2021-11,1119,1034.18,1034.77
2121,2021-11,1120,65.27,67.45
2122,2021-11,1121,46.74,44.67
2123,2021-11,1122,58.58,56.68
2124,2021-11,1123,50.56,53.33
2125,2021-11,1124,63.07,62.13
2126,2021-11,1125,55.32,55.98
2127,2021-11,1126,44.39,47.11
2128,2021-11,1127,70.18,73.62
2129,2021-11,1128,37.41,38.64
2130,2021-11,1129,51.22,51.31
2131,2021-11,1130,61.17,59.93
2132,2021-11,1131,68.24,68.92
2133,2021-11,1132,53.7,51.08
2134,2021-11,1133,82.0,83.92
2135,2021-11,1134,53.69,55.45
2136,2021-11,1135,52.81,55.44
2137,2021-11,1136,50.78,51.23
2138,2021-11,1137,47.9,49.76
2139,2021-11,1138,59.91,57.04
2140,2021-11,1139,62.0,65.51
2141,2021-11,1140,844.55,805.55
2142,2021-11,1141,543.31,585.67
2143,2021-11,1142,558.2,563.52
2144,2021-11,1143,681.06,704.88
2145,2021-11,1144,550.4,525.63
2146,2021-11,1145,586.4,592.26
2147,2021-11,1146,509.74,540.73
2148,2021-11,1147,595.03,584.17
2149,2021-11,1148,551.05,592.24
2150,2021-11,1149,760.65,804.99
2151,2021-11,1150,596.62,612.56
2152,2021-11,1151,486.48,473.89
2153,2021-11,1152,712.26,707.43
2154,2021-11,1153,534.15,562.21
2155,2021-11,1154,568.78,607.63
2156,2021-11,1155,617.99,622.75
2157,2021-11,1156,492.92,503.19
2158,2021-11,1157,681.62,721.37
2159,2021-11,1158,669.84,640.24
2160,2021-11,1159,552.92,588.08
2161,2021-11,1160,55.34,59.53
2162,2021-11,1161,45.69,47.05
2163,2021-11,1162,51.24,49.04
2164,2021-11,1163,36.49,38.35
2165,2021-11,1164,31.73,32.5
2166,2021-11,1165,48.85,47.63
2167,2021-11,1166,46.98,47.31
2168,2021-11,1167,45.71,44.88
2169,2021-11,1168,45.33,44.9
2170,2021-11,1169,40.06,40.34
2171,2021-11,1170,53.53,57.34
2172,2021-11,1171,37.51,38.83
2173,2021-11,1172,44.16,47.18
2174,2021-11,1173,39.2,39.02
2175,2021-11,1174,40.86,42.45
2176,2021-11,1175,49.21,53.04
2177,2021-11,1176,50.19,51.83
2178,2021-11,1177,39.33,39.37
2179,2021-11,1178,36.92,36.0
2180,2021-11,1179,36.53,36.0
2181,2021-11,1180,117.97,118.03
2182,2021-11,1181,81.59,78.78
2183,2021-11,1182,85.0,84.87
2184,2021-11,1183,56.17,58.95
2185,2021-11,1184,65.34,67.93
2186,2021-11,1185,98.35,102.02
2187,2021-11,1186,94.44,90.75
2188,2021-11,1187,124.39,124.78
2189,2021-11,1188,83.12,89.36
2190,2021-11,1189,94.59,91.01
2191,2021-11,1190,99.77,96.5
2192,2021-11,1191,111.36,107.4
2193,2021-11,1192,105.56,111.63
2194,2021-11,1193,74.02,70.66
2195,2021-11,1194,109.51,114.63
2196,2021-11,1195,100.08,107.1
2197,2021-11,1196,69.03,74.12
2198,2021-11,1197,75.93,79.61
2199,2021-11,1198,100.77,99.13
2200,2021-11,1199,78.23,76.23
2201,2021-12,1000,541.34,545.67
2202,2021-12,1001,546.81,546.67
2203,2021-12,1002,553.13,581.54
2204,2021-12,1003,780.01,759.98
2205,2021-12,1004,558.7,563.99
2206,2021-12,1005,539.85,541.66
2207,2021-12,1006,593.35,595.13
2208,2021-12,1007,593.67,590.39
2209,2021-12,1008,547.52,541.41
2210,2021-12,1009,648.87,658.16
2211,2021-12,1010,775.41,813.96
2212,2021-12,1011,685.38,706.84
2213,2021-12,1012,700.71,734.73
2214,2021-12,1013,676.62,688.29
2215,2021-12,1014,909.38,977.84
2216,2021-12,1015,616.81,594.4
2217,2021-12,1016,799.55,799.56
2218,2021-12,1017,730.86,728.56
2219,2021-12,1018,742.18,775.25
2220,2021-12,1019,609.27,606.59
2221,2021-12,1020,448.79,457.55
2222,2021-12,1021,523.62,554.69
2223,2021-12,1022,487.04,470.51
2224,2021-12,1023,517.89,523.08
2225,2021-12,1024,397.53,387.31
2226,2021-12,1025,598.78,589.93
2227,2021-12,1026,505.71,531.63
2228,2021-12,1027,344.49,336.8
2229,2021-12,1028,366.51,378.93
2230,2021-12,1029,417.59,437.58
2231,2021-12,1030,470.68,481.18
2232,2021-12,1031,438.54,428.85
2233,2021-12,1032,412.61,438.71
2234,2021-12,1033,503.5,510.51
2235,2021-12,1034,457.77,490.79
2236,2021-12,1035,471.42,453.33
2237,2021-12,1036,466.39,482.28
2238,2021-12,1037,480.76,477.9
2239,2021-12,1038,431.94,432.92
2240,2021-12,1039,578.79,561.86
2241,2021-12,1040,213.59,208.44
2242,2021-12,1041,241.75,234.07
2243,2021-12,1042,316.54,320.78
2244,2021-12,1043,255.86,273.13
2245,2021-12,1044,322.85,316.56
2246,2021-12,1045,318.68,303.94
2247,2021-12,1046,388.43,404.69
2248,2021-12,1047,339.84,334.78
2249,2021-12,1048,399.31,400.02
2250,2021-12,1049,280.6,283.74
2251,2021-12,1050,362.4,346.02
2252,2021-12,1051,323.34,321.2
2253,2021-12,1052,274.7,286.4
2254,2021-12,1053,281.52,287.15
2255,2021-12,1054,352.22,335.33
2256,2021-12,1055,298.45,293.66
2257,2021-12,1056,253.76,256.36
2258,2021-12,1057,318.51,341.25
2259,2021-12,1058,373.7,379.45
2260,2021-12,1059,310.9,297.67
2261,2021-12,1060,99.83,105.41
2262,2021-12,1061,65.54,68.13
2263,2021-12,1062,96.33,95.03
2264,2021-12,1063,88.29,85.69
2265,2021-12,1064,107.9,103.88
2266,2021-12,1065,82.59,82.86
2267,2021-12,1066,87.16,87.88
2268,2021-12,1067,109.32,109.23
2269,2021-12,1068,105.82,103.47
2270,2021-12,1069,112.82,113.87
2271,2021-12,1070,69.09,67.97
2272,2021-12,1071,67.86,68.27
2273,2021-12,1072,87.52,88.09
2274,2021-12,1073,105.11,102.24
2275,2021-12,1074,66.82,67.07
2276,2021-12,1075,110.86,108.11
2277,2021-12,1076,75.57,72.7
2278,2021-12,1077,88.4,87.69
2279,2021-12,1078,111.58,118.49
2280,2021-12,1079,98.25,99.79
2281,2021-12,1080,386.04,393.0
2282,2021-12,1081,407.88,389.94
2283,2021-12,1082,600.38,638.74
2284,2021-12,1083,382.81,394.82
2285,2021-12,1084,395.24,398.89
2286,2021-12,1085,462.74,470.72
2287,2021-12,1086,480.25,511.96
2288,2021-12,1087,345.13,363.8
2289,2021-12,1088,564.59,586.01
2290,2021-12,1089,475.3,459.37
2291,2021-12,1090,518.95,554.33
2292,2021-12,1091,447.12,449.97
2293,2021-12,1092,622.23,658.46
2294,2021-12,1093,547.71,547.64
2295,2021-12,1094,488.37,490.82
2296,2021-12,1095,296.98,320.41
2297,2021-12,1096,633.88,671.92
2298,2021-12,1097,391.76,378.02
2299,2021-12,1098,431.94,412.31
2300,2021-12,1099,460.9,492.47
2301,2021-12,1100,925.87,879.65
2302,2021-12,1101,854.35,828.01
2303,2021-12,1102,878.1,870.65
2304,2021-12,1103,1245.04,1325.85
2305,2021-12,1104,656.99,659.54
2306,2021-12,1105,887.87,903.06
2307,2021-12,1106,774.82,823.17
2308,2021-12,1107,979.95,1022.15
2309,2021-12,1108,928.12,958.87
2310,2021-12,1109,776.67,772.03
2311,2021-12,1110,1183.7,1260.67
2312,2021-12,1111,813.87,837.92
2313,2021-12,1112,933.87,901.67
2314,2021-12,1113,1159.18,1166.81
2315,2021-12,1114,900.84,943.22
2316,2021-12,1115,967.63,1027.83
2317,2021-12,1116,992.03,1030.42
2318,2021-12,1117,865.56,912.88
2319,2021-12,1118,760.6,797.52
2320,2021-12,1119,1060.08,1056.08
2321,2021-12,1120,68.01,67.07
2322,2021-12,1121,46.67,48.55
2323,2021-12,1122,56.78,56.73
2324,2021-12,1123,49.45,52.06
2325,2021-12,1124,59.79,62.32
2326,2021-12,1125,54.06,54.94
2327,2021-12,1126,46.9,47.71
2328,2021-12,1127,67.32,65.79
2329,2021-12,1128,39.02,39.38
2330,2021-12,1129,52.19,54.89
2331,2021-12,1130,57.42,57.42
2332,2021-12,1131,67.0,67.73
2333,2021-12,1132,52.31,54.51
2334,2021-12,1133,76.03,81.22
2335,2021-12,1134,53.84,55.51
2336,2021-12,1135,53.84,53.69
2337,2021-12,1136,52.53,56.03
2338,2021-12,1137,45.19,46.24
2339,2021-12,1138,55.09,55.6
2340,2021-12,1139,63.76,63.83
2341,2021-12,1140,885.56,890.06
2342,2021-12,1141,559.92,544.51
2343,2021-12,1142,543.76,578.28
2344,2021-12,1143,691.8,700.55
2345,2021-12,1144,533.76,564.58
2346,2021-12,1145,627.19,599.32
2347,2021-12,1146,508.62,540.87
2348,2021-12,1147,588.84,622.02
2349,2021-12,1148,518.48,557.44
2350,2021-12,1149,714.95,743.97
2351,2021-12,1150,607.19,639.96
2352,2021-12,1151,475.81,458.67
2353,2021-12,1152,693.23,745.46
2354,2021-12,1153,505.92,518.95
2355,2021-12,1154,550.69,538.0
2356,2021-12,1155,612.72,645.61
2357,2021-12,1156,479.07,479.62
2358,2021-12,1157,685.75,652.79
2359,2021-12,1158,664.93,654.26
2360,2021-12,1159,575.88,550.52
2361,2021-12,1160,59.34,56.96
2362,2021-12,1161,48.32,48.35
2363,2021-12,1162,52.8,56.96
2364,2021-12,1163,37.72,39.43
2365,2021-12,1164,31.62,33.5
2366,2021-12,1165,46.34,49.68
2367,2021-12,1166,50.68,48.43
2368,2021-12,1167,45.06,48.07
2369,2021-12,1168,43.69,43.31
2370,2021-12,1169,39.41,40.61
2371,2021-12,1170,55.37,54.77
2372,2021-12,1171,38.01,38.3
2373,2021-12,1172,44.65,47.91
2374,2021-12,1173,38.53,39.34
2375,2021-12,1174,38.66,38.26
2376,2021-12,1175,47.24,45.85
2377,2021-12,1176,49.69,53.1
2378,2021-12,1177,39.48,40.4
2379,2021-12,1178,36.6,35.97
2380,2021-12,1179,36.16,38.64
2381,2021-12,1180,118.5,113.69
2382,2021-12,1181,83.01,82.5
2383,2021-12,1182,85.58,86.01
2384,2021-12,1183,53.76,56.56
2385,2021-12,1184,68.66,74.11
2386,2021-12,1185,106.18,105.08
2387,2021-12,1186,97.11,94.62
2388,2021-12,1187,124.12,126.45
2389,2021-12,1188,81.46,85.42
2390,2021-12,1189,98.21,95.62
2391,2021-12,1190,100.25,108.03
2392,2021-12,1191,105.12,106.82
2393,2021-12,1192,108.26,108.98
2394,2021-12,1193,75.51,76.12
2395,2021-12,1194,104.49,105.49
2396,2021-12,1195,101.03,100.09
2397,2021-12,1196,71.28,71.61
2398,2021-12,1197,73.86,76.41
2399,2021-12,1198,101.95,98.39
2400,2021-12,1199,78.81,75.05
2401,2022-01,1000,537.68,563.06
2402,2022-01,1001,587.74,612.39
2403,2022-01,1002,568.01,573.71
2404,2022-01,1003,810.88,857.34
2405,2022-01,1004,576.32,568.95
2406,2022-01,1005,573.72,576.54
2407,2022-01,1006,623.06,611.3
2408,2022-01,1007,654.33,641.59
2409,2022-01,1008,580.71,617.83
2410,2022-01,1009,646.41,635.73
2411,2022-01,1010,767.37,826.23
2412,2022-01,1011,663.61,635.49
2413,2022-01,1012,674.42,680.29
2414,2022-01,1013,671.55,681.27
2415,2022-01,1014,871.35,898.9
2416,2022-01,1015,643.06,619.36
2417,2022-01,1016,803.11,794.3
2418,2022-01,1017,694.0,718.9
2419,2022-01,1018,737.95,773.6
2420,2022-01,1019,702.91,683.07
2421,2022-01,1020,444.2,432.65
2422,2022-01,1021,542.06,521.79
2423,2022-01,1022,489.04,499.89
2424,2022-01,1023,519.64,511.66
2425,2022-01,1024,391.67,395.75
2426,2022-01,1025,612.69,653.02
2427,2022-01,1026,489.14,486.52
2428,2022-01,1027,360.78,347.48
2429,2022-01,1028,389.6,400.81
2430,2022-01,1029,424.75,444.31
2431,2022-01,1030,491.91,493.36
2432,2022-01,1031,460.53,451.9
2433,2022-01,1032,427.69,451.84
2434,2022-01,1033,503.11,515.04
2435,2022-01,1034,486.37,470.15
2436,2022-01,1035,491.88,515.8
2437,2022-01,1036,447.45,430.87
2438,2022-01,1037,502.97,515.11
2439,2022-01,1038,453.77,447.21
2440,2022-01,1039,616.18,588.63
2441,2022-01,1040,235.78,244.68
2442,2022-01,1041,252.4,263.6
2443,2022-01,1042,323.93,326.52
2444,2022-01,1043,264.94,251.92
2445,2022-01,1044,314.48,327.34
2446,2022-01,1045,325.08,329.71
2447,2022-01,1046,400.43,405.59
2448,2022-01,1047,351.64,365.39
2449,2022-01,1048,404.56,425.04
2450,2022-01,1049,283.28,282.91
2451,2022-01,1050,365.69,372.15
2452,2022-01,1051,325.78,350.96
2453,2022-01,1052,275.6,276.41
2454,2022-01,1053,290.23,282.91
2455,2022-01,1054,384.88,390.16
2456,2022-01,1055,298.6,311.36
2457,2022-01,1056,257.47,278.06
2458,2022-01,1057,321.35,324.07
2459,2022-01,1058,400.02,404.14
2460,2022-01,1059,323.71,337.31
2461,2022-01,1060,102.03,101.67
2462,2022-01,1061,64.93,70.09
2463,2022-01,1062,98.49,105.66
2464,2022-01,1063,91.68,93.93
2465,2022-01,1064,114.91,112.99
2466,2022-01,1065,84.6,80.68
2467,2022-01,1066,86.2,91.98
2468,2022-01,1067,105.7,100.42
2469,2022-01,1068,108.06,113.05
2470,2022-01,1069,113.24,114.34
2471,2022-01,1070,76.37,73.57
2472,2022-01,1071,68.43,72.69
2473,2022-01,1072,93.12,93.08
2474,2022-01,1073,104.12,100.59
2475,2022-01,1074,69.07,71.64
2476,2022-01,1075,115.51,117.59
2477,2022-01,1076,71.95,70.17
2478,2022-01,1077,92.68,97.85
2479,2022-01,1078,124.26,134.05
2480,2022-01,1079,104.15,110.55
2481,2022-01,1080,393.01,396.75
2482,2022-01,1081,406.58,434.19
2483,2022-01,1082,590.06,577.19
2484,2022-01,1083,385.35,399.73
2485,2022-01,1084,413.2,408.33
2486,2022-01,1085,437.52,415.72
2487,2022-01,1086,505.93,538.91
2488,2022-01,1087,343.47,368.98
2489,2022-01,1088,584.17,572.47
2490,2022-01,1089,510.74,493.74
2491,2022-01,1090,568.06,604.15
2492,2022-01,1091,483.43,460.67
2493,2022-01,1092,632.57,607.91
2494,2022-01,1093,536.09,568.38
2495,2022-01,1094,546.35,587.9
2496,2022-01,1095,310.33,313.78
2497,2022-01,1096,697.5,710.38
2498,2022-01,1097,408.19,406.24
2499,2022-01,1098,457.42,467.98
2500,2022-01,1099,479.62,509.43
2501,2022-01,1100,973.14,929.64
2502,2022-01,1101,888.29,928.71
2503,2022-01,1102,907.65,897.8
2504,2022-01,1103,1287.23,1288.26
2505,2022-01,1104,695.62,729.18
2506,2022-01,1105,908.68,912.76
2507,2022-01,1106,780.41,791.21
2508,2022-01,1107,1012.85,1060.0
2509,2022-01,1108,995.94,1010.32
2510,2022-01,1109,769.27,776.38
2511,2022-01,1110,1133.03,1170.73
2512,2022-01,1111,867.28,894.61
2513,2022-01,1112,932.16,972.86
2514,2022-01,1113,1217.47,1268.75
2515,2022-01,1114,934.99,900.84
2516,2022-01,1115,990.39,1042.4
2517,2022-01,1116,1083.55,1055.28
2518,2022-01,1117,899.96,941.87
2519,2022-01,1118,757.64,778.28
2520,2022-01,1119,1044.68,1021.47
2521,2022-01,1120,70.43,73.04
2522,2022-01,1121,49.05,52.73
2523,2022-01,1122,57.03,55.26
2524,2022-01,1123,53.02,52.9
2525,2022-01,1124,64.21,64.21
2526,2022-01,1125,52.35,49.98
2527,2022-01,1126,46.72,45.94
2528,2022-01,1127,70.03,66.94
2529,2022-01,1128,38.24,40.26
2530,2022-01,1129,54.57,55.75
2531,2022-01,1130,59.41,56.74
2532,2022-01,1131,72.19,76.1
2533,2022-01,1132,54.3,53.84
2534,2022-01,1133,76.42,74.73
2535,2022-01,1134,56.87,56.05
2536,2022-01,1135,53.52,50.92
2537,2022-01,1136,50.0,48.56
2538,2022-01,1137,48.66,48.85
2539,2022-01,1138,60.95,62.11
2540,2022-01,1139,63.47,64.38
2541,2022-01,1140,901.21,911.77
2542,2022-01,1141,551.39,579.21
2543,2022-01,1142,538.52,554.6
2544,2022-01,1143,694.77,687.69
2545,2022-01,1144,550.2,555.14
2546,2022-01,1145,598.51,608.28
2547,2022-01,1146,524.41,563.54
2548,2022-01,1147,608.15,579.5
2549,2022-01,1148,546.19,546.76
2550,2022-01,1149,798.29,813.37
2551,2022-01,1150,608.18,633.76
2552,2022-01,1151,487.63,464.65
2553,2022-01,1152,735.47,720.03
2554,2022-01,1153,542.26,541.5
2555,2022-01,1154,576.55,585.94
2556,2022-01,1155,635.13,639.71
2557,2022-01,1156,497.5,504.16
2558,2022-01,1157,691.6,715.9
2559,2022-01,1158,667.55,682.25
2560,2022-01,1159,588.92,628.39
2561,2022-01,1160,59.53,57.08
2562,2022-01,1161,46.36,46.5
2563,2022-01,1162,53.02,55.51
2564,2022-01,1163,38.18,38.78
2565,2022-01,1164,31.87,31.13
2566,2022-01,1165,49.38,49.64
2567,2022-01,1166,48.34,51.35
2568,2022-01,1167,47.87,50.81
2569,2022-01,1168,43.87,47.01
2570,2022-01,1169,41.84,44.57
2571,2022-01,1170,58.72,62.38
2572,2022-01,1171,41.12,43.23
2573,2022-01,1172,44.17,43.26
2574,2022-01,1173,38.77,37.49
2575,2022-01,1174,42.02,43.12
2576,2022-01,1175,49.03,52.79
2577,2022-01,1176,49.82,51.08
2578,2022-01,1177,40.78,40.07
2579,2022-01,1178,35.88,38.17
2580,2022-01,1179,40.22,41.32
2581,2022-01,1180,124.67,121.24
2582,2022-01,1181,92.13,89.01
2583,2022-01,1182,83.63,79.86
2584,2022-01,1183,56.94,55.79
2585,2022-01,1184,68.93,66.2
2586,2022-01,1185,107.78,107.4
2587,2022-01,1186,104.17,112.05
2588,2022-01,1187,126.54,134.03
2589,2022-01,1188,82.33,81.56
2590,2022-01,1189,97.36,97.18
2591,2022-01,1190,102.4,104.37
2592,2022-01,1191,115.57,116.66
2593,2022-01,1192,106.42,105.28
2594,2022-01,1193,75.66,75.37
2595,2022-01,1194,112.03,114.87
2596,2022-01,1195,106.22,112.45
2597,2022-01,1196,71.35,76.34
2598,2022-01,1197,78.54,78.26
2599,2022-01,1198,104.71,103.54
2600,2022-01,1199,83.13,85.85
2601,2022-02,1000,571.38,578.94
2602,2022-02,1001,542.4,543.7
2603,2022-02,1002,568.84,596.27
2604,2022-02,1003,817.01,855.79
2605,2022-02,1004,545.03,569.47
2606,2022-02,1005,579.24,580.31
2607,2022-02,1006,639.55,676.89
2608,2022-02,1007,646.37,651.18
2609,2022-02,1008,587.96,586.7
2610,2022-02,1009,618.46,666.34
2611,2022-02,1010,797.99,781.39
2612,2022-02,1011,698.67,728.65
2613,2022-02,1012,681.32,693.58
2614,2022-02,1013,683.99,700.62
2615,2022-02,1014,919.01,972.63
2616,2022-02,1015,671.75,694.75
2617,2022-02,1016,834.45,812.83
2618,2022-02,1017,737.58,740.16
2619,2022-02,1018,734.55,724.53
2620,2022-02,1019,688.02,719.35
2621,2022-02,1020,460.57,453.54
2622,2022-02,1021,541.86,555.71
2623,2022-02,1022,488.56,466.13
2624,2022-02,1023,521.74,499.69
2625,2022-02,1024,416.77,439.8
2626,2022-02,1025,610.41,655.84
2627,2022-02,1026,482.96,511.68
2628,2022-02,1027,364.32,350.63
2629,2022-02,1028,392.87,410.51
2630,2022-02,1029,440.19,444.55
2631,2022-02,1030,504.12,514.79
2632,2022-02,1031,458.7,468.41
2633,2022-02,1032,430.35,438.85
2634,2022-02,1033,521.04,523.54
2635,2022-02,1034,487.44,481.91
2636,2022-02,1035,457.48,471.19
2637,2022-02,1036,470.74,504.87
2638,2022-02,1037,501.98,484.13
2639,2022-02,1038,433.52,454.82
2640,2022-02,1039,614.04,658.92
2641,2022-02,1040,232.23,238.78
2642,2022-02,1041,252.91,259.55
2643,2022-02,1042,315.0,302.63
2644,2022-02,1043,269.06,277.17
2645,2022-02,1044,306.33,326.82
2646,2022-02,1045,311.43,306.01
2647,2022-02,1046,396.73,410.6
2648,2022-02,1047,336.87,335.81
2649,2022-02,1048,407.51,431.94
2650,2022-02,1049,290.14,306.77
2651,2022-02,1050,373.79,364.67
2652,2022-02,1051,326.55,328.26
2653,2022-02,1052,282.38,268.41
2654,2022-02,1053,291.32,281.04
2655,2022-02,1054,376.51,372.92
2656,2022-02,1055,313.43,303.86
2657,2022-02,1056,260.02,280.06
2658,2022-02,1057,323.44,327.02
2659,2022-02,1058,381.78,403.96
2660,2022-02,1059,334.77,326.46
2661,2022-02,1060,98.69,101.98
2662,2022-02,1061,64.98,66.61
2663,2022-02,1062,103.16,104.99
2664,2022-02,1063,93.27,98.46
2665,2022-02,1064,114.08,115.22
2666,2022-02,1065,84.19,86.62
2667,2022-02,1066,90.6,89.33
2668,2022-02,1067,107.42,110.44
2669,2022-02,1068,105.33,105.87
2670,2022-02,1069,114.54,123.37
2671,2022-02,1070,77.25,77.06
2672,2022-02,1071,69.26,67.43
2673,2022-02,1072,88.16,85.68
2674,2022-02,1073,98.25,102.62
2675,2022-02,1074,71.36,70.16
2676,2022-02,1075,113.8,121.64
2677,2022-02,1076,74.49,79.54
2678,2022-02,1077,85.29,91.94
2679,2022-02,1078,120.72,120.16
2680,2022-02,1079,102.28,102.0
2681,2022-02,1080,398.39,393.38
2682,2022-02,1081,409.8,389.98
2683,2022-02,1082,602.34,607.55
2684,2022-02,1083,365.65,372.86
2685,2022-02,1084,419.44,432.8
2686,2022-02,1085,450.52,466.48
2687,2022-02,1086,485.54,462.09
2688,2022-02,1087,352.5,336.52
2689,2022-02,1088,591.26,603.84
2690,2022-02,1089,510.07,539.28
2691,2022-02,1090,525.86,561.21
2692,2022-02,1091,457.91,473.25
2693,2022-02,1092,658.1,695.91
2694,2022-02,1093,541.43,571.53
2695,2022-02,1094,513.56,540.79
2696,2022-02,1095,312.43,299.48
2697,2022-02,1096,677.43,666.96
2698,2022-02,1097,400.32,422.52
2699,2022-02,1098,462.76,483.5
2700,2022-02,1099,488.43,515.54
2701,2022-02,1100,978.88,1009.33
2702,2022-02,1101,846.46,890.43
2703,2022-02,1102,870.65,853.43
2704,2022-02,1103,1320.68,1356.24
2705,2022-02,1104,719.61,773.58
2706,2022-02,1105,944.09,925.1
2707,2022-02,1106,743.53,731.6
2708,2022-02,1107,965.94,920.39
2709,2022-02,1108,937.96,1012.26
2710,2022-02,1109,799.01,772.91
2711,2022-02,1110,1206.71,1252.54
2712,2022-02,1111,853.23,821.32
2713,2022-02,1112,945.84,963.01
2714,2022-02,1113,1174.33,1235.55
2715,2022-02,1114,922.25,990.96
2716,2022-02,1115,1040.58,1035.16
2717,2022-02,1116,1030.84,1008.65
2718,2022-02,1117,884.36,927.3
2719,2022-02,1118,789.58,832.05
2720,2022-02,1119,1045.91,1006.48
2721,2022-02,1120,68.4,66.98
2722,2022-02,1121,48.55,47.17
2723,2022-02,1122,58.37,63.0
2724,2022-02,1123,51.8,50.93
2725,2022-02,1124,60.33,59.36
2726,2022-02,1125,56.32,54.56
2727,2022-02,1126,44.42,42.48
2728,2022-02,1127,68.97,74.03
2729,2022-02,1128,37.06,39.03
2730,2022-02,1129,51.92,49.54
2731,2022-02,1130,59.8,63.78
2732,2022-02,1131,66.66,71.07
2733,2022-02,1132,53.02,51.41
2734,2022-02,1133,80.24,81.46
2735,2022-02,1134,57.4,56.07
2736,2022-02,1135,54.65,58.58
2737,2022-02,1136,49.04,50.88
2738,2022-02,1137,49.35,53.18
2739,2022-02,1138,56.96,57.62
2740,2022-02,1139,65.75,64.33
2741,2022-02,1140,912.71,974.8
2742,2022-02,1141,562.32,542.59
2743,2022-02,1142,532.31,560.56
2744,2022-02,1143,745.7,759.05
2745,2022-02,1144,564.15,608.22
2746,2022-02,1145,605.43,634.63
2747,2022-02,1146,527.27,560.77
2748,2022-02,1147,615.3,617.7
2749,2022-02,1148,535.83,513.51
2750,2022-02,1149,763.49,752.16
2751,2022-02,1150,609.37,630.95
2752,2022-02,1151,505.11,485.73
2753,2022-02,1152,739.9,740.64
2754,2022-02,1153,523.47,534.13
2755,2022-02,1154,566.38,604.71
2756,2022-02,1155,628.78,612.6
2757,2022-02,1156,476.06,486.62
2758,2022-02,1157,673.75,647.07
2759,2022-02,1158,685.22,697.65
2760,2022-02,1159,585.16,586.63
2761,2022-02,1160,61.58,59.23
2762,2022-02,1161,47.7,47.01
2763,2022-02,1162,53.34,53.58
2764,2022-02,1163,37.58,36.19
2765,2022-02,1164,32.59,33.96
2766,2022-02,1165,49.12,48.39
2767,2022-02,1166,49.22,47.02
2768,2022-02,1167,45.78,47.48
2769,2022-02,1168,45.71,46.21
2770,2022-02,1169,41.19,43.17
2771,2022-02,1170,57.58,58.03
2772,2022-02,1171,40.89,39.89
2773,2022-02,1172,45.25,46.78
2774,2022-02,1173,38.98,40.72
2775,2022-02,1174,40.57,39.19
2776,2022-02,1175,48.18,50.53
2777,2022-02,1176,51.46,50.93
2778,2022-02,1177,40.07,41.75
2779,2022-02,1178,37.13,36.02
2780,2022-02,1179,35.25,35.62
2781,2022-02,1180,118.43,122.46
2782,2022-02,1181,86.95,92.55
2783,2022-02,1182,88.66,87.98
2784,2022-02,1183,58.32,61.75
2785,2022-02,1184,68.65,70.69
2786,2022-02,1185,102.84,99.99
2787,2022-02,1186,102.1,103.13
2788,2022-02,1187,127.18,136.75
2789,2022-02,1188,83.23,88.44
2790,2022-02,1189,98.87,104.69
2791,2022-02,1190,97.3,97.4
2792,2022-02,1191,107.6,113.63
2793,2022-02,1192,110.33,107.87
2794,2022-02,1193,74.87,72.49
2795,2022-02,1194,109.88,105.21
2796,2022-02,1195,104.02,108.25
2797,2022-02,1196,72.16,77.4
2798,2022-02,1197,80.33,84.17
2799,2022-02,1198,103.03,107.45
2800,2022-02,1199,85.63,91.96
2801,2022-03,1000,556.13,593.88
2802,2022-03,1001,554.69,570.34
2803,2022-03,1002,560.09,545.68
2804,2022-03,1003,812.06,838.79
2805,2022-03,1004,527.15,509.03
2806,2022-03,1005,579.69,552.19
2807,2022-03,1006,660.88,651.89
2808,2022-03,1007,646.27,624.9
2809,2022-03,1008,554.09,582.0
2810,2022-03,1009,646.85,658.73
2811,2022-03,1010,827.99,817.61
2812,2022-03,1011,660.31,703.76
2813,2022-03,1012,659.29,660.25
2814,2022-03,1013,703.42,733.69
2815,2022-03,1014,919.94,884.55
2816,2022-03,1015,647.96,687.85
2817,2022-03,1016,801.15,835.89
2818,2022-03,1017,736.33,770.65
2819,2022-03,1018,757.33,798.9
2820,2022-03,1019,675.17,687.57
2821,2022-03,1020,437.41,422.89
2822,2022-03,1021,541.3,525.38
2823,2022-03,1022,505.68,535.67
2824,2022-03,1023,555.64,545.57
2825,2022-03,1024,394.35,404.42
2826,2022-03,1025,605.14,603.17
2827,2022-03,1026,509.88,515.02
2828,2022-03,1027,360.45,350.94
2829,2022-03,1028,383.03,413.4
2830,2022-03,1029,454.07,445.69
2831,2022-03,1030,500.48,530.91
2832,2022-03,1031,455.92,484.85
2833,2022-03,1032,406.45,422.17
2834,2022-03,1033,518.21,554.45
2835,2022-03,1034,477.49,487.65
2836,2022-03,1035,459.77,468.03
2837,2022-03,1036,443.37,423.4
2838,2022-03,1037,494.97,491.15
2839,2022-03,1038,449.7,460.16
2840,2022-03,1039,569.74,544.53
2841,2022-03,1040,237.01,244.48
2842,2022-03,1041,247.53,264.32
2843,2022-03,1042,322.24,328.15
2844,2022-03,1043,280.59,295.86
2845,2022-03,1044,320.84,306.22
2846,2022-03,1045,327.33,319.95
2847,2022-03,1046,396.5,407.64
2848,2022-03,1047,338.79,365.77
2849,2022-03,1048,409.92,404.48
2850,2022-03,1049,289.38,288.97
2851,2022-03,1050,385.92,388.72
2852,2022-03,1051,333.6,346.42
2853,2022-03,1052,274.96,264.51
2854,2022-03,1053,294.86,301.64
2855,2022-03,1054,376.69,400.79
2856,2022-03,1055,326.61,347.96
2857,2022-03,1056,262.26,260.23
2858,2022-03,1057,319.96,337.26
2859,2022-03,1058,385.93,396.4
2860,2022-03,1059,323.62,340.12
2861,2022-03,1060,99.53,102.98
2862,2022-03,1061,64.4,63.48
2863,2022-03,1062,100.74,96.33
2864,2022-03,1063,93.29,92.24
2865,2022-03,1064,108.43,108.73
2866,2022-03,1065,83.26,81.99
2867,2022-03,1066,87.6,90.69
2868,2022-03,1067,109.28,116.74
2869,2022-03,1068,106.3,102.28
2870,2022-03,1069,116.05,113.91
2871,2022-03,1070,75.22,74.28
2872,2022-03,1071,71.85,72.55
2873,2022-03,1072,93.08,95.15
2874,2022-03,1073,102.94,107.98
2875,2022-03,1074,69.13,70.19
2876,2022-03,1075,106.83,114.66
2877,2022-03,1076,73.61,77.09
2878,2022-03,1077,88.58,89.21
2879,2022-03,1078,117.3,121.09
2880,2022-03,1079,101.08,107.72
2881,2022-03,1080,386.52,380.89
2882,2022-03,1081,403.5,426.26
2883,2022-03,1082,595.55,579.22
2884,2022-03,1083,382.36,411.54
2885,2022-03,1084,395.07,388.66
2886,2022-03,1085,426.38,426.44
2887,2022-03,1086,490.79,482.95
2888,2022-03,1087,349.17,374.34
2889,2022-03,1088,576.02,561.67
2890,2022-03,1089,498.19,494.47
2891,2022-03,1090,520.26,497.46
2892,2022-03,1091,477.06,460.25
2893,2022-03,1092,665.95,690.88
2894,2022-03,1093,536.24,577.76
2895,2022-03,1094,517.88,494.64
2896,2022-03,1095,301.3,307.5
2897,2022-03,1096,657.18,681.72
2898,2022-03,1097,394.37,402.3
2899,2022-03,1098,447.71,481.3
2900,2022-03,1099,489.99,483.96
2901,2022-03,1100,935.91,953.26
2902,2022-03,1101,901.48,963.12
2903,2022-03,1102,900.53,887.55
2904,2022-03,1103,1338.36,1391.39
2905,2022-03,1104,728.25,770.18
2906,2022-03,1105,882.84,854.07
2907,2022-03,1106,761.17,751.21
2908,2022-03,1107,971.44,1027.32
2909,2022-03,1108,960.11,978.91
2910,2022-03,1109,811.61,808.19
2911,2022-03,1110,1161.87,1130.38
2912,2022-03,1111,863.83,886.96
2913,2022-03,1112,930.94,987.48
2914,2022-03,1113,1189.23,1281.93
2915,2022-03,1114,938.52,938.23
2916,2022-03,1115,1002.68,1017.0
2917,2022-03,1116,1064.26,1036.63
2918,2022-03,1117,871.62,884.95
2919,2022-03,1118,814.46,815.17
2920,2022-03,1119,1083.7,1050.84
2921,2022-03,1120,67.64,71.61
2922,2022-03,1121,49.07,50.54
2923,2022-03,1122,59.88,63.38
2924,2022-03,1123,52.67,55.51
2925,2022-03,1124,63.01,67.34
2926,2022-03,1125,54.9,58.0
2927,2022-03,1126,46.43,45.88
2928,2022-03,1127,70.89,75.96
2929,2022-03,1128,38.36,40.23
2930,2022-03,1129,53.15,53.84
2931,2022-03,1130,59.14,57.49
2932,2022-03,1131,70.65,75.49
2933,2022-03,1132,55.83,53.42
2934,2022-03,1133,78.46,78.9
2935,2022-03,1134,56.12,58.24
2936,2022-03,1135,51.6,54.82
2937,2022-03,1136,50.04,52.9
2938,2022-03,1137,48.32,48.59
2939,2022-03,1138,60.16,60.79
2940,2022-03,1139,66.13,68.67
2941,2022-03,1140,907.55,953.2
2942,2022-03,1141,579.98,624.68
2943,2022-03,1142,519.93,502.55
2944,2022-03,1143,734.19,721.19
2945,2022-03,1144,570.22,573.36
2946,2022-03,1145,622.43,657.58
2947,2022-03,1146,546.91,570.08
2948,2022-03,1147,624.12,614.17
2949,2022-03,1148,538.08,568.77
2950,2022-03,1149,782.22,843.56
2951,2022-03,1150,627.83,636.6
2952,2022-03,1151,468.39,445.03
2953,2022-03,1152,730.68,776.52
2954,2022-03,1153,516.47,526.21
2955,2022-03,1154,561.79,541.2
2956,2022-03,1155,619.27,604.83
2957,2022-03,1156,484.35,509.9
2958,2022-03,1157,732.11,734.64
2959,2022-03,1158,668.79,681.67
2960,2022-03,1159,591.2,578.66
2961,2022-03,1160,61.5,63.31
2962,2022-03,1161,47.04,48.51
2963,2022-03,1162,54.11,57.53
2964,2022-03,1163,38.23,38.47
2965,2022-03,1164,33.95,33.07
2966,2022-03,1165,48.47,49.93
2967,2022-03,1166,48.4,49.53
2968,2022-03,1167,45.4,48.37
2969,2022-03,1168,44.19,46.75
2970,2022-03,1169,42.46,41.81
2971,2022-03,1170,55.95,57.2
2972,2022-03,1171,39.83,42.97
2973,2022-03,1172,45.29,48.05
2974,2022-03,1173,40.43,41.25
2975,2022-03,1174,38.41,37.65
2976,2022-03,1175,48.89,49.32
2977,2022-03,1176,52.12,51.65
2978,2022-03,1177,39.91,42.64
2979,2022-03,1178,35.4,35.5
2980,2022-03,1179,37.37,37.9
2981,2022-03,1180,120.65,121.21
2982,2022-03,1181,84.24,82.26
2983,2022-03,1182,84.38,83.25
2984,2022-03,1183,57.18,55.77
2985,2022-03,1184,69.12,68.54
2986,2022-03,1185,107.86,116.0
2987,2022-03,1186,101.88,109.66
2988,2022-03,1187,128.26,135.98
2989,2022-03,1188,84.99,86.53
2990,2022-03,1189,98.21,101.81
2991,2022-03,1190,100.26,104.7
2992,2022-03,1191,111.96,109.12
2993,2022-03,1192,113.86,117.68
2994,2022-03,1193,75.85,77.52
2995,2022-03,1194,107.76,109.68
2996,2022-03,1195,100.85,97.44
2997,2022-03,1196,71.09,70.1
2998,2022-03,1197,83.52,84.26
2999,2022-03,1198,106.78,107.8
3000,2022-03,1199,82.28,82.9
3001,2022-04,1000,552.05,595.33
3002,2022-04,1001,551.2,592.87
3003,2022-04,1002,541.51,529.39
3004,2022-04,1003,812.64,817.05
3005,2022-04,1004,548.04,576.79
3006,2022-04,1005,571.11,545.14
3007,2022-04,1006,626.24,607.8
3008,2022-04,1007,637.57,610.22
3009,2022-04,1008,579.21,594.77
3010,2022-04,1009,661.83,631.61
3011,2022-04,1010,773.23,789.69
3012,2022-04,1011,670.66,701.96
3013,2022-04,1012,701.63,701.89
3014,2022-04,1013,675.43,727.69
3015,2022-04,1014,952.79,1026.11
3016,2022-04,1015,621.17,608.99
3017,2022-04,1016,823.12,861.59
3018,2022-04,1017,733.5,765.93
3019,2022-04,1018,740.76,735.39
3020,2022-04,1019,705.27,703.15
3021,2022-04,1020,450.35,446.73
3022,2022-04,1021,525.08,535.57
3023,2022-04,1022,491.29,502.14
3024,2022-04,1023,529.41,534.61
3025,2022-04,1024,403.59,396.84
3026,2022-04,1025,580.04,597.27
3027,2022-04,1026,512.36,541.41
3028,2022-04,1027,355.17,339.54
3029,2022-04,1028,383.68,384.47
3030,2022-04,1029,425.69,434.73
3031,2022-04,1030,494.69,520.52
3032,2022-04,1031,465.61,450.09
3033,2022-04,1032,440.95,470.94
3034,2022-04,1033,514.46,523.62
3035,2022-04,1034,465.98,446.26
3036,2022-04,1035,474.35,486.51
3037,2022-04,1036,465.53,497.77
3038,2022-04,1037,507.43,516.97
3039,2022-04,1038,450.58,467.21
3040,2022-04,1039,575.31,565.76
3041,2022-04,1040,241.57,249.94
3042,2022-04,1041,257.59,262.0
3043,2022-04,1042,326.25,338.05
3044,2022-04,1043,277.48,286.31
3045,2022-04,1044,306.52,320.01
3046,2022-04,1045,308.49,325.82
3047,2022-04,1046,385.85,378.18
3048,2022-04,1047,358.98,353.4
3049,2022-04,1048,415.76,439.48
3050,2022-04,1049,296.19,307.72
3051,2022-04,1050,393.01,381.77
3052,2022-04,1051,309.31,330.62
3053,2022-04,1052,283.96,283.3
3054,2022-04,1053,283.9,295.4
3055,2022-04,1054,366.65,385.94
3056,2022-04,1055,311.05,297.2
3057,2022-04,1056,271.19,282.84
3058,2022-04,1057,320.84,344.31
3059,2022-04,1058,388.62,403.14
3060,2022-04,1059,325.83,351.24
3061,2022-04,1060,99.47,97.22
3062,2022-04,1061,65.04,63.93
3063,2022-04,1062,97.29,99.52
3064,2022-04,1063,92.01,99.3
3065,2022-04,1064,110.7,112.4
3066,2022-04,1065,84.3,90.71
3067,2022-04,1066,89.19,88.35
3068,2022-04,1067,109.05,105.92
3069,2022-04,1068,108.48,115.7
3070,2022-04,1069,112.27,113.16
3071,2022-04,1070,74.35,77.76
3072,2022-04,1071,72.99,69.88
3073,2022-04,1072,85.94,84.38
3074,2022-04,1073,102.59,98.25
3075,2022-04,1074,70.08,72.27
3076,2022-04,1075,110.6,110.44
3077,2022-04,1076,77.21,76.94
3078,2022-04,1077,89.28,92.0
3079,2022-04,1078,119.02,118.47
3080,2022-04,1079,97.46,97.86
3081,2022-04,1080,392.79,388.54
3082,2022-04,1081,408.14,421.41
3083,2022-04,1082,625.57,635.99
3084,2022-04,1083,397.61,422.42
3085,2022-04,1084,410.91,404.75
3086,2022-04,1085,417.83,397.82
3087,2022-04,1086,482.12,493.68
3088,2022-04,1087,364.99,360.7
3089,2022-04,1088,582.07,576.88
3090,2022-04,1089,484.25,500.74
3091,2022-04,1090,532.57,570.4
3092,2022-04,1091,454.17,439.01
3093,2022-04,1092,664.22,671.11
3094,2022-04,1093,559.74,537.15
3095,2022-04,1094,498.85,499.7
3096,2022-04,1095,297.44,316.03
3097,2022-04,1096,671.76,707.38
3098,2022-04,1097,396.99,385.39
3099,2022-04,1098,441.23,443.79
3100,2022-04,1099,486.22,461.93
3101,2022-04,1100,950.04,909.72
3102,2022-04,1101,864.13,914.49
3103,2022-04,1102,892.59,866.66
3104,2022-04,1103,1298.1,1291.83
3105,2022-04,1104,720.49,757.99
3106,2022-04,1105,919.62,898.61
3107,2022-04,1106,774.94,826.66
3108,2022-04,1107,1019.63,1069.19
3109,2022-04,1108,960.52,995.49
3110,2022-04,1109,819.85,832.81
3111,2022-04,1110,1187.97,1135.68
3112,2022-04,1111,845.12,860.19
3113,2022-04,1112,905.3,963.37
3114,2022-04,1113,1195.96,1205.41
3115,2022-04,1114,900.56,961.46
3116,2022-04,1115,988.76,1042.52
3117,2022-04,1116,1028.29,1107.88
3118,2022-04,1117,912.41,918.0
3119,2022-04,1118,753.41,788.85
3120,2022-04,1119,1055.89,1105.75
3121,2022-04,1120,68.67,71.47
3122,2022-04,1121,48.96,46.56
3123,2022-04,1122,59.65,62.99
3124,2022-04,1123,48.66,46.56
3125,2022-04,1124,64.93,62.83
3126,2022-04,1125,56.76,57.09
3127,2022-04,1126,46.0,48.81
3128,2022-04,1127,67.63,65.46
3129,2022-04,1128,39.89,43.05
3130,2022-04,1129,54.29,52.84
3131,2022-04,1130,62.94,66.24
3132,2022-04,1131,69.9,70.48
3133,2022-04,1132,53.04,56.25
3134,2022-04,1133,78.69,80.11
3135,2022-04,1134,56.08,55.04
3136,2022-04,1135,52.98,52.12
3137,2022-04,1136,51.12,49.77
3138,2022-04,1137,49.33,48.98
3139,2022-04,1138,60.07,63.63
3140,2022-04,1139,64.09,64.89
3141,2022-04,1140,900.01,902.49
3142,2022-04,1141,564.21,557.82
3143,2022-04,1142,545.22,569.62
3144,2022-04,1143,721.35,766.47
3145,2022-04,1144,557.83,530.19
3146,2022-04,1145,592.94,568.88
3147,2022-04,1146,535.33,553.6
3148,2022-04,1147,633.48,684.0
3149,2022-04,1148,558.39,552.24
3150,2022-04,1149,759.2,814.1
3151,2022-04,1150,617.86,646.22
3152,2022-04,1151,473.43,464.92
3153,2022-04,1152,760.27,767.52
3154,2022-04,1153,530.74,542.81
3155,2022-04,1154,550.35,571.05
3156,2022-04,1155,643.98,619.29
3157,2022-04,1156,484.67,493.89
3158,2022-04,1157,698.93,706.88
3159,2022-04,1158,673.21,700.89
3160,2022-04,1159,610.0,648.87
3161,2022-04,1160,58.69,62.11
3162,2022-04,1161,46.84,46.8
3163,2022-04,1162,53.74,54.35
3164,2022-04,1163,40.87,42.45
3165,2022-04,1164,32.95,33.42
3166,2022-04,1165,49.76,47.76
3167,2022-04,1166,49.46,51.27
3168,2022-04,1167,45.95,43.95
3169,2022-04,1168,46.69,50.06
3170,2022-04,1169,41.56,43.93
3171,2022-04,1170,58.03,60.0
3172,2022-04,1171,38.96,42.05
3173,2022-04,1172,45.63,45.34
3174,2022-04,1173,39.55,37.57
3175,2022-04,1174,41.06,44.22
3176,2022-04,1175,48.67,48.6
3177,2022-04,1176,53.01,50.83
3178,2022-04,1177,40.41,43.58
3179,2022-04,1178,37.23,39.6
3180,2022-04,1179,38.17,40.28
3181,2022-04,1180,118.56,119.26
3182,2022-04,1181,86.81,83.1
3183,2022-04,1182,87.02,91.52
3184,2022-04,1183,56.32,57.64
3185,2022-04,1184,69.98,75.11
3186,2022-04,1185,109.25,114.87
3187,2022-04,1186,101.7,105.21
3188,2022-04,1187,124.75,122.37
3189,2022-04,1188,84.73,85.4
3190,2022-04,1189,96.45,94.46
3191,2022-04,1190,103.22,101.04
3192,2022-04,1191,112.58,117.37
3193,2022-04,1192,118.91,127.59
3194,2022-04,1193,75.3,81.2
3195,2022-04,1194,108.87,110.7
3196,2022-04,1195,101.14,99.25
3197,2022-04,1196,70.94,74.15
3198,2022-04,1197,80.38,84.25
3199,2022-04,1198,101.8,100.58
3200,2022-04,1199,80.89,84.77
3201,2022-05,1000,572.62,571.32
3202,2022-05,1001,580.13,617.17
3203,2022-05,1002,569.08,598.74
3204,2022-05,1003,807.15,775.23
3205,2022-05,1004,556.74,586.41
3206,2022-05,1005,579.26,578.31
3207,2022-05,1006,639.0,668.66
3208,2022-05,1007,657.0,632.42
3209,2022-05,1008,602.74,585.88
3210,2022-05,1009,637.95,656.87
3211,2022-05,1010,768.95,784.7
3212,2022-05,1011,703.34,734.27
3213,2022-05,1012,712.61,743.29
3214,2022-05,1013,659.87,645.21
3215,2022-05,1014,938.77,994.79
3216,2022-05,1015,642.74,670.96
3217,2022-05,1016,797.22,843.54
3218,2022-05,1017,752.81,756.01
3219,2022-05,1018,715.79,727.66
3220,2022-05,1019,703.75,756.25
3221,2022-05,1020,439.15,445.22
3222,2022-05,1021,543.01,545.67
3223,2022-05,1022,499.52,489.75
3224,2022-05,1023,522.09,506.54
3225,2022-05,1024,422.44,431.7
3226,2022-05,1025,590.63,624.51
3227,2022-05,1026,487.27,480.33
3228,2022-05,1027,376.9,380.74
3229,2022-05,1028,379.83,401.68
3230,2022-05,1029,436.82,431.66
3231,2022-05,1030,484.61,510.42
3232,2022-05,1031,467.87,458.94
3233,2022-05,1032,436.51,463.15
3234,2022-05,1033,514.32,527.07
3235,2022-05,1034,459.88,496.1
3236,2022-05,1035,484.48,472.93
3237,2022-05,1036,472.35,479.95
3238,2022-05,1037,511.09,493.26
3239,2022-05,1038,474.22,507.85
3240,2022-05,1039,589.47,573.19
3241,2022-05,1040,227.76,224.32
3242,2022-05,1041,254.93,273.95
3243,2022-05,1042,319.55,311.58
3244,2022-05,1043,269.73,288.54
3245,2022-05,1044,312.96,325.76
3246,2022-05,1045,341.23,366.45
3247,2022-05,1046,401.22,386.39
3248,2022-05,1047,362.08,387.1
3249,2022-05,1048,430.64,412.44
3250,2022-05,1049,282.06,301.72
3251,2022-05,1050,383.76,404.48
3252,2022-05,1051,309.56,330.87
3253,2022-05,1052,271.33,275.22
3254,2022-05,1053,287.8,299.48
3255,2022-05,1054,375.38,384.13
3256,2022-05,1055,315.44,302.33
3257,2022-05,1056,267.54,278.89
3258,2022-05,1057,317.69,310.02
3259,2022-05,1058,396.25,414.45
3260,2022-05,1059,333.7,331.06
3261,2022-05,1060,101.16,97.63
3262,2022-05,1061,64.42,67.38
3263,2022-05,1062,102.17,106.73
3264,2022-05,1063,89.78,95.97
3265,2022-05,1064,110.86,113.07
3266,2022-05,1065,81.55,80.96
3267,2022-05,1066,89.26,93.6
3268,2022-05,1067,109.07,109.92
3269,2022-05,1068,105.39,110.92
3270,2022-05,1069,112.41,120.44
3271,2022-05,1070,78.92,82.85
3272,2022-05,1071,72.89,71.02
3273,2022-05,1072,93.87,90.35
3274,2022-05,1073,101.53,103.74
3275,2022-05,1074,68.04,64.69
3276,2022-05,1075,111.52,106.98
3277,2022-05,1076,74.04,72.14
3278,2022-05,1077,92.55,90.05
3279,2022-05,1078,120.83,129.54
3280,2022-05,1079,98.42,104.49
3281,2022-05,1080,390.84,416.74
3282,2022-05,1081,422.54,406.97
3283,2022-05,1082,600.19,593.71
3284,2022-05,1083,378.86,380.29
3285,2022-05,1084,405.83,437.29
3286,2022-05,1085,467.99,464.86
3287,2022-05,1086,528.2,518.65
3288,2022-05,1087,341.4,354.31
3289,2022-05,1088,610.15,623.31
3290,2022-05,1089,482.44,480.28
3291,2022-05,1090,514.06,489.22
3292,2022-05,1091,447.9,458.4
3293,2022-05,1092,643.52,651.65
3294,2022-05,1093,544.02,558.89
3295,2022-05,1094,514.97,545.17
3296,2022-05,1095,287.8,303.0
3297,2022-05,1096,656.11,680.85
3298,2022-05,1097,410.22,412.87
3299,2022-05,1098,462.0,453.86
3300,2022-05,1099,472.65,463.83
3301,2022-05,1100,933.33,925.79
3302,2022-05,1101,893.93,872.33
3303,2022-05,1102,898.26,909.15
3304,2022-05,1103,1285.1,1382.14
3305,2022-05,1104,717.18,768.59
3306,2022-05,1105,929.96,909.04
3307,2022-05,1106,777.05,834.91
3308,2022-05,1107,970.35,983.55
3309,2022-05,1108,978.36,1019.12
3310,2022-05,1109,780.75,745.15
3311,2022-05,1110,1239.81,1180.9
3312,2022-05,1111,896.07,951.32
3313,2022-05,1112,907.8,863.32
3314,2022-05,1113,1216.37,1198.9
3315,2022-05,1114,909.52,962.23
3316,2022-05,1115,1002.23,1056.72
3317,2022-05,1116,1022.29,1019.02
3318,2022-05,1117,902.28,940.67
3319,2022-05,1118,782.4,762.0
3320,2022-05,1119,1035.87,1038.22
3321,2022-05,1120,64.81,69.22
3322,2022-05,1121,47.42,48.62
3323,2022-05,1122,60.34,60.45
3324,2022-05,1123,50.93,50.71
3325,2022-05,1124,63.41,65.77
3326,2022-05,1125,54.54,53.98
3327,2022-05,1126,46.1,47.25
3328,2022-05,1127,71.95,75.28
3329,2022-05,1128,38.08,37.77
3330,2022-05,1129,53.94,54.79
3331,2022-05,1130,62.04,60.56
3332,2022-05,1131,70.16,75.42
3333,2022-05,1132,54.75,54.94
3334,2022-05,1133,75.68,71.92
3335,2022-05,1134,54.43,52.58
3336,2022-05,1135,54.1,53.14
3337,2022-05,1136,50.5,49.77
3338,2022-05,1137,47.43,46.45
3339,2022-05,1138,59.91,61.78
3340,2022-05,1139,63.88,68.64
3341,2022-05,1140,897.92,903.65
3342,2022-05,1141,538.24,530.25
3343,2022-05,1142,547.77,531.07
3344,2022-05,1143,714.68,735.41
3345,2022-05,1144,544.68,553.64
3346,2022-05,1145,609.88,599.83
3347,2022-05,1146,532.78,509.34
3348,2022-05,1147,610.12,631.7
3349,2022-05,1148,563.6,546.22
3350,2022-05,1149,739.65,779.84
3351,2022-05,1150,620.62,654.79
3352,2022-05,1151,489.33,470.78
3353,2022-05,1152,773.08,742.83
3354,2022-05,1153,533.13,561.75
3355,2022-05,1154,548.88,592.63
3356,2022-05,1155,623.58,618.73
3357,2022-05,1156,491.51,497.07
3358,2022-05,1157,730.86,729.21
3359,2022-05,1158,697.93,733.32
3360,2022-05,1159,583.51,571.05
3361,2022-05,1160,60.25,58.81
3362,2022-05,1161,49.03,46.63
3363,2022-05,1162,57.36,57.28
3364,2022-05,1163,38.75,41.68
3365,2022-05,1164,33.94,33.26
3366,2022-05,1165,46.75,45.42
3367,2022-05,1166,49.23,47.01
3368,2022-05,1167,44.76,47.21
3369,2022-05,1168,43.99,45.05
3370,2022-05,1169,40.11,38.5
3371,2022-05,1170,58.67,57.59
3372,2022-05,1171,40.53,41.96
3373,2022-05,1172,43.71,43.39
3374,2022-05,1173,40.26,42.71
3375,2022-05,1174,39.57,39.17
3376,2022-05,1175,47.73,49.79
3377,2022-05,1176,53.06,53.33
3378,2022-05,1177,40.49,39.25
3379,2022-05,1178,37.7,39.27
3380,2022-05,1179,38.47,40.26
3381,2022-05,1180,120.51,128.81
3382,2022-05,1181,85.85,82.48
3383,2022-05,1182,84.0,86.68
3384,2022-05,1183,57.79,55.21
3385,2022-05,1184,68.75,72.03
3386,2022-05,1185,107.94,115.35
3387,2022-05,1186,100.26,103.55
3388,2022-05,1187,123.43,121.68
3389,2022-05,1188,84.58,86.95
3390,2022-05,1189,97.18,95.01
3391,2022-05,1190,101.26,105.99
3392,2022-05,1191,110.1,116.91
3393,2022-05,1192,111.8,118.69
3394,2022-05,1193,78.4,80.44
3395,2022-05,1194,108.02,103.91
3396,2022-05,1195,107.89,110.16
3397,2022-05,1196,72.23,73.12
3398,2022-05,1197,81.92,88.41
3399,2022-05,1198,102.19,107.9
3400,2022-05,1199,83.31,87.94
3401,2022-06,1000,538.75,542.44
3402,2022-06,1001,577.31,590.87
3403,2022-06,1002,551.67,530.95
3404,2022-06,1003,762.61,742.63
3405,2022-06,1004,548.4,590.94
3406,2022-06,1005,550.95,567.04
3407,2022-06,1006,623.53,636.13
3408,2022-06,1007,651.79,673.37
3409,2022-06,1008,589.89,623.85
3410,2022-06,1009,621.58,606.88
3411,2022-06,1010,764.19,801.62
3412,2022-06,1011,679.16,670.79
3413,2022-06,1012,696.17,726.44
3414,2022-06,1013,654.27,700.29
3415,2022-06,1014,942.11,948.93
3416,2022-06,1015,631.98,617.88
3417,2022-06,1016,805.46,868.26
3418,2022-06,1017,723.46,715.37
3419,2022-06,1018,740.43,785.82
3420,2022-06,1019,666.47,692.35
3421,2022-06,1020,438.32,422.6
3422,2022-06,1021,521.08,526.27
3423,2022-06,1022,497.84,520.3
3424,2022-06,1023,525.42,562.6
3425,2022-06,1024,394.31,419.24
3426,2022-06,1025,594.23,627.79
3427,2022-06,1026,499.58,519.76
3428,2022-06,1027,366.06,366.86
3429,2022-06,1028,377.86,375.98
3430,2022-06,1029,435.82,431.16
3431,2022-06,1030,480.06,491.6
3432,2022-06,1031,480.44,482.1
3433,2022-06,1032,425.65,405.62
3434,2022-06,1033,517.96,550.09
3435,2022-06,1034,495.1,503.66
3436,2022-06,1035,473.62,476.89
3437,2022-06,1036,441.69,454.22
3438,2022-06,1037,488.19,494.98
3439,2022-06,1038,454.1,457.9
3440,2022-06,1039,580.02,600.33
3441,2022-06,1040,227.43,221.69
3442,2022-06,1041,249.14,238.36
3443,2022-06,1042,323.79,333.41
3444,2022-06,1043,277.57,287.17
3445,2022-06,1044,291.55,307.18
3446,2022-06,1045,330.14,350.2
3447,2022-06,1046,374.97,374.6
3448,2022-06,1047,348.68,358.31
3449,2022-06,1048,414.54,415.3
3450,2022-06,1049,292.88,298.98
3451,2022-06,1050,378.46,398.76
3452,2022-06,1051,325.82,346.22
3453,2022-06,1052,263.74,252.48
3454,2022-06,1053,285.93,300.73
3455,2022-06,1054,368.04,351.5
3456,2022-06,1055,334.93,357.87
3457,2022-06,1056,270.65,269.58
3458,2022-06,1057,309.75,315.82
3459,2022-06,1058,403.04,433.09
3460,2022-06,1059,314.86,339.84
3461,2022-06,1060,97.31,97.15
3462,2022-06,1061,63.1,63.27
3463,2022-06,1062,98.08,99.56
3464,2022-06,1063,89.86,92.26
3465,2022-06,1064,106.58,108.75
3466,2022-06,1065,82.97,88.0
3467,2022-06,1066,87.12,87.18
3468,2022-06,1067,107.39,110.85
3469,2022-06,1068,107.67,110.49
3470,2022-06,1069,112.7,115.6
3471,2022-06,1070,77.89,76.34
3472,2022-06,1071,66.5,69.85
3473,2022-06,1072,94.98,100.95
3474,2022-06,1073,108.31,107.22
3475,2022-06,1074,68.68,68.28
3476,2022-06,1075,110.95,108.4
3477,2022-06,1076,74.58,76.46
3478,2022-06,1077,83.08,83.66
3479,2022-06,1078,120.12,120.33
3480,2022-06,1079,107.61,114.79
3481,2022-06,1080,399.92,431.0
3482,2022-06,1081,404.79,409.11
3483,2022-06,1082,636.98,611.65
3484,2022-06,1083,381.81,390.9
3485,2022-06,1084,372.12,376.84
3486,2022-06,1085,463.68,468.12
3487,2022-06,1086,491.8,519.94
3488,2022-06,1087,360.79,378.67
3489,2022-06,1088,592.64,628.64
3490,2022-06,1089,505.73,511.02
3491,2022-06,1090,553.94,584.53
3492,2022-06,1091,461.48,465.18
3493,2022-06,1092,625.83,603.54
3494,2022-06,1093,549.89,536.56
3495,2022-06,1094,512.71,530.73
3496,2022-06,1095,292.64,302.09
3497,2022-06,1096,657.96,688.32
3498,2022-06,1097,372.03,382.49
3499,2022-06,1098,464.91,446.41
3500,2022-06,1099,508.19,504.84
3501,2022-06,1100,982.59,1056.77
3502,2022-06,1101,901.47,890.58
3503,2022-06,1102,873.46,870.54
3504,2022-06,1103,1300.89,1268.39
3505,2022-06,1104,744.41,746.01
3506,2022-06,1105,908.34,929.38
3507,2022-06,1106,771.86,790.92
3508,2022-06,1107,976.88,953.71
3509,2022-06,1108,953.5,1027.61
3510,2022-06,1109,789.33,849.98
3511,2022-06,1110,1173.58,1148.37
3512,2022-06,1111,858.13,864.75
3513,2022-06,1112,925.87,964.49
3514,2022-06,1113,1154.28,1236.96
3515,2022-06,1114,971.35,958.83
3516,2022-06,1115,991.42,1026.9
3517,2022-06,1116,1000.92,1028.93
3518,2022-06,1117,898.88,876.16
3519,2022-06,1118,818.51,846.98
3520,2022-06,1119,1022.68,982.89
3521,2022-06,1120,66.9,64.82
3522,2022-06,1121,49.09,49.92
3523,2022-06,1122,58.59,60.47
3524,2022-06,1123,51.86,55.47
3525,2022-06,1124,61.83,59.81
3526,2022-06,1125,53.64,55.41
3527,2022-06,1126,47.33,48.25
3528,2022-06,1127,69.38,74.65
3529,2022-06,1128,38.26,40.36
3530,2022-06,1129,52.97,50.95
3531,2022-06,1130,60.86,62.34
3532,2022-06,1131,72.18,69.66
3533,2022-06,1132,53.06,52.36
3534,2022-06,1133,76.03,76.34
3535,2022-06,1134,57.59,59.27
3536,2022-06,1135,54.7,52.71
3537,2022-06,1136,50.27,53.94
3538,2022-06,1137,48.92,49.39
3539,2022-06,1138,58.74,59.32
3540,2022-06,1139,64.36,62.13
3541,2022-06,1140,894.75,865.19
3542,2022-06,1141,586.77,583.85
3543,2022-06,1142,580.29,606.58
3544,2022-06,1143,672.34,710.82
3545,2022-06,1144,571.62,557.14
3546,2022-06,1145,629.21,598.23
3547,2022-06,1146,528.19,535.11
3548,2022-06,1147,643.92,613.93
3549,2022-06,1148,525.35,505.14
3550,2022-06,1149,710.26,692.52
3551,2022-06,1150,614.17,634.48
3552,2022-06,1151,490.14,473.36
3553,2022-06,1152,743.38,732.31
3554,2022-06,1153,558.26,598.33
3555,2022-06,1154,568.12,566.61
3556,2022-06,1155,647.62,647.79
3557,2022-06,1156,506.57,537.1
3558,2022-06,1157,684.55,736.37
3559,2022-06,1158,701.47,692.12
3560,2022-06,1159,602.61,637.67
3561,2022-06,1160,59.47,62.97
3562,2022-06,1161,46.5,46.38
3563,2022-06,1162,54.39,56.4
3564,2022-06,1163,40.58,40.88
3565,2022-06,1164,33.59,36.11
3566,2022-06,1165,47.64,50.44
3567,2022-06,1166,49.27,47.59
3568,2022-06,1167,43.48,44.37
3569,2022-06,1168,46.7,49.6
3570,2022-06,1169,42.01,40.97
3571,2022-06,1170,57.78,61.45
3572,2022-06,1171,37.79,36.18
3573,2022-06,1172,46.67,49.92
3574,2022-06,1173,39.14,42.01
3575,2022-06,1174,41.52,43.22
3576,2022-06,1175,48.3,47.78
3577,2022-06,1176,53.34,56.52
3578,2022-06,1177,40.33,38.75
3579,2022-06,1178,36.53,35.74
3580,2022-06,1179,36.82,37.78
3581,2022-06,1180,118.88,126.03
3582,2022-06,1181,93.09,97.9
3583,2022-06,1182,84.69,86.95
3584,2022-06,1183,57.91,61.74
3585,2022-06,1184,68.47,73.29
3586,2022-06,1185,107.87,112.48
3587,2022-06,1186,96.3,92.89
3588,2022-06,1187,122.79,131.95
3589,2022-06,1188,85.75,82.61
3590,2022-06,1189,96.59,96.17
3591,2022-06,1190,99.42,105.74
3592,2022-06,1191,114.11,111.27
3593,2022-06,1192,107.46,104.14
3594,2022-06,1193,77.26,75.81
3595,2022-06,1194,110.28,117.15
3596,2022-06,1195,103.86,104.89
3597,2022-06,1196,72.91,74.78
3598,2022-06,1197,79.84,81.01
3599,2022-06,1198,103.15,111.29
3600,2022-06,1199,80.85,79.24
3601,2022-07,1000,551.39,581.92
3602,2022-07,1001,558.37,600.11
3603,2022-07,1002,542.63,535.88
3604,2022-07,1003,806.11,869.48
3605,2022-07,1004,534.38,509.84
3606,2022-07,1005,572.29,579.28
3607,2022-07,1006,652.54,703.31
3608,2022-07,1007,635.65,634.86
3609,2022-07,1008,578.75,611.29
3610,2022-07,1009,634.8,637.82
3611,2022-07,1010,775.71,769.26
3612,2022-07,1011,666.23,717.15
3613,2022-07,1012,671.28,709.76
3614,2022-07,1013,670.03,636.71
3615,2022-07,1014,974.4,1027.29
3616,2022-07,1015,632.25,667.8
3617,2022-07,1016,769.73,799.76
3618,2022-07,1017,734.92,784.84
3619,2022-07,1018,784.67,773.66
3620,2022-07,1019,674.16,673.05
3621,2022-07,1020,428.25,452.49
3622,2022-07,1021,553.72,531.07
3623,2022-07,1022,506.63,503.89
3624,2022-07,1023,534.07,569.28
3625,2022-07,1024,374.04,376.48
3626,2022-07,1025,603.52,614.03
3627,2022-07,1026,509.43,514.03
3628,2022-07,1027,362.86,353.58
3629,2022-07,1028,365.56,354.57
3630,2022-07,1029,424.85,404.13
3631,2022-07,1030,478.81,475.35
3632,2022-07,1031,485.52,468.13
3633,2022-07,1032,429.07,459.39
3634,2022-07,1033,515.94,518.48
3635,2022-07,1034,461.88,493.33
3636,2022-07,1035,466.69,504.0
3637,2022-07,1036,460.01,440.47
3638,2022-07,1037,528.01,560.67
3639,2022-07,1038,458.44,446.56
3640,2022-07,1039,612.14,606.28
3641,2022-07,1040,240.85,235.19
3642,2022-07,1041,251.38,260.52
3643,2022-07,1042,332.96,343.56
3644,2022-07,1043,266.21,282.43
3645,2022-07,1044,324.06,330.76
3646,2022-07,1045,317.09,330.7
3647,2022-07,1046,378.04,393.05
3648,2022-07,1047,360.97,373.4
3649,2022-07,1048,416.79,445.77
3650,2022-07,1049,282.18,298.16
3651,2022-07,1050,404.44,403.89
3652,2022-07,1051,315.9,320.53
3653,2022-07,1052,276.92,285.26
3654,2022-07,1053,277.05,271.72
3655,2022-07,1054,381.13,402.3
3656,2022-07,1055,308.9,307.59
3657,2022-07,1056,246.04,262.26
3658,2022-07,1057,342.14,352.41
3659,2022-07,1058,403.38,412.44
3660,2022-07,1059,324.93,347.73
3661,2022-07,1060,104.02,108.49
3662,2022-07,1061,64.01,68.81
3663,2022-07,1062,103.23,102.46
3664,2022-07,1063,87.23,84.47
3665,2022-07,1064,110.9,108.46
3666,2022-07,1065,83.87,85.0
3667,2022-07,1066,88.53,91.76
3668,2022-07,1067,104.74,109.63
3669,2022-07,1068,110.59,117.55
3670,2022-07,1069,110.8,106.71
3671,2022-07,1070,76.77,74.69
3672,2022-07,1071,68.23,67.49
3673,2022-07,1072,91.44,93.86
3674,2022-07,1073,102.66,109.16
3675,2022-07,1074,68.49,72.42
3676,2022-07,1075,106.42,107.72
3677,2022-07,1076,72.98,72.81
3678,2022-07,1077,87.82,89.18
3679,2022-07,1078,115.67,124.21
3680,2022-07,1079,98.88,97.5
3681,2022-07,1080,390.3,376.03
3682,2022-07,1081,421.92,424.18
3683,2022-07,1082,555.64,589.54
3684,2022-07,1083,377.58,394.04
3685,2022-07,1084,411.07,390.7
3686,2022-07,1085,452.44,439.8
3687,2022-07,1086,513.73,554.22
3688,2022-07,1087,364.71,363.55
3689,2022-07,1088,593.7,619.46
3690,2022-07,1089,492.81,514.23
3691,2022-07,1090,540.41,565.38
3692,2022-07,1091,458.69,472.69
3693,2022-07,1092,659.73,648.52
3694,2022-07,1093,526.16,518.89
3695,2022-07,1094,499.06,505.66
3696,2022-07,1095,295.36,292.82
3697,2022-07,1096,667.64,706.01
3698,2022-07,1097,404.23,406.82
3699,2022-07,1098,445.36,449.64
3700,2022-07,1099,462.83,479.84
3701,2022-07,1100,952.62,995.16
3702,2022-07,1101,898.36,938.48
3703,2022-07,1102,903.87,859.77
3704,2022-07,1103,1320.93,1286.02
3705,2022-07,1104,701.64,680.76
3706,2022-07,1105,931.29,959.03
3707,2022-07,1106,794.43,770.96
3708,2022-07,1107,1024.96,1096.75
3709,2022-07,1108,937.88,987.19
3710,2022-07,1109,788.23,803.25
3711,2022-07,1110,1194.28,1146.12
3712,2022-07,1111,831.85,868.43
3713,2022-07,1112,919.79,987.8
3714,2022-07,1113,1182.34,1160.76
3715,2022-07,1114,950.88,919.29
3716,2022-07,1115,973.34,980.44
3717,2022-07,1116,1064.12,1021.46
3718,2022-07,1117,889.49,923.92
3719,2022-07,1118,802.68,808.36
3720,2022-07,1119,1058.44,1094.75
3721,2022-07,1120,66.07,69.8
3722,2022-07,1121,48.47,51.02
3723,2022-07,1122,57.64,61.52
3724,2022-07,1123,52.53,54.98
3725,2022-07,1124,61.61,66.15
3726,2022-07,1125,58.79,61.84
3727,2022-07,1126,44.55,44.09
3728,2022-07,1127,68.85,70.34
3729,2022-07,1128,38.91,41.13
3730,2022-07,1129,52.32,51.76
3731,2022-07,1130,63.04,66.04
3732,2022-07,1131,72.54,69.13
3733,2022-07,1132,54.88,52.3
3734,2022-07,1133,76.29,75.66
3735,2022-07,1134,55.03,58.76
3736,2022-07,1135,53.75,52.26
3737,2022-07,1136,50.63,54.22
3738,2022-07,1137,48.37,47.85
3739,2022-07,1138,60.03,57.67
3740,2022-07,1139,65.14,70.2
3741,2022-07,1140,928.33,930.55
3742,2022-07,1141,557.21,582.83
3743,2022-07,1142,563.0,556.22
3744,2022-07,1143,699.72,682.75
3745,2022-07,1144,562.29,557.0
3746,2022-07,1145,638.99,637.87
3747,2022-07,1146,532.19,547.76
3748,2022-07,1147,599.06,578.1
3749,2022-07,1148,533.32,527.0
3750,2022-07,1149,748.92,787.84
3751,2022-07,1150,616.15,605.4
3752,2022-07,1151,481.9,495.6
3753,2022-07,1152,762.2,807.87
3754,2022-07,1153,530.29,564.76
3755,2022-07,1154,547.05,524.02
3756,2022-07,1155,614.31,655.78
3757,2022-07,1156,488.37,508.94
3758,2022-07,1157,684.29,687.27
3759,2022-07,1158,657.26,681.99
3760,2022-07,1159,587.73,630.92
3761,2022-07,1160,57.83,59.77
3762,2022-07,1161,48.56,49.31
3763,2022-07,1162,53.53,56.95
3764,2022-07,1163,40.18,42.69
3765,2022-07,1164,32.91,31.44
3766,2022-07,1165,50.07,53.74
3767,2022-07,1166,50.51,51.93
3768,2022-07,1167,45.81,49.11
3769,2022-07,1168,45.56,43.89
3770,2022-07,1169,43.09,43.38
3771,2022-07,1170,59.25,62.09
3772,2022-07,1171,38.9,37.14
3773,2022-07,1172,45.27,46.72
3774,2022-07,1173,38.82,37.05
3775,2022-07,1174,40.97,41.38
3776,2022-07,1175,48.39,47.76
3777,2022-07,1176,50.88,50.44
3778,2022-07,1177,41.03,42.88
3779,2022-07,1178,38.83,40.02
3780,2022-07,1179,37.3,39.11
3781,2022-07,1180,116.47,124.6
3782,2022-07,1181,89.75,89.18
3783,2022-07,1182,85.8,88.55
3784,2022-07,1183,55.76,59.18
3785,2022-07,1184,67.07,67.4
3786,2022-07,1185,99.84,102.61
3787,2022-07,1186,99.87,97.79
3788,2022-07,1187,127.7,125.18
3789,2022-07,1188,83.9,86.58
3790,2022-07,1189,103.59,108.0
3791,2022-07,1190,99.31,101.87
3792,2022-07,1191,110.47,110.64
3793,2022-07,1192,107.03,115.36
3794,2022-07,1193,76.73,74.82
3795,2022-07,1194,108.49,116.52
3796,2022-07,1195,105.62,101.01
3797,2022-07,1196,71.21,71.86
3798,2022-07,1197,76.84,74.66
3799,2022-07,1198,107.66,116.07
3800,2022-07,1199,77.45,80.16
3801,2022-08,1000,549.46,527.57
3802,2022-08,1001,564.02,590.71
3803,2022-08,1002,574.26,556.72
3804,2022-08,1003,787.24,768.01
3805,2022-08,1004,547.31,559.24
3806,2022-08,1005,564.64,589.19
3807,2022-08,1006,656.09,682.04
3808,2022-08,1007,616.22,635.14
3809,2022-08,1008,551.28,559.01
3810,2022-08,1009,638.78,668.16
3811,2022-08,1010,776.12,764.77
3812,2022-08,1011,661.52,714.23
3813,2022-08,1012,690.77,710.3
3814,2022-08,1013,645.58,655.24
3815,2022-08,1014,928.37,994.62
3816,2022-08,1015,666.67,637.53
3817,2022-08,1016,792.64,836.4
3818,2022-08,1017,734.69,761.61
3819,2022-08,1018,745.51,753.47
3820,2022-08,1019,650.32,646.67
3821,2022-08,1020,427.63,419.65
3822,2022-08,1021,549.61,557.66
3823,2022-08,1022,489.15,479.0
3824,2022-08,1023,525.94,550.38
3825,2022-08,1024,413.71,427.73
3826,2022-08,1025,613.44,618.26
3827,2022-08,1026,475.22,495.1
3828,2022-08,1027,359.99,373.43
3829,2022-08,1028,397.4,421.82
3830,2022-08,1029,444.23,432.63
3831,2022-08,1030,506.55,505.19
3832,2022-08,1031,475.05,489.49
3833,2022-08,1032,439.97,443.55
3834,2022-08,1033,538.55,546.29
3835,2022-08,1034,470.99,460.16
3836,2022-08,1035,462.4,479.04
3837,2022-08,1036,472.41,481.18
3838,2022-08,1037,487.53,519.26
3839,2022-08,1038,450.61,478.95
3840,2022-08,1039,579.35,586.91
3841,2022-08,1040,224.59,241.49
3842,2022-08,1041,242.31,244.13
3843,2022-08,1042,314.06,312.77
3844,2022-08,1043,274.47,290.74
3845,2022-08,1044,318.88,324.41
3846,2022-08,1045,329.37,314.32
3847,2022-08,1046,381.41,394.11
3848,2022-08,1047,349.17,352.38
3849,2022-08,1048,423.98,444.08
3850,2022-08,1049,291.6,278.74
3851,2022-08,1050,365.53,392.54
3852,2022-08,1051,314.74,319.07
3853,2022-08,1052,276.44,290.06
3854,2022-08,1053,293.03,305.26
3855,2022-08,1054,387.95,390.64
3856,2022-08,1055,319.58,344.88
3857,2022-08,1056,257.55,264.17
3858,2022-08,1057,312.41,316.71
3859,2022-08,1058,404.0,427.88
3860,2022-08,1059,327.68,351.69
3861,2022-08,1060,99.73,98.7
3862,2022-08,1061,60.03,62.59
3863,2022-08,1062,99.22,105.89
3864,2022-08,1063,88.76,94.25
3865,2022-08,1064,116.35,124.84
3866,2022-08,1065,81.53,85.56
3867,2022-08,1066,90.72,93.28
3868,2022-08,1067,103.54,108.54
3869,2022-08,1068,109.51,105.49
3870,2022-08,1069,116.25,123.89
3871,2022-08,1070,72.83,75.75
3872,2022-08,1071,69.69,66.57
3873,2022-08,1072,88.1,86.33
3874,2022-08,1073,104.62,100.18
3875,2022-08,1074,66.63,65.77
3876,2022-08,1075,109.78,111.15
3877,2022-08,1076,74.35,71.53
3878,2022-08,1077,87.67,94.28
3879,2022-08,1078,124.11,127.89
3880,2022-08,1079,102.38,98.93
3881,2022-08,1080,373.21,401.26
3882,2022-08,1081,424.69,435.15
3883,2022-08,1082,600.36,610.2
3884,2022-08,1083,390.41,417.32
3885,2022-08,1084,409.66,408.13
3886,2022-08,1085,466.51,454.68
3887,2022-08,1086,516.4,525.08
3888,2022-08,1087,365.62,378.18
3889,2022-08,1088,575.15,587.94
3890,2022-08,1089,507.31,530.44
3891,2022-08,1090,548.31,536.74
3892,2022-08,1091,476.36,471.35
3893,2022-08,1092,640.47,652.74
3894,2022-08,1093,537.74,546.57
3895,2022-08,1094,525.8,563.74
3896,2022-08,1095,293.03,279.03
3897,2022-08,1096,648.36,672.68
3898,2022-08,1097,403.34,425.16
3899,2022-08,1098,460.12,470.11
3900,2022-08,1099,486.4,477.45
3901,2022-08,1100,981.08,932.76
3902,2022-08,1101,889.48,951.34
3903,2022-08,1102,943.19,916.73
3904,2022-08,1103,1320.8,1324.14
3905,2022-08,1104,732.08,711.88
3906,2022-08,1105,949.38,928.38
3907,2022-08,1106,780.71,836.54
3908,2022-08,1107,1002.37,994.54
3909,2022-08,1108,984.97,1002.19
3910,2022-08,1109,810.8,777.81
3911,2022-08,1110,1200.3,1276.83
3912,2022-08,1111,845.93,911.94
3913,2022-08,1112,931.41,886.5
3914,2022-08,1113,1214.36,1208.65
3915,2022-08,1114,951.42,995.91
3916,2022-08,1115,965.06,1012.99
3917,2022-08,1116,1047.99,1107.2
3918,2022-08,1117,907.65,895.57
3919,2022-08,1118,802.28,794.97
3920,2022-08,1119,1051.63,1031.35
3921,2022-08,1120,68.35,70.69
3922,2022-08,1121,48.6,46.96
3923,2022-08,1122,60.35,64.59
3924,2022-08,1123,50.4,52.52
3925,2022-08,1124,64.81,64.93
3926,2022-08,1125,53.24,55.27
3927,2022-08,1126,44.48,43.77
3928,2022-08,1127,71.14,73.19
3929,2022-08,1128,39.66,40.76
3930,2022-08,1129,51.32,49.53
3931,2022-08,1130,61.85,58.85
3932,2022-08,1131,70.01,66.86
3933,2022-08,1132,55.33,58.29
3934,2022-08,1133,78.86,83.74
3935,2022-08,1134,55.5,58.28
3936,2022-08,1135,55.79,60.22
3937,2022-08,1136,50.32,53.52
3938,2022-08,1137,49.53,51.7
3939,2022-08,1138,58.44,60.58
3940,2022-08,1139,63.03,63.77
3941,2022-08,1140,909.2,913.0
3942,2022-08,1141,593.46,584.87
3943,2022-08,1142,545.07,574.34
3944,2022-08,1143,716.72,688.25
3945,2022-08,1144,567.47,562.97
3946,2022-08,1145,610.77,656.95
3947,2022-08,1146,534.79,509.83
3948,2022-08,1147,604.28,646.31
3949,2022-08,1148,542.65,563.89
3950,2022-08,1149,770.8,772.65
3951,2022-08,1150,606.95,648.42
3952,2022-08,1151,497.0,521.64
3953,2022-08,1152,741.46,796.15
3954,2022-08,1153,521.7,496.98
3955,2022-08,1154,569.98,578.03
3956,2022-08,1155,646.84,663.06
3957,2022-08,1156,495.62,509.85
3958,2022-08,1157,700.12,742.01
3959,2022-08,1158,663.5,688.5
3960,2022-08,1159,557.67,565.73
3961,2022-08,1160,61.05,61.24
3962,2022-08,1161,47.81,45.83
3963,2022-08,1162,54.65,56.12
3964,2022-08,1163,38.87,40.01
3965,2022-08,1164,33.82,32.65
3966,2022-08,1165,46.61,46.41
3967,2022-08,1166,48.69,47.34
3968,2022-08,1167,46.96,48.04
3969,2022-08,1168,44.5,47.76
3970,2022-08,1169,41.79,39.95
3971,2022-08,1170,57.28,56.45
3972,2022-08,1171,40.22,42.52
3973,2022-08,1172,44.73,47.1
3974,2022-08,1173,39.38,39.91
3975,2022-08,1174,40.3,41.74
3976,2022-08,1175,47.27,49.52
3977,2022-08,1176,51.9,52.76
3978,2022-08,1177,38.92,39.08
3979,2022-08,1178,36.86,39.02
3980,2022-08,1179,37.32,39.63
3981,2022-08,1180,116.25,120.05
3982,2022-08,1181,87.99,83.76
3983,2022-08,1182,80.96,83.35
3984,2022-08,1183,56.76,57.64
3985,2022-08,1184,68.25,67.63
3986,2022-08,1185,105.06,106.75
3987,2022-08,1186,101.36,104.1
3988,2022-08,1187,132.33,134.1
3989,2022-08,1188,86.5,88.77
3990,2022-08,1189,93.27,91.87
3991,2022-08,1190,103.51,100.05
3992,2022-08,1191,111.24,112.49
3993,2022-08,1192,107.1,114.2
3994,2022-08,1193,77.49,79.02
3995,2022-08,1194,109.22,117.28
3996,2022-08,1195,100.8,108.8
3997,2022-08,1196,71.52,77.09
3998,2022-08,1197,81.69,82.98
3999,2022-08,1198,108.64,107.32
4000,2022-08,1199,80.99,82.61
4001,2022-09,1000,587.77,572.89
4002,2022-09,1001,541.26,570.15
4003,2022-09,1002,547.29,565.21
4004,2022-09,1003,806.19,772.97
4005,2022-09,1004,551.9,538.27
4006,2022-09,1005,562.75,586.8
4007,2022-09,1006,633.09,666.23
4008,2022-09,1007,611.65,659.66
4009,2022-09,1008,601.92,639.95
4010,2022-09,1009,620.04,606.59
4011,2022-09,1010,808.33,809.5
4012,2022-09,1011,632.39,674.25
4013,2022-09,1012,676.54,678.49
4014,2022-09,1013,712.06,762.23
4015,2022-09,1014,925.47,977.98
4016,2022-09,1015,657.84,661.66
4017,2022-09,1016,823.91,796.7
4018,2022-09,1017,749.51,775.31
4019,2022-09,1018,741.63,711.76
4020,2022-09,1019,665.87,684.79
4021,2022-09,1020,451.77,459.5
4022,2022-09,1021,545.09,561.57
4023,2022-09,1022,498.7,491.57
4024,2022-09,1023,538.01,534.25
4025,2022-09,1024,376.63,358.89
4026,2022-09,1025,673.12,645.87
4027,2022-09,1026,484.89,503.53
4028,2022-09,1027,353.83,340.46
4029,2022-09,1028,368.94,365.37
4030,2022-09,1029,426.52,415.34
4031,2022-09,1030,484.13,482.97
4032,2022-09,1031,452.38,450.82
4033,2022-09,1032,417.78,433.13
4034,2022-09,1033,518.28,511.44
4035,2022-09,1034,483.82,471.76
4036,2022-09,1035,478.02,505.14
4037,2022-09,1036,461.13,478.47
4038,2022-09,1037,509.65,495.07
4039,2022-09,1038,447.57,447.68
4040,2022-09,1039,573.95,563.64
4041,2022-09,1040,232.08,237.46
4042,2022-09,1041,260.95,254.5
4043,2022-09,1042,317.63,302.11
4044,2022-09,1043,267.52,288.34
4045,2022-09,1044,316.41,314.11
4046,2022-09,1045,316.75,315.65
4047,2022-09,1046,392.39,379.16
4048,2022-09,1047,356.56,370.54
4049,2022-09,1048,417.13,420.68
4050,2022-09,1049,293.9,314.59
4051,2022-09,1050,385.83,414.05
4052,2022-09,1051,321.58,338.34
4053,2022-09,1052,268.58,276.39
4054,2022-09,1053,295.91,314.76
4055,2022-09,1054,377.96,360.01
4056,2022-09,1055,322.53,333.65
4057,2022-09,1056,270.94,259.26
4058,2022-09,1057,317.91,331.19
4059,2022-09,1058,410.61,417.87
4060,2022-09,1059,319.6,320.04
4061,2022-09,1060,101.38,103.62
4062,2022-09,1061,64.07,66.44
4063,2022-09,1062,98.55,94.92
4064,2022-09,1063,89.45,90.69
4065,2022-09,1064,109.53,115.31
4066,2022-09,1065,80.64,80.03
4067,2022-09,1066,88.74,89.26
4068,2022-09,1067,109.32,105.81
4069,2022-09,1068,108.64,103.28
4070,2022-09,1069,113.18,112.35
4071,2022-09,1070,77.4,81.14
4072,2022-09,1071,73.27,70.16
4073,2022-09,1072,96.79,96.17
4074,2022-09,1073,106.03,105.76
4075,2022-09,1074,72.85,72.81
4076,2022-09,1075,108.87,106.3
4077,2022-09,1076,76.65,77.43
4078,2022-09,1077,88.67,92.79
4079,2022-09,1078,117.39,116.22
4080,2022-09,1079,98.36,98.38
4081,2022-09,1080,383.61,365.81
4082,2022-09,1081,418.43,449.56
4083,2022-09,1082,597.4,573.44
4084,2022-09,1083,396.49,414.76
4085,2022-09,1084,413.24,404.34
4086,2022-09,1085,455.42,445.65
4087,2022-09,1086,480.23,492.22
4088,2022-09,1087,362.46,390.63
4089,2022-09,1088,566.22,546.92
4090,2022-09,1089,507.39,538.78
4091,2022-09,1090,544.38,522.27
4092,2022-09,1091,463.67,445.18
4093,2022-09,1092,648.51,634.9
4094,2022-09,1093,521.22,559.58
4095,2022-09,1094,508.75,487.41
4096,2022-09,1095,293.48,308.67
4097,2022-09,1096,694.0,721.78
4098,2022-09,1097,395.8,397.71
4099,2022-09,1098,426.51,410.57
4100,2022-09,1099,474.54,468.28
4101,2022-09,1100,926.64,922.85
4102,2022-09,1101,877.23,845.94
4103,2022-09,1102,902.71,918.07
4104,2022-09,1103,1247.25,1322.84
4105,2022-09,1104,711.68,736.23
4106,2022-09,1105,935.5,924.1
4107,2022-09,1106,796.02,854.92
4108,2022-09,1107,963.88,1030.63
4109,2022-09,1108,989.49,1040.66
4110,2022-09,1109,783.87,802.51
4111,2022-09,1110,1226.47,1225.31
4112,2022-09,1111,890.75,877.39
4113,2022-09,1112,920.64,922.37
4114,2022-09,1113,1207.07,1259.02
4115,2022-09,1114,918.5,921.62
4116,2022-09,1115,969.57,926.55
4117,2022-09,1116,1059.1,1090.04
4118,2022-09,1117,900.62,856.4
4119,2022-09,1118,803.34,778.99
4120,2022-09,1119,1027.03,1015.97
4121,2022-09,1120,66.8,70.62
4122,2022-09,1121,49.12,51.21
4123,2022-09,1122,58.83,61.75
4124,2022-09,1123,51.02,50.09
4125,2022-09,1124,65.13,66.83
4126,2022-09,1125,53.26,54.68
4127,2022-09,1126,47.5,50.62
4128,2022-09,1127,69.16,68.06
4129,2022-09,1128,39.16,41.07
4130,2022-09,1129,54.61,56.25
4131,2022-09,1130,63.96,66.83
4132,2022-09,1131,67.49,71.97
4133,2022-09,1132,54.35,57.1
4134,2022-09,1133,79.16,82.83
4135,2022-09,1134,55.84,59.1
4136,2022-09,1135,53.06,53.15
4137,2022-09,1136,49.97,49.11
4138,2022-09,1137,46.8,48.95
4139,2022-09,1138,57.14,55.6
4140,2022-09,1139,61.61,63.43
4141,2022-09,1140,935.66,961.52
4142,2022-09,1141,579.99,617.97
4143,2022-09,1142,559.68,562.69
4144,2022-09,1143,714.32,743.45
4145,2022-09,1144,551.32,567.73
4146,2022-09,1145,618.03,649.12
4147,2022-09,1146,505.27,484.91
4148,2022-09,1147,589.82,627.65
4149,2022-09,1148,532.41,525.05
4150,2022-09,1149,738.65,744.99
4151,2022-09,1150,613.26,603.73
4152,2022-09,1151,472.34,453.4
4153,2022-09,1152,730.57,720.54
4154,2022-09,1153,552.67,534.02
4155,2022-09,1154,580.54,594.93
4156,2022-09,1155,627.81,624.14
4157,2022-09,1156,501.76,528.61
4158,2022-09,1157,713.03,749.44
4159,2022-09,1158,708.83,735.7
4160,2022-09,1159,565.31,548.02
4161,2022-09,1160,57.59,54.89
4162,2022-09,1161,46.83,45.0
4163,2022-09,1162,54.23,55.64
4164,2022-09,1163,39.29,39.16
4165,2022-09,1164,34.04,35.03
4166,2022-09,1165,47.66,46.97
4167,2022-09,1166,49.96,47.95
4168,2022-09,1167,48.24,51.48
4169,2022-09,1168,45.54,46.65
4170,2022-09,1169,41.24,42.26
4171,2022-09,1170,56.38,54.04
4172,2022-09,1171,41.17,44.07
4173,2022-09,1172,46.15,46.96
4174,2022-09,1173,37.93,37.38
4175,2022-09,1174,41.15,42.07
4176,2022-09,1175,50.71,51.17
4177,2022-09,1176,53.98,55.44
4178,2022-09,1177,40.09,38.98
4179,2022-09,1178,38.45,38.39
4180,2022-09,1179,37.15,35.93
4181,2022-09,1180,128.98,137.7
4182,2022-09,1181,88.24,93.77
4183,2022-09,1182,84.78,89.35
4184,2022-09,1183,55.73,53.32
4185,2022-09,1184,70.67,72.51
4186,2022-09,1185,112.58,109.53
4187,2022-09,1186,101.53,104.27
4188,2022-09,1187,126.46,122.31
4189,2022-09,1188,86.26,91.78
4190,2022-09,1189,101.66,108.32
4191,2022-09,1190,94.9,97.55
4192,2022-09,1191,114.31,113.81
4193,2022-09,1192,114.31,117.28
4194,2022-09,1193,77.7,76.85
4195,2022-09,1194,108.26,113.21
4196,2022-09,1195,101.23,99.57
4197,2022-09,1196,72.12,76.27
4198,2022-09,1197,82.2,78.45
4199,2022-09,1198,101.93,99.66
4200,2022-09,1199,84.27,81.5
4201,2022-10,1000,573.74,559.76
4202,2022-10,1001,546.09,563.02
4203,2022-10,1002,539.42,546.8
4204,2022-10,1003,809.34,869.17
4205,2022-10,1004,556.16,590.34
4206,2022-10,1005,558.87,589.39
4207,2022-10,1006,620.16,639.54
4208,2022-10,1007,601.67,635.17
4209,2022-10,1008,607.24,612.13
4210,2022-10,1009,624.42,671.93
4211,2022-10,1010,775.33,817.04
4212,2022-10,1011,656.69,626.53
4213,2022-10,1012,672.94,717.99
4214,2022-10,1013,688.88,698.1
4215,2022-10,1014,906.81,976.2
4216,2022-10,1015,655.95,653.85
4217,2022-10,1016,793.42,783.09
4218,2022-10,1017,725.92,728.66
4219,2022-10,1018,716.27,752.18
4220,2022-10,1019,688.96,660.87
4221,2022-10,1020,450.58,473.82
4222,2022-10,1021,508.16,487.88
4223,2022-10,1022,494.64,506.69
4224,2022-10,1023,513.29,488.19
4225,2022-10,1024,411.93,443.48
4226,2022-10,1025,624.78,669.41
4227,2022-10,1026,498.87,481.16
4228,2022-10,1027,358.79,356.39
4229,2022-10,1028,370.19,360.43
4230,2022-10,1029,422.38,450.33
4231,2022-10,1030,500.26,507.59
4232,2022-10,1031,471.3,488.41
4233,2022-10,1032,441.79,428.15
4234,2022-10,1033,515.1,544.5
4235,2022-10,1034,503.18,494.81
4236,2022-10,1035,447.31,475.18
4237,2022-10,1036,463.7,471.35
4238,2022-10,1037,503.34,529.74
4239,2022-10,1038,454.99,444.95
4240,2022-10,1039,597.74,641.66
4241,2022-10,1040,237.17,245.94
4242,2022-10,1041,254.66,273.16
4243,2022-10,1042,305.29,300.78
4244,2022-10,1043,280.87,291.45
4245,2022-10,1044,315.55,307.56
4246,2022-10,1045,342.11,334.87
4247,2022-10,1046,375.7,399.03
4248,2022-10,1047,346.72,371.21
4249,2022-10,1048,417.36,399.9
4250,2022-10,1049,291.54,303.27
4251,2022-10,1050,380.26,374.48
4252,2022-10,1051,322.3,340.67
4253,2022-10,1052,278.0,280.09
4254,2022-10,1053,290.36,283.72
4255,2022-10,1054,368.15,350.67
4256,2022-10,1055,298.92,320.52
4257,2022-10,1056,267.2,259.52
4258,2022-10,1057,322.45,325.44
4259,2022-10,1058,390.75,390.33
4260,2022-10,1059,329.6,339.83
4261,2022-10,1060,99.87,107.44
4262,2022-10,1061,63.28,68.27
4263,2022-10,1062,100.67,99.38
4264,2022-10,1063,89.53,94.3
4265,2022-10,1064,113.24,116.37
4266,2022-10,1065,83.52,86.08
4267,2022-10,1066,89.37,93.55
4268,2022-10,1067,108.38,107.52
4269,2022-10,1068,103.38,100.27
4270,2022-10,1069,117.15,118.76
4271,2022-10,1070,77.56,81.66
4272,2022-10,1071,70.7,69.29
4273,2022-10,1072,92.64,98.79
4274,2022-10,1073,102.25,109.83
4275,2022-10,1074,69.37,69.3
4276,2022-10,1075,109.22,107.73
4277,2022-10,1076,74.86,79.54
4278,2022-10,1077,86.34,82.29
4279,2022-10,1078,124.5,127.86
4280,2022-10,1079,100.65,98.47
4281,2022-10,1080,369.31,386.24
4282,2022-10,1081,403.67,386.67
4283,2022-10,1082,643.29,663.1
4284,2022-10,1083,378.2,400.15
4285,2022-10,1084,425.39,419.12
4286,2022-10,1085,447.08,431.07
4287,2022-10,1086,486.57,502.58
4288,2022-10,1087,349.4,347.31
4289,2022-10,1088,588.44,586.34
4290,2022-10,1089,480.65,514.58
4291,2022-10,1090,529.06,538.72
4292,2022-10,1091,443.11,472.57
4293,2022-10,1092,618.08,612.62
4294,2022-10,1093,556.92,579.64
4295,2022-10,1094,528.28,543.57
4296,2022-10,1095,312.82,333.85
4297,2022-10,1096,665.12,690.21
4298,2022-10,1097,403.05,387.73
4299,2022-10,1098,452.79,444.66
4300,2022-10,1099,466.3,495.78
4301,2022-10,1100,957.6,990.59
4302,2022-10,1101,854.65,848.74
4303,2022-10,1102,909.2,921.32
4304,2022-10,1103,1275.59,1273.93
4305,2022-10,1104,701.89,739.0
4306,2022-10,1105,887.06,911.88
4307,2022-10,1106,770.41,828.23
4308,2022-10,1107,1023.14,995.91
4309,2022-10,1108,1012.6,1003.6
4310,2022-10,1109,782.85,744.53
4311,2022-10,1110,1210.19,1305.68
4312,2022-10,1111,832.08,885.18
4313,2022-10,1112,922.67,944.93
4314,2022-10,1113,1139.38,1097.5
4315,2022-10,1114,937.05,903.28
4316,2022-10,1115,936.42,912.38
4317,2022-10,1116,1060.87,1142.0
4318,2022-10,1117,871.0,919.7
4319,2022-10,1118,794.07,788.68
4320,2022-10,1119,1062.49,1066.24
4321,2022-10,1120,67.32,72.49
4322,2022-10,1121,48.06,51.46
4323,2022-10,1122,58.65,56.42
4324,2022-10,1123,52.43,49.87
4325,2022-10,1124,65.0,62.18
4326,2022-10,1125,56.5,56.41
4327,2022-10,1126,45.77,45.46
4328,2022-10,1127,72.29,77.38
4329,2022-10,1128,38.78,39.48
4330,2022-10,1129,52.95,56.2
4331,2022-10,1130,63.07,61.85
4332,2022-10,1131,71.8,71.58
4333,2022-10,1132,53.89,52.51
4334,2022-10,1133,77.31,78.37
4335,2022-10,1134,55.2,52.86
4336,2022-10,1135,53.94,56.35
4337,2022-10,1136,50.07,52.53
4338,2022-10,1137,51.61,50.48
4339,2022-10,1138,57.51,55.04
4340,2022-10,1139,64.31,62.65
4341,2022-10,1140,848.34,849.06
4342,2022-10,1141,573.56,554.86
4343,2022-10,1142,546.15,564.89
4344,2022-10,1143,729.75,719.64
4345,2022-10,1144,561.81,589.52
4346,2022-10,1145,623.99,616.83
4347,2022-10,1146,492.61,484.24
4348,2022-10,1147,629.64,639.41
4349,2022-10,1148,523.0,509.86
4350,2022-10,1149,772.18,769.5
4351,2022-10,1150,617.96,604.43
4352,2022-10,1151,489.89,526.43
4353,2022-10,1152,718.01,730.17
4354,2022-10,1153,503.62,518.71
4355,2022-10,1154,578.01,571.32
4356,2022-10,1155,652.97,633.86
4357,2022-10,1156,495.29,509.92
4358,2022-10,1157,696.44,749.31
4359,2022-10,1158,690.44,724.02
4360,2022-10,1159,584.96,628.76
4361,2022-10,1160,59.59,57.64
4362,2022-10,1161,47.47,48.95
4363,2022-10,1162,54.16,57.21
4364,2022-10,1163,41.31,39.66
4365,2022-10,1164,30.78,33.11
4366,2022-10,1165,50.55,53.22
4367,2022-10,1166,50.18,51.4
4368,2022-10,1167,45.23,47.65
4369,2022-10,1168,44.64,47.52
4370,2022-10,1169,40.69,42.87
4371,2022-10,1170,57.36,57.68
4372,2022-10,1171,39.71,41.06
4373,2022-10,1172,42.45,45.37
4374,2022-10,1173,39.35,40.41
4375,2022-10,1174,42.29,43.94
4376,2022-10,1175,48.66,52.48
4377,2022-10,1176,52.72,51.31
4378,2022-10,1177,40.08,40.57
4379,2022-10,1178,38.24,39.89
4380,2022-10,1179,38.17,38.31
4381,2022-10,1180,125.67,127.29
4382,2022-10,1181,87.95,88.95
4383,2022-10,1182,85.56,90.45
4384,2022-10,1183,60.47,57.95
4385,2022-10,1184,69.0,68.44
4386,2022-10,1185,108.8,110.89
4387,2022-10,1186,98.84,99.47
4388,2022-10,1187,123.83,119.76
4389,2022-10,1188,78.76,84.13
4390,2022-10,1189,101.73,98.87
4391,2022-10,1190,97.32,96.34
4392,2022-10,1191,111.7,112.81
4393,2022-10,1192,110.5,106.87
4394,2022-10,1193,76.41,81.76
4395,2022-10,1194,111.72,115.53
4396,2022-10,1195,100.52,98.31
4397,2022-10,1196,70.8,71.73
4398,2022-10,1197,78.96,77.6
4399,2022-10,1198,106.88,106.46
4400,2022-10,1199,80.14,80.91
4401,2022-11,1000,556.46,541.38
4402,2022-11,1001,551.27,529.04
4403,2022-11,1002,588.43,626.6
4404,2022-11,1003,811.97,845.25
4405,2022-11,1004,578.94,624.64
4406,2022-11,1005,568.97,613.92
4407,2022-11,1006,662.98,691.34
4408,2022-11,1007,644.9,671.83
4409,2022-11,1008,578.68,571.63
4410,2022-11,1009,636.94,659.56
4411,2022-11,1010,741.29,750.76
4412,2022-11,1011,682.3,735.54
4413,2022-11,1012,705.56,700.62
4414,2022-11,1013,663.93,715.87
4415,2022-11,1014,958.25,921.43
4416,2022-11,1015,659.23,648.97
4417,2022-11,1016,805.37,778.5
4418,2022-11,1017,757.68,753.43
4419,2022-11,1018,765.68,759.11
4420,2022-11,1019,674.21,697.63
4421,2022-11,1020,465.01,484.53
4422,2022-11,1021,518.26,512.34
4423,2022-11,1022,503.69,543.18
4424,2022-11,1023,527.56,540.37
4425,2022-11,1024,403.52,413.77
4426,2022-11,1025,623.49,605.76
4427,2022-11,1026,515.02,529.13
4428,2022-11,1027,357.25,374.05
4429,2022-11,1028,379.75,389.03
4430,2022-11,1029,429.47,453.8
4431,2022-11,1030,484.97,505.63
4432,2022-11,1031,438.07,421.94
4433,2022-11,1032,426.14,428.59
4434,2022-11,1033,500.57,478.45
4435,2022-11,1034,465.2,468.62
4436,2022-11,1035,473.87,488.54
4437,2022-11,1036,468.63,492.86
4438,2022-11,1037,500.7,479.85
4439,2022-11,1038,453.3,431.83
4440,2022-11,1039,589.04,628.57
4441,2022-11,1040,236.16,228.71
4442,2022-11,1041,241.55,230.76
4443,2022-11,1042,318.54,306.93
4444,2022-11,1043,280.64,275.72
4445,2022-11,1044,319.66,316.61
4446,2022-11,1045,317.95,325.76
4447,2022-11,1046,399.93,410.33
4448,2022-11,1047,358.36,367.58
4449,2022-11,1048,407.45,417.71
4450,2022-11,1049,285.19,293.4
4451,2022-11,1050,378.09,370.76
4452,2022-11,1051,327.46,326.79
4453,2022-11,1052,249.94,269.19
4454,2022-11,1053,289.66,307.5
4455,2022-11,1054,390.35,379.6
4456,2022-11,1055,314.9,305.4
4457,2022-11,1056,258.16,271.26
4458,2022-11,1057,313.13,301.49
4459,2022-11,1058,385.49,403.75
4460,2022-11,1059,312.52,301.8
4461,2022-11,1060,99.63,98.97
4462,2022-11,1061,65.2,66.28
4463,2022-11,1062,97.01,102.5
4464,2022-11,1063,90.5,92.59
4465,2022-11,1064,108.75,108.08
4466,2022-11,1065,83.67,82.51
4467,2022-11,1066,89.08,89.59
4468,2022-11,1067,104.48,109.42
4469,2022-11,1068,106.38,102.01
4470,2022-11,1069,115.75,122.98
4471,2022-11,1070,74.93,75.77
4472,2022-11,1071,72.16,75.63
4473,2022-11,1072,93.9,96.66
4474,2022-11,1073,102.82,109.68
4475,2022-11,1074,71.01,74.73
4476,2022-11,1075,109.17,106.38
4477,2022-11,1076,72.96,75.49
4478,2022-11,1077,88.98,84.91
4479,2022-11,1078,119.21,127.41
4480,2022-11,1079,100.79,99.04
4481,2022-11,1080,403.6,385.74
4482,2022-11,1081,418.51,419.85
4483,2022-11,1082,588.06,581.23
4484,2022-11,1083,384.97,408.85
4485,2022-11,1084,394.03,379.81
4486,2022-11,1085,451.89,432.51
4487,2022-11,1086,515.11,504.31
4488,2022-11,1087,356.17,365.95
4489,2022-11,1088,567.37,552.82
4490,2022-11,1089,507.2,532.1
4491,2022-11,1090,511.21,540.06
4492,2022-11,1091,467.63,503.37
4493,2022-11,1092,647.53,684.97
4494,2022-11,1093,540.56,541.06
4495,2022-11,1094,516.58,503.51
4496,2022-11,1095,308.42,306.69
4497,2022-11,1096,665.14,694.28
4498,2022-11,1097,410.75,409.64
4499,2022-11,1098,437.75,428.39
4500,2022-11,1099,459.97,447.58
4501,2022-11,1100,914.04,978.36
4502,2022-11,1101,903.93,879.09
4503,2022-11,1102,861.19,913.56
4504,2022-11,1103,1296.42,1374.72
4505,2022-11,1104,693.24,709.14
4506,2022-11,1105,940.58,974.4
4507,2022-11,1106,781.78,796.09
4508,2022-11,1107,1013.12,1019.55
4509,2022-11,1108,962.14,930.8
4510,2022-11,1109,786.31,848.16
4511,2022-11,1110,1126.36,1070.18
4512,2022-11,1111,880.36,924.14
4513,2022-11,1112,947.77,1009.1
4514,2022-11,1113,1158.07,1241.1
4515,2022-11,1114,950.66,928.3
4516,2022-11,1115,1030.05,1029.4
4517,2022-11,1116,988.49,1016.9
4518,2022-11,1117,877.6,926.31
4519,2022-11,1118,807.97,871.74
4520,2022-11,1119,1037.17,1037.68
4521,2022-11,1120,66.5,67.39
4522,2022-11,1121,50.5,51.77
4523,2022-11,1122,59.46,58.87
4524,2022-11,1123,55.29,55.54
4525,2022-11,1124,62.12,65.82
4526,2022-11,1125,55.56,59.43
4527,2022-11,1126,45.4,45.63
4528,2022-11,1127,69.88,73.61
4529,2022-11,1128,37.91,40.73
4530,2022-11,1129,51.44,54.4
4531,2022-11,1130,61.49,65.86
4532,2022-11,1131,68.07,67.1
4533,2022-11,1132,55.75,57.2
4534,2022-11,1133,77.45,76.13
4535,2022-11,1134,56.8,60.69
4536,2022-11,1135,54.28,55.02
4537,2022-11,1136,51.73,51.76
4538,2022-11,1137,47.22,45.77
4539,2022-11,1138,59.87,63.46
4540,2022-11,1139,62.84,67.41
4541,2022-11,1140,942.11,925.12
4542,2022-11,1141,549.87,525.83
4543,2022-11,1142,588.45,596.72
4544,2022-11,1143,698.2,664.33
4545,2022-11,1144,560.04,545.99
4546,2022-11,1145,627.32,611.26
4547,2022-11,1146,525.34,541.55
4548,2022-11,1147,585.77,605.74
4549,2022-11,1148,525.14,524.0
4550,2022-11,1149,753.33,807.96
4551,2022-11,1150,630.88,626.22
4552,2022-11,1151,458.84,445.92
4553,2022-11,1152,722.65,745.79
4554,2022-11,1153,535.39,552.2
4555,2022-11,1154,596.54,637.66
4556,2022-11,1155,602.56,634.61
4557,2022-11,1156,486.61,477.5
4558,2022-11,1157,704.36,739.34
4559,2022-11,1158,677.39,690.11
4560,2022-11,1159,543.92,578.42
4561,2022-11,1160,58.71,57.48
4562,2022-11,1161,48.9,52.36
4563,2022-11,1162,55.53,58.85
4564,2022-11,1163,38.86,41.69
4565,2022-11,1164,33.24,32.38
4566,2022-11,1165,48.35,50.45
4567,2022-11,1166,49.21,47.5
4568,2022-11,1167,44.66,48.07
4569,2022-11,1168,43.88,43.6
4570,2022-11,1169,42.38,45.37
4571,2022-11,1170,58.58,57.11
4572,2022-11,1171,39.01,39.15
4573,2022-11,1172,45.07,44.3
4574,2022-11,1173,40.35,41.27
4575,2022-11,1174,40.3,40.09
4576,2022-11,1175,49.87,51.25
4577,2022-11,1176,53.18,54.86
4578,2022-11,1177,39.17,37.63
4579,2022-11,1178,38.91,40.64
4580,2022-11,1179,35.63,37.09
4581,2022-11,1180,126.71,132.23
4582,2022-11,1181,87.74,90.89
4583,2022-11,1182,83.31,86.03
4584,2022-11,1183,58.65,60.45
4585,2022-11,1184,71.09,75.16
4586,2022-11,1185,105.86,104.9
4587,2022-11,1186,104.12,106.27
4588,2022-11,1187,129.2,123.77
4589,2022-11,1188,82.63,86.99
4590,2022-11,1189,94.96,92.29
4591,2022-11,1190,95.47,96.21
4592,2022-11,1191,115.35,112.68
4593,2022-11,1192,112.74,113.57
4594,2022-11,1193,76.31,73.51
4595,2022-11,1194,101.77,105.36
4596,2022-11,1195,106.02,100.83
4597,2022-11,1196,72.81,77.45
4598,2022-11,1197,81.31,78.34
4599,2022-11,1198,102.39,100.25
4600,2022-11,1199,81.7,79.89
4601,2022-12,1000,568.5,561.18
4602,2022-12,1001,550.23,584.23
4603,2022-12,1002,575.1,560.89
4604,2022-12,1003,799.42,768.1
4605,2022-12,1004,546.02,555.99
4606,2022-12,1005,574.13,617.74
4607,2022-12,1006,609.14,612.59
4608,2022-12,1007,628.05,600.68
4609,2022-12,1008,593.58,591.66
4610,2022-12,1009,637.11,680.52
4611,2022-12,1010,789.26,827.6
4612,2022-12,1011,660.35,655.26
4613,2022-12,1012,672.27,715.02
4614,2022-12,1013,661.92,654.53
4615,2022-12,1014,950.21,969.39
4616,2022-12,1015,682.75,655.11
4617,2022-12,1016,781.7,768.63
4618,2022-12,1017,723.77,756.88
4619,2022-12,1018,726.43,732.2
4620,2022-12,1019,665.69,672.95
4621,2022-12,1020,429.61,446.9
4622,2022-12,1021,563.98,543.63
4623,2022-12,1022,513.2,542.47
4624,2022-12,1023,515.13,524.69
4625,2022-12,1024,410.25,429.25
4626,2022-12,1025,609.42,604.71
4627,2022-12,1026,493.97,489.07
4628,2022-12,1027,367.44,368.29
4629,2022-12,1028,379.29,367.99
4630,2022-12,1029,430.21,437.88
4631,2022-12,1030,488.73,498.05
4632,2022-12,1031,465.78,469.02
4633,2022-12,1032,419.33,403.5
4634,2022-12,1033,518.26,540.32
4635,2022-12,1034,482.58,464.98
4636,2022-12,1035,449.4,429.64
4637,2022-12,1036,460.3,471.35
4638,2022-12,1037,510.1,492.64
4639,2022-12,1038,452.74,453.47
4640,2022-12,1039,587.53,621.6
4641,2022-12,1040,234.19,249.89
4642,2022-12,1041,249.34,239.47
4643,2022-12,1042,333.18,332.18
4644,2022-12,1043,288.84,294.95
4645,2022-12,1044,318.95,330.76
4646,2022-12,1045,312.55,333.71
4647,2022-12,1046,398.71,424.85
4648,2022-12,1047,354.73,362.41
4649,2022-12,1048,418.45,422.6
4650,2022-12,1049,278.22,271.06
4651,2022-12,1050,361.87,353.08
4652,2022-12,1051,322.8,315.3
4653,2022-12,1052,278.4,290.68
4654,2022-12,1053,295.12,304.44
4655,2022-12,1054,391.61,382.43
4656,2022-12,1055,310.42,322.13
4657,2022-12,1056,263.0,272.02
4658,2022-12,1057,308.75,314.99
4659,2022-12,1058,394.47,391.98
4660,2022-12,1059,315.81,334.77
4661,2022-12,1060,98.72,104.92
4662,2022-12,1061,66.56,64.67
4663,2022-12,1062,105.07,100.48
4664,2022-12,1063,90.04,95.66
4665,2022-12,1064,113.16,113.22
4666,2022-12,1065,83.18,81.14
4667,2022-12,1066,87.8,88.22
4668,2022-12,1067,109.83,107.01
4669,2022-12,1068,105.85,108.93
4670,2022-12,1069,112.3,112.51
4671,2022-12,1070,78.11,76.72
4672,2022-12,1071,68.36,67.08
4673,2022-12,1072,94.23,99.4
4674,2022-12,1073,99.03,98.19
4675,2022-12,1074,65.82,62.67
4676,2022-12,1075,109.87,116.91
4677,2022-12,1076,74.08,75.44
4678,2022-12,1077,91.43,96.54
4679,2022-12,1078,113.25,112.65
4680,2022-12,1079,100.33,100.66
4681,2022-12,1080,377.38,394.6
4682,2022-12,1081,418.04,400.43
4683,2022-12,1082,601.05,573.7
4684,2022-12,1083,370.79,376.53
4685,2022-12,1084,395.61,383.06
4686,2022-12,1085,464.13,456.82
4687,2022-12,1086,495.27,528.59
4688,2022-12,1087,350.73,348.73
4689,2022-12,1088,595.43,623.8
4690,2022-12,1089,486.66,490.97
4691,2022-12,1090,545.67,539.21
4692,2022-12,1091,472.4,488.25
4693,2022-12,1092,667.26,674.15
4694,2022-12,1093,525.66,536.76
4695,2022-12,1094,515.44,523.56
4696,2022-12,1095,287.23,304.13
4697,2022-12,1096,647.78,623.52
4698,2022-12,1097,400.07,396.69
4699,2022-12,1098,433.51,428.98
4700,2022-12,1099,498.3,528.92
4701,2022-12,1100,963.21,986.21
4702,2022-12,1101,904.76,975.49
4703,2022-12,1102,923.91,949.67
4704,2022-12,1103,1299.26,1341.02
4705,2022-12,1104,716.48,750.69
4706,2022-12,1105,915.25,972.37
4707,2022-12,1106,816.3,804.53
4708,2022-12,1107,998.1,966.81
4709,2022-12,1108,948.89,929.6
4710,2022-12,1109,804.99,778.47
4711,2022-12,1110,1162.97,1119.59
4712,2022-12,1111,858.86,909.98
4713,2022-12,1112,931.81,926.43
4714,2022-12,1113,1203.34,1276.27
4715,2022-12,1114,921.38,896.88
4716,2022-12,1115,980.63,982.49
4717,2022-12,1116,998.51,1061.74
4718,2022-12,1117,895.52,893.45
4719,2022-12,1118,753.61,762.73
4720,2022-12,1119,1115.62,1136.03
4721,2022-12,1120,70.43,68.2
4722,2022-12,1121,47.9,48.42
4723,2022-12,1122,57.9,57.21
4724,2022-12,1123,51.04,49.88
4725,2022-12,1124,65.57,67.25
4726,2022-12,1125,56.21,58.53
4727,2022-12,1126,45.4,47.08
4728,2022-12,1127,65.99,69.38
4729,2022-12,1128,39.45,42.49
4730,2022-12,1129,54.09,55.28
4731,2022-12,1130,58.37,57.34
4732,2022-12,1131,68.94,71.46
4733,2022-12,1132,53.74,55.31
4734,2022-12,1133,76.68,73.86
4735,2022-12,1134,56.87,56.17
4736,2022-12,1135,56.01,53.81
4737,2022-12,1136,49.73,50.77
4738,2022-12,1137,49.36,48.72
4739,2022-12,1138,58.98,57.51
4740,2022-12,1139,63.54,62.61
4741,2022-12,1140,913.13,962.45
4742,2022-12,1141,564.13,551.47
4743,2022-12,1142,553.76,567.9
4744,2022-12,1143,730.85,703.04
4745,2022-12,1144,575.69,594.68
4746,2022-12,1145,600.1,575.59
4747,2022-12,1146,525.7,536.11
4748,2022-12,1147,616.1,618.2
4749,2022-12,1148,536.5,572.45
4750,2022-12,1149,769.67,813.69
4751,2022-12,1150,602.59,636.8
4752,2022-12,1151,479.47,515.78
4753,2022-12,1152,701.26,714.47
4754,2022-12,1153,559.95,588.46
4755,2022-12,1154,572.58,547.51
4756,2022-12,1155,606.37,625.0
4757,2022-12,1156,476.77,514.29
4758,2022-12,1157,693.64,739.44
4759,2022-12,1158,682.51,659.98
4760,2022-12,1159,588.51,613.43
4761,2022-12,1160,58.23,57.92
4762,2022-12,1161,47.58,48.46
4763,2022-12,1162,56.53,59.99
4764,2022-12,1163,40.86,39.84
4765,2022-12,1164,33.58,33.74
4766,2022-12,1165,51.04,55.07
4767,2022-12,1166,48.49,46.24
4768,2022-12,1167,47.08,46.67
4769,2022-12,1168,44.29,46.17
4770,2022-12,1169,42.56,41.07
4771,2022-12,1170,60.31,64.71
4772,2022-12,1171,39.86,40.58
4773,2022-12,1172,45.98,43.96
4774,2022-12,1173,38.84,39.34
4775,2022-12,1174,38.44,40.61
4776,2022-12,1175,48.75,47.89
4777,2022-12,1176,50.88,49.96
4778,2022-12,1177,39.08,41.67
4779,2022-12,1178,38.28,37.22
4780,2022-12,1179,36.34,37.19
4781,2022-12,1180,126.75,122.46
4782,2022-12,1181,86.95,90.71
4783,2022-12,1182,89.32,89.27
4784,2022-12,1183,56.35,54.55
4785,2022-12,1184,68.19,72.35
4786,2022-12,1185,106.13,108.93
4787,2022-12,1186,101.89,98.88
4788,2022-12,1187,130.65,130.57
4789,2022-12,1188,84.67,90.13
4790,2022-12,1189,96.21,97.45
4791,2022-12,1190,98.34,105.32
4792,2022-12,1191,114.78,122.87
4793,2022-12,1192,112.01,115.82
4794,2022-12,1193,78.57,80.0
4795,2022-12,1194,103.9,108.35
4796,2022-12,1195,107.17,105.47
4797,2022-12,1196,71.63,76.26
4798,2022-12,1197,79.78,81.4
4799,2022-12,1198,97.67,99.86
4800,2022-12,1199,81.04,82.53
4801,2023-01,1000,547.42,540.68
4802,2023-01,1001,556.87,546.75
4803,2023-01,1002,565.09,574.97
4804,2023-01,1003,815.13,833.99
4805,2023-01,1004,562.43,535.25
4806,2023-01,1005,579.52,581.19
4807,2023-01,1006,643.95,643.6
4808,2023-01,1007,646.7,637.64
4809,2023-01,1008,583.35,569.64
4810,2023-01,1009,664.2,711.83
4811,2023-01,1010,828.0,868.7
4812,2023-01,1011,677.67,648.74
4813,2023-01,1012,715.33,730.77
4814,2023-01,1013,714.31,717.61
4815,2023-01,1014,972.95,960.73
4816,2023-01,1015,694.98,673.77
4817,2023-01,1016,809.18,777.56
4818,2023-01,1017,757.44,763.27
4819,2023-01,1018,751.65,802.1
4820,2023-01,1019,717.59,718.09
4821,2023-01,1020,451.68,436.94
4822,2023-01,1021,536.83,556.68
4823,2023-01,1022,504.54,499.77
4824,2023-01,1023,522.25,557.51
4825,2023-01,1024,411.08,410.57
4826,2023-01,1025,603.21,603.07
4827,2023-01,1026,494.16,509.92
4828,2023-01,1027,372.72,390.13
4829,2023-01,1028,397.1,422.01
4830,2023-01,1029,449.99,457.1
4831,2023-01,1030,511.23,534.58
4832,2023-01,1031,465.28,464.08
4833,2023-01,1032,452.14,437.84
4834,2023-01,1033,536.61,530.48
4835,2023-01,1034,500.08,484.38
4836,2023-01,1035,495.35,526.74
4837,2023-01,1036,503.61,498.73
4838,2023-01,1037,523.95,552.2
4839,2023-01,1038,465.08,492.81
4840,2023-01,1039,592.26,595.64
4841,2023-01,1040,247.78,266.59
4842,2023-01,1041,255.24,257.91
4843,2023-01,1042,320.94,339.75
4844,2023-01,1043,288.3,285.08
4845,2023-01,1044,322.11,311.52
4846,2023-01,1045,337.61,343.21
4847,2023-01,1046,395.19,411.75
4848,2023-01,1047,358.88,382.38
4849,2023-01,1048,418.56,434.42
4850,2023-01,1049,292.36,292.02
4851,2023-01,1050,387.16,381.06
4852,2023-01,1051,322.02,337.42
4853,2023-01,1052,278.38,295.4
4854,2023-01,1053,294.8,306.39
4855,2023-01,1054,377.93,374.72
4856,2023-01,1055,333.08,329.7
4857,2023-01,1056,265.32,265.09
4858,2023-01,1057,333.44,355.02
4859,2023-01,1058,401.47,389.03
4860,2023-01,1059,335.42,355.29
4861,2023-01,1060,100.82,100.14
4862,2023-01,1061,69.07,67.29
4863,2023-01,1062,100.14,98.3
4864,2023-01,1063,94.73,94.48
4865,2023-01,1064,111.6,111.72
4866,2023-01,1065,85.5,81.49
4867,2023-01,1066,90.82,91.69
4868,2023-01,1067,112.83,111.84
4869,2023-01,1068,111.44,110.3
4870,2023-01,1069,113.28,109.87
4871,2023-01,1070,78.91,78.86
4872,2023-01,1071,72.3,75.35
4873,2023-01,1072,92.22,91.58
4874,2023-01,1073,103.7,111.92
4875,2023-01,1074,71.25,71.12
4876,2023-01,1075,112.19,119.72
4877,2023-01,1076,72.45,73.39
4878,2023-01,1077,89.41,87.23
4879,2023-01,1078,122.45,127.92
4880,2023-01,1079,102.33,107.68
4881,2023-01,1080,417.9,421.48
4882,2023-01,1081,425.53,435.83
4883,2023-01,1082,612.73,592.55
4884,2023-01,1083,405.07,433.16
4885,2023-01,1084,404.01,417.75
4886,2023-01,1085,487.84,471.18
4887,2023-01,1086,516.43,538.49
4888,2023-01,1087,362.81,384.18
4889,2023-01,1088,573.1,595.56
4890,2023-01,1089,506.17,495.86
4891,2023-01,1090,535.02,559.71
4892,2023-01,1091,467.27,496.97
4893,2023-01,1092,667.87,650.03
4894,2023-01,1093,543.52,533.55
4895,2023-01,1094,545.72,520.21
4896,2023-01,1095,307.88,301.83
4897,2023-01,1096,696.44,749.66
4898,2023-01,1097,417.05,441.87
4899,2023-01,1098,480.75,505.22
4900,2023-01,1099,505.11,534.78
4901,2023-01,1100,1003.74,1056.46
4902,2023-01,1101,914.82,951.53
4903,2023-01,1102,887.22,956.41
4904,2023-01,1103,1323.1,1341.15
4905,2023-01,1104,720.49,724.51
4906,2023-01,1105,911.1,945.11
4907,2023-01,1106,817.71,832.45
4908,2023-01,1107,991.8,1010.72
4909,2023-01,1108,1000.84,1045.81
4910,2023-01,1109,795.15,847.23
4911,2023-01,1110,1158.64,1160.53
4912,2023-01,1111,855.98,861.35
4913,2023-01,1112,943.18,986.62
4914,2023-01,1113,1220.01,1274.97
4915,2023-01,1114,966.01,1000.54
4916,2023-01,1115,1059.15,1010.65
4917,2023-01,1116,1094.33,1125.66
4918,2023-01,1117,906.81,952.04
4919,2023-01,1118,814.87,874.45
4920,2023-01,1119,1116.64,1148.99
4921,2023-01,1120,68.64,70.87
4922,2023-01,1121,48.72,50.92
4923,2023-01,1122,61.42,61.01
4924,2023-01,1123,52.64,51.35
4925,2023-01,1124,64.56,68.67
4926,2023-01,1125,57.4,58.49
4927,2023-01,1126,46.3,46.54
4928,2023-01,1127,72.1,75.33
4929,2023-01,1128,38.22,36.73
4930,2023-01,1129,53.11,51.64
4931,2023-01,1130,63.55,65.59
4932,2023-01,1131,73.03,72.64
4933,2023-01,1132,53.96,55.91
4934,2023-01,1133,78.65,79.39
4935,2023-01,1134,58.82,58.44
4936,2023-01,1135,54.81,55.86
4937,2023-01,1136,53.65,53.78
4938,2023-01,1137,50.73,53.54
4939,2023-01,1138,60.64,61.02
4940,2023-01,1139,62.31,61.04
4941,2023-01,1140,915.15,941.53
4942,2023-01,1141,576.31,607.92
4943,2023-01,1142,571.06,563.7
4944,2023-01,1143,736.03,700.81
4945,2023-01,1144,571.2,603.34
4946,2023-01,1145,621.41,614.44
4947,2023-01,1146,556.54,564.32
4948,2023-01,1147,625.27,603.5
4949,2023-01,1148,555.78,566.26
4950,2023-01,1149,754.71,807.96
4951,2023-01,1150,621.92,632.06
4952,2023-01,1151,503.51,478.46
4953,2023-01,1152,762.64,772.32
4954,2023-01,1153,552.98,531.59
4955,2023-01,1154,581.86,594.57
4956,2023-01,1155,622.26,616.3
4957,2023-01,1156,506.31,538.89
4958,2023-01,1157,720.11,765.85
4959,2023-01,1158,687.26,661.9
4960,2023-01,1159,596.96,606.86
4961,2023-01,1160,63.27,67.86
4962,2023-01,1161,47.87,51.44
4963,2023-01,1162,54.71,58.23
4964,2023-01,1163,39.39,41.54
4965,2023-01,1164,33.8,34.77
4966,2023-01,1165,50.18,51.42
4967,2023-01,1166,48.72,49.1
4968,2023-01,1167,47.54,45.27
4969,2023-01,1168,45.23,47.86
4970,2023-01,1169,41.38,41.92
4971,2023-01,1170,60.93,60.81
4972,2023-01,1171,39.74,38.27
4973,2023-01,1172,45.56,46.3
4974,2023-01,1173,40.28,42.45
4975,2023-01,1174,41.35,44.03
4976,2023-01,1175,50.0,50.19
4977,2023-01,1176,51.81,50.54
4978,2023-01,1177,43.31,45.18
4979,2023-01,1178,38.34,38.02
4980,2023-01,1179,39.17,37.48
4981,2023-01,1180,125.4,119.68
4982,2023-01,1181,91.29,95.37
4983,2023-01,1182,87.37,90.52
4984,2023-01,1183,57.49,61.54
4985,2023-01,1184,71.01,73.79
4986,2023-01,1185,109.49,108.45
4987,2023-01,1186,103.34,109.49
4988,2023-01,1187,127.93,132.85
4989,2023-01,1188,88.15,89.86
4990,2023-01,1189,101.26,106.14
4991,2023-01,1190,99.49,96.88
4992,2023-01,1191,114.08,119.51
4993,2023-01,1192,114.35,111.48
4994,2023-01,1193,75.71,76.11
4995,2023-01,1194,109.54,115.64
4996,2023-01,1195,109.9,104.57
4997,2023-01,1196,73.97,74.99
4998,2023-01,1197,79.83,78.56
4999,2023-01,1198,104.74,107.58
5000,2023-01,1199,84.17,90.2
5001,2023-02,1000,584.22,585.61
5002,2023-02,1001,569.51,600.27
5003,2023-02,1002,562.25,576.72
5004,2023-02,1003,838.63,853.7
5005,2023-02,1004,558.06,537.71
5006,2023-02,1005,566.98,611.17
5007,2023-02,1006,649.89,668.69
5008,2023-02,1007,617.01,614.54
5009,2023-02,1008,604.33,640.08
5010,2023-02,1009,667.86,676.13
5011,2023-02,1010,783.12,826.56
5012,2023-02,1011,677.25,663.01
5013,2023-02,1012,700.66,706.83
5014,2023-02,1013,709.45,686.29
5015,2023-02,1014,935.56,979.33
5016,2023-02,1015,662.0,650.63
5017,2023-02,1016,770.99,771.33
5018,2023-02,1017,726.5,691.96
5019,2023-02,1018,768.51,807.36
5020,2023-02,1019,689.91,677.61
5021,2023-02,1020,472.14,467.4
5022,2023-02,1021,572.72,614.09
5023,2023-02,1022,511.04,549.74
5024,2023-02,1023,525.96,552.09
5025,2023-02,1024,397.95,382.19
5026,2023-02,1025,631.07,643.24
5027,2023-02,1026,515.39,490.43
5028,2023-02,1027,356.51,357.17
5029,2023-02,1028,404.63,426.36
5030,2023-02,1029,449.24,430.11
5031,2023-02,1030,510.6,508.27
5032,2023-02,1031,463.4,479.68
5033,2023-02,1032,451.85,468.95
5034,2023-02,1033,510.61,530.21
5035,2023-02,1034,482.37,514.08
5036,2023-02,1035,489.4,488.03
5037,2023-02,1036,474.75,471.59
5038,2023-02,1037,501.09,499.92
5039,2023-02,1038,460.79,452.37
5040,2023-02,1039,583.05,567.97
5041,2023-02,1040,237.23,240.48
5042,2023-02,1041,269.12,266.67
5043,2023-02,1042,339.77,341.01
5044,2023-02,1043,284.09,288.21
5045,2023-02,1044,322.06,317.16
5046,2023-02,1045,335.3,353.45
5047,2023-02,1046,389.89,374.79
5048,2023-02,1047,369.92,392.1
5049,2023-02,1048,404.14,423.9
5050,2023-02,1049,295.89,291.19
5051,2023-02,1050,383.91,370.57
5052,2023-02,1051,335.13,323.01
5053,2023-02,1052,277.07,266.34
5054,2023-02,1053,284.5,278.03
5055,2023-02,1054,370.29,398.06
5056,2023-02,1055,318.67,310.83
5057,2023-02,1056,265.14,270.92
5058,2023-02,1057,348.92,366.54
5059,2023-02,1058,396.1,379.01
5060,2023-02,1059,328.31,319.11
5061,2023-02,1060,103.77,109.24
5062,2023-02,1061,67.02,64.08
5063,2023-02,1062,100.84,106.63
5064,2023-02,1063,93.0,93.08
5065,2023-02,1064,113.29,109.01
5066,2023-02,1065,89.99,85.88
5067,2023-02,1066,90.64,88.23
5068,2023-02,1067,111.64,113.23
5069,2023-02,1068,110.22,109.41
5070,2023-02,1069,120.32,115.41
5071,2023-02,1070,77.15,75.51
5072,2023-02,1071,73.67,73.86
5073,2023-02,1072,92.5,93.9
5074,2023-02,1073,106.42,105.38
5075,2023-02,1074,72.73,72.26
5076,2023-02,1075,112.16,120.65
5077,2023-02,1076,77.36,76.31
5078,2023-02,1077,92.09,98.77
5079,2023-02,1078,124.02,130.82
5080,2023-02,1079,100.1,101.34
5081,2023-02,1080,382.99,399.33
5082,2023-02,1081,439.51,468.65
5083,2023-02,1082,624.87,596.0
5084,2023-02,1083,386.28,378.09
5085,2023-02,1084,407.74,399.21
5086,2023-02,1085,472.68,498.18
5087,2023-02,1086,481.99,483.16
5088,2023-02,1087,350.1,366.39
5089,2023-02,1088,570.7,595.6
5090,2023-02,1089,521.6,547.76
5091,2023-02,1090,558.82,599.2
5092,2023-02,1091,473.92,488.89
5093,2023-02,1092,647.34,650.87
5094,2023-02,1093,553.8,576.58
5095,2023-02,1094,539.0,525.62
5096,2023-02,1095,309.79,300.76
5097,2023-02,1096,687.37,661.35
5098,2023-02,1097,411.68,414.21
5099,2023-02,1098,451.07,445.01
5100,2023-02,1099,491.68,470.3
5101,2023-02,1100,937.02,898.11
5102,2023-02,1101,906.82,889.16
5103,2023-02,1102,880.76,945.59
5104,2023-02,1103,1303.78,1292.59
5105,2023-02,1104,696.77,724.17
5106,2023-02,1105,923.16,902.78
5107,2023-02,1106,780.27,781.18
5108,2023-02,1107,1036.27,1103.17
5109,2023-02,1108,1023.62,984.66
5110,2023-02,1109,819.22,841.61
5111,2023-02,1110,1254.24,1330.36
5112,2023-02,1111,888.6,848.03
5113,2023-02,1112,977.68,1002.52
5114,2023-02,1113,1213.21,1264.0
5115,2023-02,1114,938.56,979.9
5116,2023-02,1115,973.1,1044.1
5117,2023-02,1116,1051.1,1009.42
5118,2023-02,1117,947.24,980.97
5119,2023-02,1118,814.09,822.63
5120,2023-02,1119,1089.13,1049.98
5121,2023-02,1120,69.13,74.35
5122,2023-02,1121,49.43,52.44
5123,2023-02,1122,59.09,57.12
5124,2023-02,1123,51.0,50.0
5125,2023-02,1124,67.71,67.88
5126,2023-02,1125,57.47,56.29
5127,2023-02,1126,45.51,47.4
5128,2023-02,1127,74.4,73.47
5129,2023-02,1128,40.27,41.76
5130,2023-02,1129,53.85,55.69
5131,2023-02,1130,62.65,64.4
5132,2023-02,1131,69.98,72.63
5133,2023-02,1132,56.11,59.77
5134,2023-02,1133,76.87,74.66
5135,2023-02,1134,57.36,60.7
5136,2023-02,1135,52.89,50.96
5137,2023-02,1136,51.61,49.67
5138,2023-02,1137,48.62,52.11
5139,2023-02,1138,59.07,63.05
5140,2023-02,1139,66.2,69.96
5141,2023-02,1140,915.16,881.43
5142,2023-02,1141,583.98,573.34
5143,2023-02,1142,534.06,509.12
5144,2023-02,1143,716.59,719.86
5145,2023-02,1144,550.22,530.68
5146,2023-02,1145,641.91,611.97
5147,2023-02,1146,538.42,521.34
5148,2023-02,1147,628.28,643.98
5149,2023-02,1148,547.78,558.03
5150,2023-02,1149,723.37,705.86
5151,2023-02,1150,626.89,624.93
5152,2023-02,1151,494.43,497.69
5153,2023-02,1152,719.08,751.9
5154,2023-02,1153,536.68,568.71
5155,2023-02,1154,606.01,616.75
5156,2023-02,1155,642.47,643.41
5157,2023-02,1156,481.96,468.91
5158,2023-02,1157,732.82,703.83
5159,2023-02,1158,721.11,725.63
5160,2023-02,1159,606.47,645.55
5161,2023-02,1160,63.63,65.93
5162,2023-02,1161,48.52,47.85
5163,2023-02,1162,53.76,53.74
5164,2023-02,1163,40.61,42.07
5165,2023-02,1164,33.83,33.29
5166,2023-02,1165,50.19,53.87
5167,2023-02,1166,48.56,52.08
5168,2023-02,1167,46.61,45.93
5169,2023-02,1168,45.16,43.73
5170,2023-02,1169,42.95,45.49
5171,2023-02,1170,60.62,64.92
5172,2023-02,1171,39.69,41.15
5173,2023-02,1172,45.6,48.1
5174,2023-02,1173,41.58,42.37
5175,2023-02,1174,42.35,41.51
5176,2023-02,1175,50.38,48.96
5177,2023-02,1176,53.43,56.05
5178,2023-02,1177,40.84,42.68
5179,2023-02,1178,39.63,37.72
5180,2023-02,1179,38.26,38.29
5181,2023-02,1180,130.33,129.71
5182,2023-02,1181,90.44,90.59
5183,2023-02,1182,88.1,85.1
5184,2023-02,1183,56.49,58.46
5185,2023-02,1184,72.61,75.85
5186,2023-02,1185,108.1,110.66
5187,2023-02,1186,105.25,100.45
5188,2023-02,1187,130.35,129.83
5189,2023-02,1188,86.09,91.55
5190,2023-02,1189,100.98,99.32
5191,2023-02,1190,104.99,100.97
5192,2023-02,1191,113.86,116.1
5193,2023-02,1192,112.63,121.25
5194,2023-02,1193,76.95,80.56
5195,2023-02,1194,114.64,112.99
5196,2023-02,1195,101.78,105.72
5197,2023-02,1196,71.9,70.15
5198,2023-02,1197,81.92,84.85
5199,2023-02,1198,110.08,106.23
5200,2023-02,1199,87.29,88.36
5201,2023-03,1000,552.59,570.58
5202,2023-03,1001,555.07,531.55
5203,2023-03,1002,590.44,568.29
5204,2023-03,1003,821.92,823.51
5205,2023-03,1004,572.34,584.77
5206,2023-03,1005,603.01,585.39
5207,2023-03,1006,640.55,685.67
5208,2023-03,1007,642.07,675.49
5209,2023-03,1008,596.53,595.94
5210,2023-03,1009,636.57,640.1
5211,2023-03,1010,807.65,862.52
5212,2023-03,1011,701.43,746.19
5213,2023-03,1012,725.07,718.67
5214,2023-03,1013,704.0,705.31
5215,2023-03,1014,960.98,997.67
5216,2023-03,1015,651.71,672.08
5217,2023-03,1016,815.07,846.43
5218,2023-03,1017,760.8,737.92
5219,2023-03,1018,775.49,835.3
5220,2023-03,1019,684.16,724.26
5221,2023-03,1020,450.06,431.79
5222,2023-03,1021,569.57,591.68
5223,2023-03,1022,503.97,481.22
5224,2023-03,1023,537.76,528.37
5225,2023-03,1024,406.65,401.7
5226,2023-03,1025,636.49,654.25
5227,2023-03,1026,510.41,500.97
5228,2023-03,1027,360.2,381.7
5229,2023-03,1028,377.78,401.5
5230,2023-03,1029,446.09,436.59
5231,2023-03,1030,491.8,496.11
5232,2023-03,1031,459.14,484.69
5233,2023-03,1032,434.12,465.94
5234,2023-03,1033,529.11,556.37
5235,2023-03,1034,467.48,478.76
5236,2023-03,1035,485.62,508.53
5237,2023-03,1036,466.59,464.54
5238,2023-03,1037,498.09,531.46
5239,2023-03,1038,454.24,440.8
5240,2023-03,1039,607.46,643.62
5241,2023-03,1040,247.12,252.25
5242,2023-03,1041,253.16,248.85
5243,2023-03,1042,331.24,330.38
5244,2023-03,1043,290.83,277.82
5245,2023-03,1044,333.51,319.51
5246,2023-03,1045,346.6,329.34
5247,2023-03,1046,393.9,384.6
5248,2023-03,1047,354.97,380.61
5249,2023-03,1048,467.94,478.44
5250,2023-03,1049,297.65,312.1
5251,2023-03,1050,403.1,398.7
5252,2023-03,1051,338.51,355.29
5253,2023-03,1052,275.86,286.98
5254,2023-03,1053,299.98,312.28
5255,2023-03,1054,379.64,404.02
5256,2023-03,1055,312.28,316.8
5257,2023-03,1056,267.8,265.86
5258,2023-03,1057,340.06,342.65
5259,2023-03,1058,392.71,412.81
5260,2023-03,1059,322.79,321.98
5261,2023-03,1060,101.53,98.46
5262,2023-03,1061,63.54,62.55
5263,2023-03,1062,101.9,107.84
5264,2023-03,1063,93.52,92.62
5265,2023-03,1064,113.27,114.2
5266,2023-03,1065,83.85,88.93
5267,2023-03,1066,92.48,97.67
5268,2023-03,1067,108.32,109.44
5269,2023-03,1068,116.4,124.0
5270,2023-03,1069,116.09,112.6
5271,2023-03,1070,75.85,73.06
5272,2023-03,1071,70.9,71.97
5273,2023-03,1072,95.9,93.01
5274,2023-03,1073,103.65,106.62
5275,2023-03,1074,71.9,69.25
5276,2023-03,1075,112.6,118.89
5277,2023-03,1076,75.57,75.22
5278,2023-03,1077,92.2,93.12
5279,2023-03,1078,121.65,123.73
5280,2023-03,1079,101.7,98.82
5281,2023-03,1080,397.47,392.61
5282,2023-03,1081,440.11,463.89
5283,2023-03,1082,593.06,608.39
5284,2023-03,1083,389.83,375.53
5285,2023-03,1084,410.7,427.49
5286,2023-03,1085,464.89,456.33
5287,2023-03,1086,505.37,517.9
5288,2023-03,1087,363.65,346.82
5289,2023-03,1088,618.03,616.49
5290,2023-03,1089,512.84,512.35
5291,2023-03,1090,551.95,539.14
5292,2023-03,1091,468.39,489.22
5293,2023-03,1092,675.68,681.89
5294,2023-03,1093,566.21,573.41
5295,2023-03,1094,540.72,520.58
5296,2023-03,1095,285.96,308.03
5297,2023-03,1096,659.45,705.79
5298,2023-03,1097,410.92,439.1
5299,2023-03,1098,468.45,496.0
5300,2023-03,1099,503.22,516.31
5301,2023-03,1100,960.55,1006.81
5302,2023-03,1101,908.33,944.56
5303,2023-03,1102,907.37,935.01
5304,2023-03,1103,1346.13,1446.46
5305,2023-03,1104,730.61,759.65
5306,2023-03,1105,1012.45,1011.75
5307,2023-03,1106,824.46,882.7
5308,2023-03,1107,1025.01,1100.37
5309,2023-03,1108,991.03,1039.81
5310,2023-03,1109,867.1,832.74
5311,2023-03,1110,1235.41,1325.79
5312,2023-03,1111,850.86,848.21
5313,2023-03,1112,1004.79,993.61
5314,2023-03,1113,1240.62,1283.18
5315,2023-03,1114,937.49,891.36
5316,2023-03,1115,973.49,960.27
5317,2023-03,1116,1061.66,1080.4
5318,2023-03,1117,897.33,920.31
5319,2023-03,1118,838.65,844.39
5320,2023-03,1119,1079.01,1161.78
5321,2023-03,1120,68.99,70.06
5322,2023-03,1121,51.09,50.02
5323,2023-03,1122,58.94,61.15
5324,2023-03,1123,53.49,56.28
5325,2023-03,1124,65.26,63.63
5326,2023-03,1125,58.76,57.3
5327,2023-03,1126,46.76,45.27
5328,2023-03,1127,73.02,70.51
5329,2023-03,1128,37.86,38.57
5330,2023-03,1129,53.23,55.94
5331,2023-03,1130,63.03,65.56
5332,2023-03,1131,69.84,69.73
5333,2023-03,1132,57.47,57.16
5334,2023-03,1133,73.5,71.21
5335,2023-03,1134,59.8,62.16
5336,2023-03,1135,54.24,56.45
5337,2023-03,1136,52.45,49.88
5338,2023-03,1137,49.12,52.5
5339,2023-03,1138,59.06,57.37
5340,2023-03,1139,64.33,66.37
5341,2023-03,1140,925.26,915.47
5342,2023-03,1141,599.69,618.38
5343,2023-03,1142,574.18,606.66
5344,2023-03,1143,721.28,763.8
5345,2023-03,1144,559.96,570.16
5346,2023-03,1145,621.69,603.6
5347,2023-03,1146,545.59,557.77
5348,2023-03,1147,615.98,650.95
5349,2023-03,1148,558.63,532.29
5350,2023-03,1149,774.36,829.55
5351,2023-03,1150,620.2,664.38
5352,2023-03,1151,494.82,516.28
5353,2023-03,1152,796.26,781.3
5354,2023-03,1153,549.69,577.7
5355,2023-03,1154,591.88,580.62
5356,2023-03,1155,633.32,631.11
5357,2023-03,1156,517.07,513.17
5358,2023-03,1157,762.88,732.54
5359,2023-03,1158,722.4,763.23
5360,2023-03,1159,601.97,585.14
5361,2023-03,1160,60.18,60.57
5362,2023-03,1161,47.04,47.53
5363,2023-03,1162,54.66,57.0
5364,2023-03,1163,38.51,40.88
5365,2023-03,1164,34.07,36.72
5366,2023-03,1165,49.59,51.18
5367,2023-03,1166,51.17,50.6
5368,2023-03,1167,46.69,49.11
5369,2023-03,1168,45.21,46.36
5370,2023-03,1169,44.68,46.72
5371,2023-03,1170,57.84,55.1
5372,2023-03,1171,39.77,41.04
5373,2023-03,1172,48.87,47.09
5374,2023-03,1173,42.29,43.65
5375,2023-03,1174,41.27,40.55
5376,2023-03,1175,51.24,49.24
5377,2023-03,1176,53.3,56.75
5378,2023-03,1177,38.66,39.55
5379,2023-03,1178,39.48,40.75
5380,2023-03,1179,39.15,38.07
5381,2023-03,1180,123.43,118.35
5382,2023-03,1181,86.26,85.66
5383,2023-03,1182,87.43,83.97
5384,2023-03,1183,59.87,64.54
5385,2023-03,1184,72.05,71.2
5386,2023-03,1185,107.76,103.66
5387,2023-03,1186,105.85,108.72
5388,2023-03,1187,125.56,132.19
5389,2023-03,1188,84.58,88.08
5390,2023-03,1189,103.25,108.66
5391,2023-03,1190,100.65,104.12
5392,2023-03,1191,111.87,108.69
5393,2023-03,1192,112.97,110.27
5394,2023-03,1193,78.74,83.49
5395,2023-03,1194,110.43,107.55
5396,2023-03,1195,102.92,99.2
5397,2023-03,1196,69.31,65.86
5398,2023-03,1197,84.58,84.51
5399,2023-03,1198,103.98,107.54
5400,2023-03,1199,81.06,84.92
5401,2023-04,1000,561.51,553.54
5402,2023-04,1001,571.45,543.32
5403,2023-04,1002,595.75,631.25
5404,2023-04,1003,830.07,876.3
5405,2023-04,1004,547.46,527.5
5406,2023-04,1005,587.98,580.33
5407,2023-04,1006,634.98,663.1
5408,2023-04,1007,620.88,639.02
5409,2023-04,1008,594.74,582.58
5410,2023-04,1009,646.68,633.22
5411,2023-04,1010,802.37,849.98
5412,2023-04,1011,707.58,714.04
5413,2023-04,1012,700.4,749.3
5414,2023-04,1013,721.8,750.92
5415,2023-04,1014,924.06,886.66
5416,2023-04,1015,663.37,659.02
5417,2023-04,1016,849.79,896.58
5418,2023-04,1017,780.04,749.19
5419,2023-04,1018,759.32,727.82
5420,2023-04,1019,709.44,703.94
5421,2023-04,1020,448.46,444.76
5422,2023-04,1021,550.23,545.17
5423,2023-04,1022,495.59,491.53
5424,2023-04,1023,532.4,510.36
5425,2023-04,1024,398.93,398.37
5426,2023-04,1025,620.38,656.02
5427,2023-04,1026,514.37,539.96
5428,2023-04,1027,370.45,378.03
5429,2023-04,1028,381.89,404.06
5430,2023-04,1029,451.78,430.64
5431,2023-04,1030,485.84,522.44
5432,2023-04,1031,475.76,475.1
5433,2023-04,1032,447.42,466.2
5434,2023-04,1033,508.29,510.56
5435,2023-04,1034,490.83,468.44
5436,2023-04,1035,488.79,527.89
5437,2023-04,1036,488.41,525.63
5438,2023-04,1037,496.57,507.03
5439,2023-04,1038,454.21,433.34
5440,2023-04,1039,590.14,565.59
5441,2023-04,1040,243.05,248.63
5442,2023-04,1041,249.53,252.0
5443,2023-04,1042,327.74,341.97
5444,2023-04,1043,286.97,305.98
5445,2023-04,1044,323.61,336.92
5446,2023-04,1045,327.42,314.51
5447,2023-04,1046,396.79,416.59
5448,2023-04,1047,354.05,377.33
5449,2023-04,1048,423.53,444.35
5450,2023-04,1049,286.25,274.89
5451,2023-04,1050,370.82,388.66
5452,2023-04,1051,321.51,326.6
5453,2023-04,1052,280.31,298.84
5454,2023-04,1053,296.89,285.56
5455,2023-04,1054,394.03,409.81
5456,2023-04,1055,337.11,347.76
5457,2023-04,1056,274.82,279.65
5458,2023-04,1057,343.6,337.1
5459,2023-04,1058,420.56,425.51
5460,2023-04,1059,335.66,340.89
5461,2023-04,1060,99.38,96.35
5462,2023-04,1061,70.64,71.6
5463,2023-04,1062,105.95,104.45
5464,2023-04,1063,90.2,90.05
5465,2023-04,1064,118.9,113.04
5466,2023-04,1065,84.15,84.92
5467,2023-04,1066,94.87,99.3
5468,2023-04,1067,109.16,117.42
5469,2023-04,1068,108.99,108.94
5470,2023-04,1069,116.3,123.26
5471,2023-04,1070,77.94,81.88
5472,2023-04,1071,71.64,77.06
5473,2023-04,1072,91.71,96.09
5474,2023-04,1073,104.82,110.95
5475,2023-04,1074,70.8,74.1
5476,2023-04,1075,108.88,116.18
5477,2023-04,1076,75.58,76.86
5478,2023-04,1077,90.28,86.69
5479,2023-04,1078,125.11,126.08
5480,2023-04,1079,102.72,99.4
5481,2023-04,1080,398.02,394.3
5482,2023-04,1081,431.83,413.17
5483,2023-04,1082,633.01,629.09
5484,2023-04,1083,391.72,406.22
5485,2023-04,1084,409.09,423.59
5486,2023-04,1085,474.86,453.94
5487,2023-04,1086,523.24,498.03
5488,2023-04,1087,373.01,375.03
5489,2023-04,1088,607.68,652.0
5490,2023-04,1089,508.72,544.36
5491,2023-04,1090,561.31,570.31
5492,2023-04,1091,494.62,517.65
5493,2023-04,1092,673.95,673.7
5494,2023-04,1093,568.11,587.32
5495,2023-04,1094,533.16,556.23
5496,2023-04,1095,304.07,323.59
5497,2023-04,1096,693.48,713.12
5498,2023-04,1097,405.59,431.77
5499,2023-04,1098,471.16,498.79
5500,2023-04,1099,508.18,488.77
5501,2023-04,1100,946.15,978.28
5502,2023-04,1101,899.17,893.36
5503,2023-04,1102,951.46,1014.91
5504,2023-04,1103,1285.34,1283.94
5505,2023-04,1104,726.22,735.36
5506,2023-04,1105,967.67,972.92
5507,2023-04,1106,780.67,799.84
5508,2023-04,1107,1073.04,1047.54
5509,2023-04,1108,998.07,1038.69
5510,2023-04,1109,813.65,805.53
5511,2023-04,1110,1209.71,1259.09
5512,2023-04,1111,863.35,882.78
5513,2023-04,1112,949.29,1000.14
5514,2023-04,1113,1236.89,1288.02
5515,2023-04,1114,952.96,910.29
5516,2023-04,1115,979.91,965.81
5517,2023-04,1116,1051.16,1056.61
5518,2023-04,1117,917.07,982.47
5519,2023-04,1118,813.3,833.7
5520,2023-04,1119,1161.08,1246.45
5521,2023-04,1120,69.47,73.15
5522,2023-04,1121,49.44,52.38
5523,2023-04,1122,60.66,65.07
5524,2023-04,1123,51.88,50.7
5525,2023-04,1124,65.28,64.44
5526,2023-04,1125,56.62,60.82
5527,2023-04,1126,49.06,52.86
5528,2023-04,1127,70.51,73.18
5529,2023-04,1128,38.89,41.49
5530,2023-04,1129,53.33,56.0
5531,2023-04,1130,62.97,66.0
5532,2023-04,1131,70.67,67.41
5533,2023-04,1132,55.51,54.33
5534,2023-04,1133,81.21,82.8
5535,2023-04,1134,56.38,54.51
5536,2023-04,1135,55.58,55.89
5537,2023-04,1136,52.45,53.37
5538,2023-04,1137,48.79,46.5
5539,2023-04,1138,59.75,58.85
5540,2023-04,1139,63.19,65.78
5541,2023-04,1140,934.16,964.54
5542,2023-04,1141,577.27,569.57
5543,2023-04,1142,569.44,613.66
5544,2023-04,1143,763.79,789.55
5545,2023-04,1144,582.61,582.96
5546,2023-04,1145,655.12,624.25
5547,2023-04,1146,555.81,542.63
5548,2023-04,1147,629.21,630.92
5549,2023-04,1148,557.31,595.91
5550,2023-04,1149,783.04,757.21
5551,2023-04,1150,650.04,699.46
5552,2023-04,1151,487.2,486.35
5553,2023-04,1152,742.83,737.66
5554,2023-04,1153,554.13,593.5
5555,2023-04,1154,612.12,604.06
5556,2023-04,1155,649.52,653.85
5557,2023-04,1156,514.62,517.86
5558,2023-04,1157,704.96,740.9
5559,2023-04,1158,707.43,733.32
5560,2023-04,1159,616.71,651.72
5561,2023-04,1160,61.25,60.33
5562,2023-04,1161,47.65,50.29
5563,2023-04,1162,54.78,58.95
5564,2023-04,1163,38.05,38.14
5565,2023-04,1164,33.38,32.9
5566,2023-04,1165,50.46,52.07
5567,2023-04,1166,49.44,51.49
5568,2023-04,1167,46.3,47.32
5569,2023-04,1168,44.57,43.98
5570,2023-04,1169,41.35,44.4
5571,2023-04,1170,57.17,59.05
5572,2023-04,1171,38.79,38.88
5573,2023-04,1172,46.28,47.57
5574,2023-04,1173,39.66,41.58
5575,2023-04,1174,42.07,44.87
5576,2023-04,1175,49.47,48.94
5577,2023-04,1176,56.42,60.58
5578,2023-04,1177,41.43,43.39
5579,2023-04,1178,38.87,41.48
5580,2023-04,1179,36.37,35.86
5581,2023-04,1180,125.07,129.39
5582,2023-04,1181,90.84,96.38
5583,2023-04,1182,89.57,86.47
5584,2023-04,1183,56.77,59.75
5585,2023-04,1184,69.62,71.22
5586,2023-04,1185,107.0,112.16
5587,2023-04,1186,103.61,107.56
5588,2023-04,1187,131.79,129.5
5589,2023-04,1188,86.18,90.53
5590,2023-04,1189,100.57,98.55
5591,2023-04,1190,100.44,101.54
5592,2023-04,1191,118.6,113.87
5593,2023-04,1192,108.22,114.32
5594,2023-04,1193,78.35,74.43
5595,2023-04,1194,111.25,118.12
5596,2023-04,1195,111.22,109.68
5597,2023-04,1196,72.61,70.6
5598,2023-04,1197,81.04,78.37
5599,2023-04,1198,108.36,104.27
5600,2023-04,1199,85.5,85.77
5601,2023-05,1000,557.73,598.05
5602,2023-05,1001,572.47,546.25
5603,2023-05,1002,582.56,568.6
5604,2023-05,1003,838.31,859.19
5605,2023-05,1004,563.93,600.96
5606,2023-05,1005,577.91,611.84
5607,2023-05,1006,632.47,655.53
5608,2023-05,1007,633.94,614.71
5609,2023-05,1008,573.36,551.73
5610,2023-05,1009,661.12,706.08
5611,2023-05,1010,830.0,833.83
5612,2023-05,1011,701.76,678.74
5613,2023-05,1012,688.71,662.14
5614,2023-05,1013,716.95,769.65
5615,2023-05,1014,993.91,961.31
5616,2023-05,1015,641.18,609.45
5617,2023-05,1016,801.31,832.99
5618,2023-05,1017,735.32,775.75
5619,2023-05,1018,783.61,844.22
5620,2023-05,1019,711.21,681.2
5621,2023-05,1020,452.65,441.86
5622,2023-05,1021,536.99,518.25
5623,2023-05,1022,518.76,535.7
5624,2023-05,1023,523.58,512.81
5625,2023-05,1024,407.2,423.47
5626,2023-05,1025,604.25,602.66
5627,2023-05,1026,520.9,522.62
5628,2023-05,1027,378.74,376.34
5629,2023-05,1028,408.11,428.96
5630,2023-05,1029,437.07,462.08
5631,2023-05,1030,500.61,504.61
5632,2023-05,1031,474.79,502.49
5633,2023-05,1032,434.38,448.1
5634,2023-05,1033,536.2,553.95
5635,2023-05,1034,489.0,516.79
5636,2023-05,1035,478.26,454.65
5637,2023-05,1036,503.13,531.45
5638,2023-05,1037,516.63,547.74
5639,2023-05,1038,447.03,442.27
5640,2023-05,1039,610.74,585.37
5641,2023-05,1040,243.98,245.68
5642,2023-05,1041,258.72,277.36
5643,2023-05,1042,318.68,311.65
5644,2023-05,1043,277.46,285.81
5645,2023-05,1044,311.7,331.89
5646,2023-05,1045,343.09,369.01
5647,2023-05,1046,398.8,423.57
5648,2023-05,1047,365.22,364.21
5649,2023-05,1048,420.43,438.99
5650,2023-05,1049,298.79,301.13
5651,2023-05,1050,407.62,423.09
5652,2023-05,1051,328.93,342.69
5653,2023-05,1052,282.08,294.13
5654,2023-05,1053,292.81,307.77
5655,2023-05,1054,382.37,399.21
5656,2023-05,1055,327.4,331.95
5657,2023-05,1056,275.41,287.53
5658,2023-05,1057,333.07,348.09
5659,2023-05,1058,396.99,407.4
5660,2023-05,1059,327.89,351.85
5661,2023-05,1060,105.01,105.1
5662,2023-05,1061,67.09,67.39
5663,2023-05,1062,102.88,98.19
5664,2023-05,1063,88.02,84.97
5665,2023-05,1064,108.09,115.74
5666,2023-05,1065,86.16,88.71
5667,2023-05,1066,90.8,86.85
5668,2023-05,1067,111.34,112.06
5669,2023-05,1068,112.44,113.84
5670,2023-05,1069,118.21,112.95
5671,2023-05,1070,75.36,73.07
5672,2023-05,1071,74.03,72.32
5673,2023-05,1072,94.37,100.3
5674,2023-05,1073,101.51,100.5
5675,2023-05,1074,68.25,71.59
5676,2023-05,1075,116.68,117.38
5677,2023-05,1076,73.69,76.03
5678,2023-05,1077,88.78,85.72
5679,2023-05,1078,123.28,120.89
5680,2023-05,1079,102.41,97.92
5681,2023-05,1080,397.47,382.36
5682,2023-05,1081,424.35,404.73
5683,2023-05,1082,613.88,626.92
5684,2023-05,1083,398.04,378.83
5685,2023-05,1084,417.27,433.52
5686,2023-05,1085,449.24,426.91
5687,2023-05,1086,514.83,522.28
5688,2023-05,1087,363.05,372.01
5689,2023-05,1088,593.3,591.63
5690,2023-05,1089,485.24,516.04
5691,2023-05,1090,544.53,543.42
5692,2023-05,1091,455.92,482.78
5693,2023-05,1092,664.68,643.9
5694,2023-05,1093,527.55,549.96
5695,2023-05,1094,527.7,513.0
5696,2023-05,1095,303.28,316.64
5697,2023-05,1096,674.79,691.77
5698,2023-05,1097,410.1,423.36
5699,2023-05,1098,476.68,475.64
5700,2023-05,1099,499.35,527.87
5701,2023-05,1100,960.16,948.17
5702,2023-05,1101,875.26,847.82
5703,2023-05,1102,900.72,894.73
5704,2023-05,1103,1362.93,1457.53
5705,2023-05,1104,746.55,772.54
5706,2023-05,1105,965.74,951.55
5707,2023-05,1106,806.75,834.54
5708,2023-05,1107,984.78,1039.6
5709,2023-05,1108,990.21,996.12
5710,2023-05,1109,825.21,869.28
5711,2023-05,1110,1239.57,1241.15
5712,2023-05,1111,885.28,850.31
5713,2023-05,1112,998.54,1054.05
5714,2023-05,1113,1238.49,1201.24
5715,2023-05,1114,937.9,975.95
5716,2023-05,1115,1001.0,1024.76
5717,2023-05,1116,1076.1,1048.27
5718,2023-05,1117,890.97,951.6
5719,2023-05,1118,873.54,852.65
5720,2023-05,1119,1068.17,1090.05
5721,2023-05,1120,69.73,67.74
5722,2023-05,1121,49.34,50.37
5723,2023-05,1122,61.26,64.01
5724,2023-05,1123,54.06,51.9
5725,2023-05,1124,65.65,65.31
5726,2023-05,1125,57.49,56.54
5727,2023-05,1126,48.5,50.24
5728,2023-05,1127,72.38,73.05
5729,2023-05,1128,40.12,39.67
5730,2023-05,1129,52.66,53.78
5731,2023-05,1130,63.31,68.07
5732,2023-05,1131,70.57,68.42
5733,2023-05,1132,54.5,57.45
5734,2023-05,1133,79.26,80.99
5735,2023-05,1134,56.69,57.32
5736,2023-05,1135,53.55,51.47
5737,2023-05,1136,52.51,56.01
5738,2023-05,1137,49.45,47.06
5739,2023-05,1138,59.09,56.35
5740,2023-05,1139,68.76,68.9
5741,2023-05,1140,949.69,973.32
5742,2023-05,1141,589.13,575.08
5743,2023-05,1142,566.49,566.45
5744,2023-05,1143,716.73,695.5
5745,2023-05,1144,567.12,549.51
5746,2023-05,1145,620.55,597.48
5747,2023-05,1146,542.19,584.27
5748,2023-05,1147,626.79,621.63
5749,2023-05,1148,550.61,546.25
5750,2023-05,1149,799.6,761.86
5751,2023-05,1150,657.38,668.69
5752,2023-05,1151,489.09,497.51
5753,2023-05,1152,765.03,817.11
5754,2023-05,1153,553.01,596.54
5755,2023-05,1154,574.65,554.43
5756,2023-05,1155,614.32,636.26
5757,2023-05,1156,494.98,470.6
5758,2023-05,1157,704.09,684.24
5759,2023-05,1158,681.88,663.8
5760,2023-05,1159,644.09,680.58
5761,2023-05,1160,63.23,66.32
5762,2023-05,1161,48.07,48.49
5763,2023-05,1162,54.72,56.92
5764,2023-05,1163,39.5,40.99
5765,2023-05,1164,33.19,32.9
5766,2023-05,1165,48.37,46.93
5767,2023-05,1166,49.9,47.93
5768,2023-05,1167,48.28,49.21
5769,2023-05,1168,45.89,45.19
5770,2023-05,1169,43.57,46.65
5771,2023-05,1170,58.75,62.33
5772,2023-05,1171,39.24,38.82
5773,2023-05,1172,45.49,48.01
5774,2023-05,1173,41.99,41.55
5775,2023-05,1174,40.91,41.96
5776,2023-05,1175,52.16,50.77
5777,2023-05,1176,53.79,55.98
5778,2023-05,1177,40.64,41.97
5779,2023-05,1178,38.99,39.38
5780,2023-05,1179,37.33,37.8
5781,2023-05,1180,124.03,127.37
5782,2023-05,1181,90.85,89.84
5783,2023-05,1182,88.54,89.71
5784,2023-05,1183,58.36,60.95
5785,2023-05,1184,68.28,65.51
5786,2023-05,1185,110.58,105.46
5787,2023-05,1186,105.2,108.02
5788,2023-05,1187,125.72,127.36
5789,2023-05,1188,87.69,88.04
5790,2023-05,1189,95.23,99.41
5791,2023-05,1190,107.75,106.45
5792,2023-05,1191,114.13,109.17
5793,2023-05,1192,110.94,110.37
5794,2023-05,1193,81.34,77.49
5795,2023-05,1194,108.68,105.93
5796,2023-05,1195,103.41,99.46
5797,2023-05,1196,72.39,71.03
5798,2023-05,1197,82.32,83.85
5799,2023-05,1198,108.51,112.04
5800,2023-05,1199,83.55,80.66
5801,2023-06,1000,589.98,620.16
5802,2023-06,1001,581.76,607.82
5803,2023-06,1002,590.34,621.67
5804,2023-06,1003,820.79,798.98
5805,2023-06,1004,556.75,599.26
5806,2023-06,1005,605.6,614.46
5807,2023-06,1006,647.47,693.26
5808,2023-06,1007,643.47,685.5
5809,2023-06,1008,591.82,590.46
5810,2023-06,1009,657.76,670.81
5811,2023-06,1010,777.66,757.21
5812,2023-06,1011,702.97,690.19
5813,2023-06,1012,698.2,712.68
5814,2023-06,1013,710.2,687.2
5815,2023-06,1014,943.66,1010.79
5816,2023-06,1015,680.77,699.08
5817,2023-06,1016,825.65,852.43
5818,2023-06,1017,735.62,703.03
5819,2023-06,1018,739.69,734.05
5820,2023-06,1019,691.89,724.51
5821,2023-06,1020,447.65,430.63
5822,2023-06,1021,566.46,557.12
5823,2023-06,1022,517.58,516.36
5824,2023-06,1023,562.17,603.8
5825,2023-06,1024,412.82,413.58
5826,2023-06,1025,616.77,635.75
5827,2023-06,1026,493.36,469.36
5828,2023-06,1027,373.82,378.35
5829,2023-06,1028,385.92,415.11
5830,2023-06,1029,416.46,440.97
5831,2023-06,1030,508.28,545.2
5832,2023-06,1031,480.08,497.61
5833,2023-06,1032,434.07,466.54
5834,2023-06,1033,522.53,536.51
5835,2023-06,1034,480.24,472.31
5836,2023-06,1035,484.87,505.67
5837,2023-06,1036,481.86,485.09
5838,2023-06,1037,519.23,503.56
5839,2023-06,1038,452.69,471.58
5840,2023-06,1039,587.59,584.37
5841,2023-06,1040,235.25,236.99
5842,2023-06,1041,252.98,264.48
5843,2023-06,1042,334.63,349.7
5844,2023-06,1043,282.06,280.07
5845,2023-06,1044,324.9,312.02
5846,2023-06,1045,334.98,341.44
5847,2023-06,1046,408.68,431.44
5848,2023-06,1047,361.71,351.09
5849,2023-06,1048,425.51,419.16
5850,2023-06,1049,299.14,300.3
5851,2023-06,1050,394.42,416.46
5852,2023-06,1051,327.84,347.7
5853,2023-06,1052,265.85,274.68
5854,2023-06,1053,289.07,278.28
5855,2023-06,1054,402.36,391.38
5856,2023-06,1055,321.43,332.81
5857,2023-06,1056,267.78,272.81
5858,2023-06,1057,327.36,319.51
5859,2023-06,1058,400.1,394.16
5860,2023-06,1059,353.93,346.91
5861,2023-06,1060,104.14,111.08
5862,2023-06,1061,63.8,62.1
5863,2023-06,1062,100.38,99.46
5864,2023-06,1063,90.92,88.87
5865,2023-06,1064,111.02,112.36
5866,2023-06,1065,85.51,91.84
5867,2023-06,1066,93.37,97.25
5868,2023-06,1067,110.64,107.29
5869,2023-06,1068,110.15,112.93
5870,2023-06,1069,119.67,115.33
5871,2023-06,1070,76.13,81.11
5872,2023-06,1071,73.87,75.71
5873,2023-06,1072,95.87,98.88
5874,2023-06,1073,100.9,107.62
5875,2023-06,1074,67.77,70.77
5876,2023-06,1075,115.48,115.45
5877,2023-06,1076,76.12,78.58
5878,2023-06,1077,89.56,93.47
5879,2023-06,1078,126.15,123.77
5880,2023-06,1079,105.6,100.91
5881,2023-06,1080,405.04,412.69
5882,2023-06,1081,420.71,450.57
5883,2023-06,1082,632.68,616.29
5884,2023-06,1083,384.33,393.39
5885,2023-06,1084,399.8,398.25
5886,2023-06,1085,452.9,460.68
5887,2023-06,1086,512.29,490.01
5888,2023-06,1087,359.44,345.4
5889,2023-06,1088,578.02,582.14
5890,2023-06,1089,513.37,529.6
5891,2023-06,1090,548.49,545.31
5892,2023-06,1091,466.83,448.78
5893,2023-06,1092,650.63,667.49
5894,2023-06,1093,558.77,558.87
5895,2023-06,1094,540.26,571.07
5896,2023-06,1095,308.12,331.69
5897,2023-06,1096,692.25,705.04
5898,2023-06,1097,428.84,414.66
5899,2023-06,1098,451.06,478.29
5900,2023-06,1099,507.48,504.69
5901,2023-06,1100,976.63,1008.17
5902,2023-06,1101,916.14,947.95
5903,2023-06,1102,868.03,882.67
5904,2023-06,1103,1374.4,1322.71
5905,2023-06,1104,724.14,750.27
5906,2023-06,1105,938.52,912.09
5907,2023-06,1106,802.89,836.98
5908,2023-06,1107,1034.47,999.04
5909,2023-06,1108,1018.39,1076.45
5910,2023-06,1109,855.76,846.16
5911,2023-06,1110,1244.36,1201.56
5912,2023-06,1111,853.68,832.38
5913,2023-06,1112,994.0,1033.61
5914,2023-06,1113,1229.77,1300.17
5915,2023-06,1114,947.0,1018.77
5916,2023-06,1115,1018.88,972.82
5917,2023-06,1116,1109.16,1075.8
5918,2023-06,1117,891.4,960.38
5919,2023-06,1118,834.47,833.99
5920,2023-06,1119,1073.16,1038.2
5921,2023-06,1120,71.44,73.56
5922,2023-06,1121,50.57,51.25
5923,2023-06,1122,59.08,59.8
5924,2023-06,1123,54.11,57.08
5925,2023-06,1124,63.75,66.01
5926,2023-06,1125,54.53,52.22
5927,2023-06,1126,47.31,50.55
5928,2023-06,1127,72.14,71.85
5929,2023-06,1128,40.31,38.48
5930,2023-06,1129,54.67,58.35
5931,2023-06,1130,63.78,64.52
5932,2023-06,1131,70.03,69.03
5933,2023-06,1132,54.39,54.47
5934,2023-06,1133,81.15,86.29
5935,2023-06,1134,57.29,56.59
5936,2023-06,1135,54.05,54.98
5937,2023-06,1136,53.16,55.0
5938,2023-06,1137,49.23,50.97
5939,2023-06,1138,57.78,62.1
5940,2023-06,1139,67.3,69.84
5941,2023-06,1140,958.74,941.57
5942,2023-06,1141,594.34,602.11
5943,2023-06,1142,553.1,589.47
5944,2023-06,1143,722.98,701.11
5945,2023-06,1144,564.73,538.26
5946,2023-06,1145,626.25,616.94
5947,2023-06,1146,540.65,560.9
5948,2023-06,1147,612.52,586.48
5949,2023-06,1148,571.44,546.14
5950,2023-06,1149,778.01,753.17
5951,2023-06,1150,611.22,617.64
5952,2023-06,1151,498.62,483.71
5953,2023-06,1152,770.66,819.76
5954,2023-06,1153,559.87,602.51
5955,2023-06,1154,613.56,600.97
5956,2023-06,1155,668.81,676.35
5957,2023-06,1156,521.06,541.17
5958,2023-06,1157,698.71,712.58
5959,2023-06,1158,696.6,667.65
5960,2023-06,1159,618.69,599.81
5961,2023-06,1160,61.15,60.39
5962,2023-06,1161,48.32,50.7
5963,2023-06,1162,55.66,54.68
5964,2023-06,1163,40.23,43.35
5965,2023-06,1164,33.8,32.37
5966,2023-06,1165,51.14,54.92
5967,2023-06,1166,51.18,55.03
5968,2023-06,1167,45.67,47.73
5969,2023-06,1168,44.13,43.24
5970,2023-06,1169,42.49,42.52
5971,2023-06,1170,59.14,60.02
5972,2023-06,1171,43.0,42.57
5973,2023-06,1172,45.23,45.32
5974,2023-06,1173,40.18,39.76
5975,2023-06,1174,40.94,39.06
5976,2023-06,1175,50.19,50.35
5977,2023-06,1176,52.99,51.39
5978,2023-06,1177,41.22,42.48
5979,2023-06,1178,37.7,36.51
5980,2023-06,1179,37.04,39.77
5981,2023-06,1180,126.0,122.24
5982,2023-06,1181,91.93,94.97
5983,2023-06,1182,88.9,86.97
5984,2023-06,1183,54.93,57.87
5985,2023-06,1184,70.38,75.15
5986,2023-06,1185,107.45,112.28
5987,2023-06,1186,105.12,109.16
5988,2023-06,1187,126.95,123.66
5989,2023-06,1188,85.89,91.36
5990,2023-06,1189,99.92,99.2
5991,2023-06,1190,105.13,111.61
5992,2023-06,1191,111.57,111.91
5993,2023-06,1192,111.87,118.12
5994,2023-06,1193,80.0,84.37
5995,2023-06,1194,111.48,116.54
5996,2023-06,1195,102.84,106.45
5997,2023-06,1196,75.95,79.45
5998,2023-06,1197,82.32,80.88
5999,2023-06,1198,106.92,113.39
6000,2023-06,1199,84.85,82.04
6001,2023-07,1000,574.69,561.08
6002,2023-07,1001,562.93,607.49
6003,2023-07,1002,584.39,611.17
6004,2023-07,1003,806.7,868.47
6005,2023-07,1004,551.33,567.32
6006,2023-07,1005,578.01,622.52
6007,2023-07,1006,634.75,633.02
6008,2023-07,1007,657.74,688.1
6009,2023-07,1008,584.23,625.86
6010,2023-07,1009,681.68,725.0
6011,2023-07,1010,834.21,861.99
6012,2023-07,1011,715.59,710.17
6013,2023-07,1012,706.75,706.67
6014,2023-07,1013,662.71,674.11
6015,2023-07,1014,956.29,934.97
6016,2023-07,1015,655.26,632.85
6017,2023-07,1016,827.77,837.98
6018,2023-07,1017,764.52,765.26
6019,2023-07,1018,751.15,782.18
6020,2023-07,1019,721.01,746.5
6021,2023-07,1020,455.89,463.58
6022,2023-07,1021,538.07,523.53
6023,2023-07,1022,512.91,544.37
6024,2023-07,1023,537.82,537.82
6025,2023-07,1024,400.04,393.28
6026,2023-07,1025,613.77,611.83
6027,2023-07,1026,512.01,514.51
6028,2023-07,1027,374.84,379.1
6029,2023-07,1028,382.17,378.34
6030,2023-07,1029,423.03,441.99
6031,2023-07,1030,498.42,506.29
6032,2023-07,1031,477.98,507.44
6033,2023-07,1032,436.93,455.22
6034,2023-07,1033,548.0,579.4
6035,2023-07,1034,505.68,504.49
6036,2023-07,1035,469.19,446.73
6037,2023-07,1036,470.31,471.03
6038,2023-07,1037,493.39,500.29
6039,2023-07,1038,468.77,483.23
6040,2023-07,1039,609.71,591.18
6041,2023-07,1040,249.59,245.97
6042,2023-07,1041,267.93,262.8
6043,2023-07,1042,320.59,307.68
6044,2023-07,1043,279.52,289.1
6045,2023-07,1044,329.67,354.5
6046,2023-07,1045,338.31,339.64
6047,2023-07,1046,393.68,412.73
6048,2023-07,1047,361.05,366.69
6049,2023-07,1048,427.41,436.32
6050,2023-07,1049,294.43,299.61
6051,2023-07,1050,381.48,379.37
6052,2023-07,1051,322.12,344.69
6053,2023-07,1052,275.35,280.12
6054,2023-07,1053,303.22,315.26
6055,2023-07,1054,404.27,386.31
6056,2023-07,1055,333.71,359.25
6057,2023-07,1056,277.83,294.51
6058,2023-07,1057,333.95,337.2
6059,2023-07,1058,403.78,414.47
6060,2023-07,1059,319.89,314.38
6061,2023-07,1060,101.34,98.22
6062,2023-07,1061,66.58,71.4
6063,2023-07,1062,103.95,103.88
6064,2023-07,1063,91.98,92.11
6065,2023-07,1064,113.04,114.98
6066,2023-07,1065,86.33,83.27
6067,2023-07,1066,89.9,89.42
6068,2023-07,1067,108.77,116.23
6069,2023-07,1068,109.21,103.85
6070,2023-07,1069,117.39,115.73
6071,2023-07,1070,78.54,84.24
6072,2023-07,1071,70.82,71.94
6073,2023-07,1072,91.58,96.07
6074,2023-07,1073,100.72,103.58
6075,2023-07,1074,71.49,76.46
6076,2023-07,1075,109.4,113.96
6077,2023-07,1076,76.43,82.45
6078,2023-07,1077,92.4,90.97
6079,2023-07,1078,119.43,124.67
6080,2023-07,1079,104.72,102.93
6081,2023-07,1080,395.92,399.64
6082,2023-07,1081,437.78,464.87
6083,2023-07,1082,623.26,618.52
6084,2023-07,1083,400.67,389.88
6085,2023-07,1084,405.61,395.61
6086,2023-07,1085,457.64,440.15
6087,2023-07,1086,508.53,539.65
6088,2023-07,1087,371.4,386.08
6089,2023-07,1088,608.16,617.33
6090,2023-07,1089,522.59,521.4
6091,2023-07,1090,537.88,576.73
6092,2023-07,1091,471.44,463.18
6093,2023-07,1092,652.6,697.08
6094,2023-07,1093,577.86,622.61
6095,2023-07,1094,544.59,519.97
6096,2023-07,1095,317.27,327.27
6097,2023-07,1096,673.56,673.78
6098,2023-07,1097,415.27,410.79
6099,2023-07,1098,454.0,449.72
6100,2023-07,1099,468.83,505.91
6101,2023-07,1100,962.89,1017.69
6102,2023-07,1101,915.32,985.42
6103,2023-07,1102,885.78,925.78
6104,2023-07,1103,1336.13,1344.16
6105,2023-07,1104,699.0,730.97
6106,2023-07,1105,959.28,966.5
6107,2023-07,1106,806.82,783.24
6108,2023-07,1107,1022.74,1074.63
6109,2023-07,1108,1042.78,1086.02
6110,2023-07,1109,812.24,842.62
6111,2023-07,1110,1244.39,1297.93
6112,2023-07,1111,842.39,892.65
6113,2023-07,1112,919.13,969.63
6114,2023-07,1113,1211.7,1302.27
6115,2023-07,1114,962.99,957.88
6116,2023-07,1115,1001.96,1063.83
6117,2023-07,1116,1069.62,1078.93
6118,2023-07,1117,876.27,885.75
6119,2023-07,1118,813.43,858.77
6120,2023-07,1119,1074.13,1075.22
6121,2023-07,1120,68.66,66.39
6122,2023-07,1121,48.14,50.8
6123,2023-07,1122,57.3,58.89
6124,2023-07,1123,52.44,49.94
6125,2023-07,1124,63.75,64.15
6126,2023-07,1125,56.31,58.09
6127,2023-07,1126,47.2,50.75
6128,2023-07,1127,68.46,68.44
6129,2023-07,1128,43.29,43.09
6130,2023-07,1129,54.5,52.07
6131,2023-07,1130,64.36,69.06
6132,2023-07,1131,69.13,67.11
6133,2023-07,1132,53.55,57.04
6134,2023-07,1133,77.92,80.79
6135,2023-07,1134,55.86,56.5
6136,2023-07,1135,55.36,54.5
6137,2023-07,1136,50.33,50.96
6138,2023-07,1137,47.34,48.44
6139,2023-07,1138,59.65,61.12
6140,2023-07,1139,65.95,65.97
6141,2023-07,1140,934.21,911.95
6142,2023-07,1141,567.84,576.14
6143,2023-07,1142,574.11,602.39
6144,2023-07,1143,761.7,737.9
6145,2023-07,1144,602.77,608.87
6146,2023-07,1145,633.23,634.64
6147,2023-07,1146,540.33,536.81
6148,2023-07,1147,648.8,690.82
6149,2023-07,1148,586.82,596.31
6150,2023-07,1149,770.33,757.08
6151,2023-07,1150,634.75,622.92
6152,2023-07,1151,500.22,527.16
6153,2023-07,1152,756.64,784.29
6154,2023-07,1153,520.42,552.84
6155,2023-07,1154,578.73,583.5
6156,2023-07,1155,609.76,610.95
6157,2023-07,1156,510.48,519.68
6158,2023-07,1157,750.27,750.97
6159,2023-07,1158,699.56,680.47
6160,2023-07,1159,603.27,589.17
6161,2023-07,1160,60.47,64.75
6162,2023-07,1161,46.2,44.56
6163,2023-07,1162,56.96,56.52
6164,2023-07,1163,40.93,39.64
6165,2023-07,1164,33.68,34.98
6166,2023-07,1165,49.88,49.34
6167,2023-07,1166,51.59,51.27
6168,2023-07,1167,46.35,48.23
6169,2023-07,1168,47.4,48.16
6170,2023-07,1169,44.11,43.25
6171,2023-07,1170,63.0,60.08
6172,2023-07,1171,43.45,46.08
6173,2023-07,1172,44.97,44.14
6174,2023-07,1173,39.33,38.31
6175,2023-07,1174,41.12,43.04
6176,2023-07,1175,52.61,56.7
6177,2023-07,1176,54.56,55.22
6178,2023-07,1177,43.21,43.38
6179,2023-07,1178,39.03,37.29
6180,2023-07,1179,37.31,37.71
6181,2023-07,1180,124.3,118.68
6182,2023-07,1181,94.16,90.31
6183,2023-07,1182,87.46,86.45
6184,2023-07,1183,57.84,60.91
6185,2023-07,1184,68.35,71.82
6186,2023-07,1185,109.34,108.67
6187,2023-07,1186,105.42,109.86
6188,2023-07,1187,126.04,131.11
6189,2023-07,1188,86.37,89.52
6190,2023-07,1189,98.88,103.65
6191,2023-07,1190,102.75,108.93
6192,2023-07,1191,117.18,118.85
6193,2023-07,1192,115.62,112.52
6194,2023-07,1193,76.61,74.65
6195,2023-07,1194,105.2,112.86
6196,2023-07,1195,104.67,111.85
6197,2023-07,1196,73.29,77.45
6198,2023-07,1197,83.33,80.06
6199,2023-07,1198,104.56,108.69
6200,2023-07,1199,81.54,77.98
6201,2023-08,1000,557.35,574.33
6202,2023-08,1001,566.99,603.21
6203,2023-08,1002,567.73,562.51
6204,2023-08,1003,773.42,782.73
6205,2023-08,1004,581.0,604.19
6206,2023-08,1005,593.32,616.07
6207,2023-08,1006,617.31,652.73
6208,2023-08,1007,645.94,639.15
6209,2023-08,1008,600.66,623.28
6210,2023-08,1009,692.01,743.1
6211,2023-08,1010,806.17,867.55
6212,2023-08,1011,677.69,647.9
6213,2023-08,1012,701.72,729.31
6214,2023-08,1013,659.01,691.21
6215,2023-08,1014,918.01,981.71
6216,2023-08,1015,626.84,628.35
6217,2023-08,1016,828.67,829.9
6218,2023-08,1017,752.03,726.23
6219,2023-08,1018,732.46,763.3
6220,2023-08,1019,688.29,688.01
6221,2023-08,1020,443.36,434.12
6222,2023-08,1021,555.13,591.6
6223,2023-08,1022,534.31,555.34
6224,2023-08,1023,524.99,517.21
6225,2023-08,1024,427.46,419.81
6226,2023-08,1025,632.44,656.81
6227,2023-08,1026,518.25,519.04
6228,2023-08,1027,343.76,368.61
6229,2023-08,1028,394.36,408.48
6230,2023-08,1029,451.75,477.51
6231,2023-08,1030,500.11,482.97
6232,2023-08,1031,471.77,466.59
6233,2023-08,1032,428.52,449.7
6234,2023-08,1033,525.5,552.05
6235,2023-08,1034,486.38,502.88
6236,2023-08,1035,473.73,504.35
6237,2023-08,1036,483.35,479.87
6238,2023-08,1037,516.26,549.02
6239,2023-08,1038,446.88,470.31
6240,2023-08,1039,615.79,618.48
6241,2023-08,1040,240.55,259.12
6242,2023-08,1041,248.33,245.04
6243,2023-08,1042,321.54,336.19
6244,2023-08,1043,282.39,293.71
6245,2023-08,1044,329.54,353.76
6246,2023-08,1045,333.77,357.16
6247,2023-08,1046,417.71,397.89
6248,2023-08,1047,357.34,369.71
6249,2023-08,1048,416.61,415.48
6250,2023-08,1049,301.05,286.87
6251,2023-08,1050,396.9,421.22
6252,2023-08,1051,322.08,314.68
6253,2023-08,1052,284.55,290.57
6254,2023-08,1053,301.09,311.68
6255,2023-08,1054,403.11,432.53
6256,2023-08,1055,332.46,333.33
6257,2023-08,1056,266.32,272.56
6258,2023-08,1057,347.31,356.8
6259,2023-08,1058,400.15,405.15
6260,2023-08,1059,331.07,339.69
6261,2023-08,1060,105.37,108.75
6262,2023-08,1061,66.92,63.9
6263,2023-08,1062,102.8,105.32
6264,2023-08,1063,90.14,91.08
6265,2023-08,1064,116.45,123.83
6266,2023-08,1065,82.9,84.92
6267,2023-08,1066,88.4,90.03
6268,2023-08,1067,107.66,111.35
6269,2023-08,1068,107.89,114.45
6270,2023-08,1069,116.5,111.99
6271,2023-08,1070,75.57,75.24
6272,2023-08,1071,73.29,74.82
6273,2023-08,1072,93.77,96.04
6274,2023-08,1073,104.99,106.74
6275,2023-08,1074,69.66,74.91
6276,2023-08,1075,117.12,126.2
6277,2023-08,1076,77.27,75.78
6278,2023-08,1077,90.28,97.03
6279,2023-08,1078,123.98,120.47
6280,2023-08,1079,107.58,105.93
6281,2023-08,1080,378.56,368.46
6282,2023-08,1081,433.69,431.94
6283,2023-08,1082,634.28,655.33
6284,2023-08,1083,380.31,400.67
6285,2023-08,1084,399.43,400.32
6286,2023-08,1085,476.35,464.67
6287,2023-08,1086,551.9,530.76
6288,2023-08,1087,363.57,351.9
6289,2023-08,1088,594.62,608.67
6290,2023-08,1089,503.06,520.85
6291,2023-08,1090,544.75,564.04
6292,2023-08,1091,472.86,500.16
6293,2023-08,1092,683.05,701.47
6294,2023-08,1093,579.96,591.21
6295,2023-08,1094,546.51,549.27
6296,2023-08,1095,303.46,325.25
6297,2023-08,1096,693.05,748.43
6298,2023-08,1097,425.32,415.86
6299,2023-08,1098,464.45,462.81
6300,2023-08,1099,492.9,473.12
6301,2023-08,1100,984.29,971.28
6302,2023-08,1101,911.77,905.49
6303,2023-08,1102,919.86,895.5
6304,2023-08,1103,1296.07,1277.8
6305,2023-08,1104,728.67,740.71
6306,2023-08,1105,946.09,919.48
6307,2023-08,1106,753.76,807.51
6308,2023-08,1107,1034.11,1115.13
6309,2023-08,1108,1000.48,985.42
6310,2023-08,1109,802.99,865.62
6311,2023-08,1110,1205.61,1172.34
6312,2023-08,1111,855.49,812.74
6313,2023-08,1112,955.87,952.97
6314,2023-08,1113,1245.38,1240.01
6315,2023-08,1114,976.82,1002.91
6316,2023-08,1115,994.1,1033.75
6317,2023-08,1116,1034.54,1002.1
6318,2023-08,1117,868.61,845.57
6319,2023-08,1118,831.38,839.93
6320,2023-08,1119,1111.34,1190.24
6321,2023-08,1120,70.13,73.95
6322,2023-08,1121,50.89,49.82
6323,2023-08,1122,59.34,56.69
6324,2023-08,1123,51.28,50.6
6325,2023-08,1124,63.29,60.3
6326,2023-08,1125,58.18,56.84
6327,2023-08,1126,48.35,46.67
6328,2023-08,1127,70.44,75.68
6329,2023-08,1128,41.03,42.72
6330,2023-08,1129,54.2,56.8
6331,2023-08,1130,62.85,64.79
6332,2023-08,1131,70.03,73.46
6333,2023-08,1132,54.45,54.45
6334,2023-08,1133,79.38,82.72
6335,2023-08,1134,57.61,58.41
6336,2023-08,1135,55.99,59.11
6337,2023-08,1136,51.63,51.53
6338,2023-08,1137,50.43,53.79
6339,2023-08,1138,59.3,60.76
6340,2023-08,1139,63.59,62.42
6341,2023-08,1140,934.14,932.59
6342,2023-08,1141,593.85,600.61
6343,2023-08,1142,560.13,603.15
6344,2023-08,1143,743.21,756.07
6345,2023-08,1144,568.9,588.77
6346,2023-08,1145,618.01,655.99
6347,2023-08,1146,556.79,574.97
6348,2023-08,1147,621.97,666.17
6349,2023-08,1148,556.0,548.56
6350,2023-08,1149,781.34,760.78
6351,2023-08,1150,630.43,622.53
6352,2023-08,1151,517.11,522.34
6353,2023-08,1152,779.15,807.83
6354,2023-08,1153,569.6,612.23
6355,2023-08,1154,605.59,612.59
6356,2023-08,1155,643.98,674.68
6357,2023-08,1156,527.57,557.7
6358,2023-08,1157,709.3,745.69
6359,2023-08,1158,694.76,736.09
6360,2023-08,1159,614.95,638.24
6361,2023-08,1160,59.86,64.44
6362,2023-08,1161,46.84,48.72
6363,2023-08,1162,56.99,54.69
6364,2023-08,1163,39.84,38.1
6365,2023-08,1164,32.99,32.95
6366,2023-08,1165,50.87,54.14
6367,2023-08,1166,51.39,49.06
6368,2023-08,1167,47.45,47.15
6369,2023-08,1168,47.26,47.1
6370,2023-08,1169,42.68,41.47
6371,2023-08,1170,59.46,62.8
6372,2023-08,1171,42.03,40.23
6373,2023-08,1172,45.8,47.13
6374,2023-08,1173,41.21,43.21
6375,2023-08,1174,41.0,42.42
6376,2023-08,1175,48.95,47.02
6377,2023-08,1176,55.33,59.04
6378,2023-08,1177,41.15,42.0
6379,2023-08,1178,38.82,40.99
6380,2023-08,1179,36.68,36.47
6381,2023-08,1180,126.39,131.28
6382,2023-08,1181,90.65,95.02
6383,2023-08,1182,89.88,95.85
6384,2023-08,1183,57.02,54.54
6385,2023-08,1184,71.54,76.41
6386,2023-08,1185,110.38,111.11
6387,2023-08,1186,104.7,107.25
6388,2023-08,1187,128.14,129.1
6389,2023-08,1188,86.7,86.28
6390,2023-08,1189,101.64,106.34
6391,2023-08,1190,101.73,108.98
6392,2023-08,1191,118.19,114.74
6393,2023-08,1192,113.49,112.39
6394,2023-08,1193,76.38,76.13
6395,2023-08,1194,110.33,111.11
6396,2023-08,1195,110.01,105.77
6397,2023-08,1196,75.45,73.39
6398,2023-08,1197,84.12,87.18
6399,2023-08,1198,107.46,105.39
6400,2023-08,1199,83.07,88.15
6401,2023-09,1000,568.74,554.28
6402,2023-09,1001,577.09,582.65
6403,2023-09,1002,563.42,541.67
6404,2023-09,1003,824.09,848.95
6405,2023-09,1004,576.59,600.78
6406,2023-09,1005,577.36,619.81
6407,2023-09,1006,632.2,653.27
6408,2023-09,1007,654.25,636.14
6409,2023-09,1008,599.65,623.7
6410,2023-09,1009,636.69,622.69
6411,2023-09,1010,846.86,805.47
6412,2023-09,1011,695.26,681.22
6413,2023-09,1012,709.73,763.7
6414,2023-09,1013,695.28,671.42
6415,2023-09,1014,964.88,942.96
6416,2023-09,1015,673.98,699.77
6417,2023-09,1016,835.7,896.7
6418,2023-09,1017,777.27,804.02
6419,2023-09,1018,762.12,745.15
6420,2023-09,1019,677.72,718.74
6421,2023-09,1020,453.4,443.53
6422,2023-09,1021,539.2,528.48
6423,2023-09,1022,479.4,461.12
6424,2023-09,1023,539.33,571.17
6425,2023-09,1024,405.39,427.38
6426,2023-09,1025,612.9,649.5
6427,2023-09,1026,524.42,565.19
6428,2023-09,1027,367.27,355.05
6429,2023-09,1028,390.89,414.88
6430,2023-09,1029,450.85,436.72
6431,2023-09,1030,504.54,486.79
6432,2023-09,1031,470.65,480.18
6433,2023-09,1032,449.56,482.65
6434,2023-09,1033,526.81,510.26
6435,2023-09,1034,480.01,474.13
6436,2023-09,1035,496.07,512.98
6437,2023-09,1036,476.58,500.97
6438,2023-09,1037,494.27,476.85
6439,2023-09,1038,454.02,455.51
6440,2023-09,1039,596.89,608.4
6441,2023-09,1040,234.78,233.13
6442,2023-09,1041,245.09,262.62
6443,2023-09,1042,327.71,345.29
6444,2023-09,1043,275.16,270.97
6445,2023-09,1044,321.11,311.27
6446,2023-09,1045,347.22,343.47
6447,2023-09,1046,388.81,407.99
6448,2023-09,1047,354.61,362.69
6449,2023-09,1048,433.63,440.37
6450,2023-09,1049,296.53,318.97
6451,2023-09,1050,395.42,380.05
6452,2023-09,1051,332.49,320.32
6453,2023-09,1052,273.31,286.3
6454,2023-09,1053,302.93,312.71
6455,2023-09,1054,398.44,409.88
6456,2023-09,1055,318.07,341.98
6457,2023-09,1056,277.39,268.25
6458,2023-09,1057,326.04,345.39
6459,2023-09,1058,394.37,394.38
6460,2023-09,1059,330.15,349.9
6461,2023-09,1060,98.86,104.26
6462,2023-09,1061,67.52,72.55
6463,2023-09,1062,104.43,110.83
6464,2023-09,1063,88.48,88.34
6465,2023-09,1064,119.53,115.84
6466,2023-09,1065,86.15,88.29
6467,2023-09,1066,91.65,96.44
6468,2023-09,1067,109.76,110.97
6469,2023-09,1068,108.3,110.68
6470,2023-09,1069,119.52,116.68
6471,2023-09,1070,77.64,75.43
6472,2023-09,1071,70.4,75.1
6473,2023-09,1072,92.92,100.14
6474,2023-09,1073,104.59,107.14
6475,2023-09,1074,69.62,73.46
6476,2023-09,1075,117.43,123.71
6477,2023-09,1076,74.23,73.76
6478,2023-09,1077,95.38,92.02
6479,2023-09,1078,122.59,119.51
6480,2023-09,1079,101.57,102.78
6481,2023-09,1080,387.55,416.78
6482,2023-09,1081,422.17,428.48
6483,2023-09,1082,612.9,599.38
6484,2023-09,1083,385.84,387.33
6485,2023-09,1084,403.36,424.35
6486,2023-09,1085,465.76,499.37
6487,2023-09,1086,506.13,496.56
6488,2023-09,1087,393.64,403.14
6489,2023-09,1088,585.44,589.31
6490,2023-09,1089,517.18,508.0
6491,2023-09,1090,554.17,581.52
6492,2023-09,1091,474.0,509.18
6493,2023-09,1092,638.22,663.04
6494,2023-09,1093,558.22,576.27
6495,2023-09,1094,517.93,534.69
6496,2023-09,1095,315.03,316.73
6497,2023-09,1096,673.35,672.04
6498,2023-09,1097,400.1,406.07
6499,2023-09,1098,445.7,474.21
6500,2023-09,1099,495.28,531.39
6501,2023-09,1100,951.43,939.8
6502,2023-09,1101,923.94,936.47
6503,2023-09,1102,849.42,847.44
6504,2023-09,1103,1273.73,1233.82
6505,2023-09,1104,708.0,684.82
6506,2023-09,1105,971.23,951.54
6507,2023-09,1106,797.81,798.23
6508,2023-09,1107,1008.79,997.12
6509,2023-09,1108,1004.47,1021.73
6510,2023-09,1109,830.92,874.14
6511,2023-09,1110,1227.72,1277.2
6512,2023-09,1111,880.49,944.31
6513,2023-09,1112,949.71,1024.97
6514,2023-09,1113,1239.27,1275.73
6515,2023-09,1114,992.21,962.01
6516,2023-09,1115,1022.08,1059.9
6517,2023-09,1116,1045.81,1115.74
6518,2023-09,1117,919.74,903.79
6519,2023-09,1118,797.8,854.81
6520,2023-09,1119,1090.17,1081.41
6521,2023-09,1120,69.16,70.46
6522,2023-09,1121,50.68,51.62
6523,2023-09,1122,59.03,59.87
6524,2023-09,1123,53.32,54.05
6525,2023-09,1124,65.43,67.31
6526,2023-09,1125,57.47,57.14
6527,2023-09,1126,46.74,48.72
6528,2023-09,1127,70.33,67.45
6529,2023-09,1128,39.46,41.85
6530,2023-09,1129,54.81,56.52
6531,2023-09,1130,60.85,64.49
6532,2023-09,1131,71.98,72.92
6533,2023-09,1132,56.05,54.51
6534,2023-09,1133,79.72,76.72
6535,2023-09,1134,56.17,56.76
6536,2023-09,1135,53.98,55.19
6537,2023-09,1136,49.13,50.98
6538,2023-09,1137,50.1,53.89
6539,2023-09,1138,61.31,61.1
6540,2023-09,1139,64.57,68.68
6541,2023-09,1140,906.73,968.02
6542,2023-09,1141,579.38,564.28
6543,2023-09,1142,569.03,586.7
6544,2023-09,1143,724.83,689.11
6545,2023-09,1144,572.72,563.94
6546,2023-09,1145,621.96,671.21
6547,2023-09,1146,543.35,584.32
6548,2023-09,1147,645.85,656.92
6549,2023-09,1148,533.49,565.39
6550,2023-09,1149,765.5,735.42
6551,2023-09,1150,621.7,626.34
6552,2023-09,1151,485.8,505.74
6553,2023-09,1152,741.48,779.21
6554,2023-09,1153,575.06,620.39
6555,2023-09,1154,576.08,577.97
6556,2023-09,1155,625.65,666.9
6557,2023-09,1156,497.65,536.82
6558,2023-09,1157,705.37,685.18
6559,2023-09,1158,722.5,718.13
6560,2023-09,1159,602.41,598.91
6561,2023-09,1160,62.1,62.55
6562,2023-09,1161,48.07,49.31
6563,2023-09,1162,55.46,53.78
6564,2023-09,1163,39.4,41.28
6565,2023-09,1164,34.32,33.95
6566,2023-09,1165,49.09,46.99
6567,2023-09,1166,52.8,52.58
6568,2023-09,1167,47.67,46.03
6569,2023-09,1168,46.19,49.51
6570,2023-09,1169,42.74,43.56
6571,2023-09,1170,59.44,60.24
6572,2023-09,1171,39.7,39.82
6573,2023-09,1172,43.25,45.12
6574,2023-09,1173,40.34,39.35
6575,2023-09,1174,42.39,40.93
6576,2023-09,1175,49.13,52.12
6577,2023-09,1176,54.52,54.1
6578,2023-09,1177,40.09,41.95
6579,2023-09,1178,37.61,40.45
6580,2023-09,1179,36.33,37.18
6581,2023-09,1180,125.33,122.82
6582,2023-09,1181,88.51,84.99
6583,2023-09,1182,93.57,97.68
6584,2023-09,1183,59.58,58.35
6585,2023-09,1184,67.06,64.36
6586,2023-09,1185,111.85,107.94
6587,2023-09,1186,105.4,107.33
6588,2023-09,1187,131.28,127.32
6589,2023-09,1188,85.33,83.22
6590,2023-09,1189,98.07,101.06
6591,2023-09,1190,97.82,102.81
6592,2023-09,1191,118.04,115.66
6593,2023-09,1192,117.52,115.35
6594,2023-09,1193,78.65,81.39
6595,2023-09,1194,107.22,108.39
6596,2023-09,1195,105.65,111.83
6597,2023-09,1196,72.0,68.69
6598,2023-09,1197,84.22,89.95
6599,2023-09,1198,104.4,104.24
6600,2023-09,1199,85.66,89.36
6601,2023-10,1000,536.66,522.54
6602,2023-10,1001,547.26,562.13
6603,2023-10,1002,576.41,616.68
6604,2023-10,1003,790.0,752.19
6605,2023-10,1004,559.59,585.06
6606,2023-10,1005,590.75,563.18
6607,2023-10,1006,659.98,665.08
6608,2023-10,1007,664.06,693.91
6609,2023-10,1008,593.78,585.45
6610,2023-10,1009,663.01,713.46
6611,2023-10,1010,783.68,810.67
6612,2023-10,1011,690.25,696.77
6613,2023-10,1012,690.09,689.31
6614,2023-10,1013,695.86,714.35
6615,2023-10,1014,944.44,916.79
6616,2023-10,1015,661.64,679.58
6617,2023-10,1016,809.49,781.8
6618,2023-10,1017,742.77,789.52
6619,2023-10,1018,750.0,761.03
6620,2023-10,1019,673.66,697.02
6621,2023-10,1020,473.94,485.28
6622,2023-10,1021,548.22,543.6
6623,2023-10,1022,508.78,545.57
6624,2023-10,1023,546.62,577.45
6625,2023-10,1024,422.2,407.22
6626,2023-10,1025,638.16,614.21
6627,2023-10,1026,526.5,556.19
6628,2023-10,1027,370.8,362.41
6629,2023-10,1028,388.75,401.97
6630,2023-10,1029,442.96,468.5
6631,2023-10,1030,501.81,492.24
6632,2023-10,1031,477.35,474.91
6633,2023-10,1032,442.85,477.11
6634,2023-10,1033,521.81,503.92
6635,2023-10,1034,497.88,530.84
6636,2023-10,1035,467.51,463.79
6637,2023-10,1036,489.54,526.4
6638,2023-10,1037,525.03,520.75
6639,2023-10,1038,454.19,457.08
6640,2023-10,1039,588.67,585.86
6641,2023-10,1040,243.31,242.32
6642,2023-10,1041,252.36,250.4
6643,2023-10,1042,323.0,327.39
6644,2023-10,1043,295.53,308.1
6645,2023-10,1044,327.35,345.67
6646,2023-10,1045,323.77,338.58
6647,2023-10,1046,401.9,431.54
6648,2023-10,1047,339.17,334.64
6649,2023-10,1048,429.51,410.45
6650,2023-10,1049,287.9,298.78
6651,2023-10,1050,382.16,368.99
6652,2023-10,1051,313.77,324.93
6653,2023-10,1052,288.4,278.72
6654,2023-10,1053,286.86,283.04
6655,2023-10,1054,387.59,399.16
6656,2023-10,1055,328.66,329.04
6657,2023-10,1056,264.02,256.78
6658,2023-10,1057,337.53,350.35
6659,2023-10,1058,400.53,419.86
6660,2023-10,1059,330.9,348.64
6661,2023-10,1060,104.08,109.61
6662,2023-10,1061,67.38,65.6
6663,2023-10,1062,102.11,104.86
6664,2023-10,1063,93.29,92.45
6665,2023-10,1064,113.44,121.12
6666,2023-10,1065,87.16,91.29
6667,2023-10,1066,88.28,94.81
6668,2023-10,1067,111.21,109.46
6669,2023-10,1068,109.63,108.23
6670,2023-10,1069,122.32,124.24
6671,2023-10,1070,78.19,78.22
6672,2023-10,1071,73.93,75.56
6673,2023-10,1072,97.04,100.17
6674,2023-10,1073,102.41,101.76
6675,2023-10,1074,68.16,69.82
6676,2023-10,1075,109.33,113.53
6677,2023-10,1076,77.79,75.03
6678,2023-10,1077,87.54,84.77
6679,2023-10,1078,120.47,119.07
6680,2023-10,1079,98.69,95.77
6681,2023-10,1080,403.58,414.56
6682,2023-10,1081,420.5,438.17
6683,2023-10,1082,622.36,671.27
6684,2023-10,1083,401.97,396.72
6685,2023-10,1084,436.31,430.52
6686,2023-10,1085,447.92,457.92
6687,2023-10,1086,523.23,545.33
6688,2023-10,1087,354.98,372.81
6689,2023-10,1088,577.87,618.67
6690,2023-10,1089,502.42,499.33
6691,2023-10,1090,547.81,587.05
6692,2023-10,1091,472.5,491.13
6693,2023-10,1092,693.42,684.63
6694,2023-10,1093,572.88,564.22
6695,2023-10,1094,530.06,510.53
6696,2023-10,1095,308.18,310.51
6697,2023-10,1096,671.02,668.1
6698,2023-10,1097,412.53,423.74
6699,2023-10,1098,478.99,472.71
6700,2023-10,1099,495.61,511.31
6701,2023-10,1100,973.03,943.48
6702,2023-10,1101,905.54,926.77
6703,2023-10,1102,908.7,875.1
6704,2023-10,1103,1330.01,1333.13
6705,2023-10,1104,731.58,709.78
6706,2023-10,1105,968.18,1030.11
6707,2023-10,1106,782.43,750.76
6708,2023-10,1107,1025.93,1022.11
6709,2023-10,1108,985.58,970.35
6710,2023-10,1109,834.86,833.58
6711,2023-10,1110,1181.63,1162.26
6712,2023-10,1111,878.44,922.26
6713,2023-10,1112,987.69,974.99
6714,2023-10,1113,1244.03,1253.98
6715,2023-10,1114,951.68,971.32
6716,2023-10,1115,976.14,939.29
6717,2023-10,1116,1096.4,1153.84
6718,2023-10,1117,896.2,900.02
6719,2023-10,1118,793.32,800.97
6720,2023-10,1119,1139.79,1111.65
6721,2023-10,1120,68.76,68.54
6722,2023-10,1121,51.95,51.54
6723,2023-10,1122,60.61,63.44
6724,2023-10,1123,52.71,56.07
6725,2023-10,1124,66.01,65.12
6726,2023-10,1125,54.81,54.72
6727,2023-10,1126,46.09,46.45
6728,2023-10,1127,71.56,70.27
6729,2023-10,1128,38.58,41.63
6730,2023-10,1129,55.85,56.19
6731,2023-10,1130,67.47,67.32
6732,2023-10,1131,74.22,71.85
6733,2023-10,1132,56.32,56.49
6734,2023-10,1133,80.12,77.34
6735,2023-10,1134,58.42,58.76
6736,2023-10,1135,56.13,59.74
6737,2023-10,1136,49.76,51.37
6738,2023-10,1137,51.31,50.19
6739,2023-10,1138,61.12,61.54
6740,2023-10,1139,66.26,70.66
6741,2023-10,1140,947.34,967.79
6742,2023-10,1141,584.82,621.15
6743,2023-10,1142,544.65,560.69
6744,2023-10,1143,744.03,712.73
6745,2023-10,1144,582.73,605.11
6746,2023-10,1145,641.67,610.12
6747,2023-10,1146,540.71,550.86
6748,2023-10,1147,621.46,667.38
6749,2023-10,1148,558.25,561.27
6750,2023-10,1149,791.37,799.95
6751,2023-10,1150,620.85,617.37
6752,2023-10,1151,494.18,487.31
6753,2023-10,1152,746.06,735.81
6754,2023-10,1153,554.39,561.51
6755,2023-10,1154,567.82,553.77
6756,2023-10,1155,652.84,680.18
6757,2023-10,1156,517.44,537.97
6758,2023-10,1157,701.8,732.42
6759,2023-10,1158,680.44,713.42
6760,2023-10,1159,614.5,658.24
6761,2023-10,1160,61.32,61.42
6762,2023-10,1161,48.04,48.93
6763,2023-10,1162,55.25,58.81
6764,2023-10,1163,39.34,42.32
6765,2023-10,1164,34.11,35.06
6766,2023-10,1165,50.9,53.71
6767,2023-10,1166,51.48,48.96
6768,2023-10,1167,46.75,46.78
6769,2023-10,1168,45.13,45.76
6770,2023-10,1169,43.76,42.93
6771,2023-10,1170,59.53,62.64
6772,2023-10,1171,40.3,39.16
6773,2023-10,1172,46.85,48.94
6774,2023-10,1173,40.9,42.8
6775,2023-10,1174,40.52,40.58
6776,2023-10,1175,49.09,51.33
6777,2023-10,1176,54.18,56.71
6778,2023-10,1177,41.91,44.41
6779,2023-10,1178,38.25,39.54
6780,2023-10,1179,37.32,37.34
6781,2023-10,1180,131.09,133.8
6782,2023-10,1181,90.03,89.97
6783,2023-10,1182,83.44,82.64
6784,2023-10,1183,57.84,59.87
6785,2023-10,1184,71.67,73.33
6786,2023-10,1185,110.27,105.33
6787,2023-10,1186,104.05,102.98
6788,2023-10,1187,128.0,134.46
6789,2023-10,1188,85.5,83.47
6790,2023-10,1189,98.89,98.22
6791,2023-10,1190,102.53,101.33
6792,2023-10,1191,117.08,118.47
6793,2023-10,1192,113.97,115.77
6794,2023-10,1193,77.11,80.72
6795,2023-10,1194,112.7,109.53
6796,2023-10,1195,104.53,105.85
6797,2023-10,1196,71.48,72.17
6798,2023-10,1197,80.46,84.8
6799,2023-10,1198,108.74,108.5
6800,2023-10,1199,85.02,81.57
6801,2023-11,1000,564.76,594.2
6802,2023-11,1001,575.38,618.46
6803,2023-11,1002,593.15,563.63
6804,2023-11,1003,800.26,772.01
6805,2023-11,1004,573.69,603.78
6806,2023-11,1005,578.59,564.66
6807,2023-11,1006,629.6,602.22
6808,2023-11,1007,675.8,694.04
6809,2023-11,1008,596.12,614.6
6810,2023-11,1009,661.29,652.04
6811,2023-11,1010,806.75,768.69
6812,2023-11,1011,684.79,737.84
6813,2023-11,1012,698.47,700.79
6814,2023-11,1013,680.82,707.56
6815,2023-11,1014,941.99,903.39
6816,2023-11,1015,678.67,664.68
6817,2023-11,1016,823.61,861.51
6818,2023-11,1017,747.83,789.49
6819,2023-11,1018,747.5,729.59
6820,2023-11,1019,683.6,707.65
6821,2023-11,1020,450.93,465.5
6822,2023-11,1021,556.02,586.68
6823,2023-11,1022,510.19,494.14
6824,2023-11,1023,518.86,493.16
6825,2023-11,1024,398.15,419.38
6826,2023-11,1025,614.87,596.58
6827,2023-11,1026,481.43,509.11
6828,2023-11,1027,364.52,367.77
6829,2023-11,1028,380.71,395.36
6830,2023-11,1029,436.35,464.41
6831,2023-11,1030,511.71,523.49
6832,2023-11,1031,487.65,504.39
6833,2023-11,1032,454.07,462.8
6834,2023-11,1033,522.35,535.93
6835,2023-11,1034,499.49,511.17
6836,2023-11,1035,487.35,497.13
6837,2023-11,1036,471.64,456.96
6838,2023-11,1037,520.45,547.93
6839,2023-11,1038,463.08,457.13
6840,2023-11,1039,595.08,633.36
6841,2023-11,1040,241.39,256.3
6842,2023-11,1041,244.34,255.39
6843,2023-11,1042,325.07,323.72
6844,2023-11,1043,281.84,281.04
6845,2023-11,1044,333.37,322.63
6846,2023-11,1045,332.9,327.55
6847,2023-11,1046,388.91,393.14
6848,2023-11,1047,356.24,359.67
6849,2023-11,1048,410.66,406.84
6850,2023-11,1049,290.45,282.74
6851,2023-11,1050,383.14,385.82
6852,2023-11,1051,324.11,317.16
6853,2023-11,1052,282.48,270.08
6854,2023-11,1053,302.7,315.24
6855,2023-11,1054,408.37,433.65
6856,2023-11,1055,321.52,307.53
6857,2023-11,1056,270.18,258.49
6858,2023-11,1057,334.65,340.99
6859,2023-11,1058,390.58,398.48
6860,2023-11,1059,326.21,317.35
6861,2023-11,1060,101.85,106.65
6862,2023-11,1061,66.18,68.93
6863,2023-11,1062,100.26,103.82
6864,2023-11,1063,89.85,95.65
6865,2023-11,1064,112.53,116.57
6866,2023-11,1065,87.86,89.69
6867,2023-11,1066,90.93,94.14
6868,2023-11,1067,110.97,106.54
6869,2023-11,1068,114.14,118.36
6870,2023-11,1069,114.15,118.52
6871,2023-11,1070,79.97,79.98
6872,2023-11,1071,72.87,70.21
6873,2023-11,1072,93.62,88.96
6874,2023-11,1073,105.44,110.85
6875,2023-11,1074,70.81,75.85
6876,2023-11,1075,118.48,127.43
6877,2023-11,1076,76.28,79.26
6878,2023-11,1077,89.23,87.74
6879,2023-11,1078,124.05,118.59
6880,2023-11,1079,99.67,97.35
6881,2023-11,1080,417.82,411.08
6882,2023-11,1081,420.26,452.91
6883,2023-11,1082,592.05,579.05
6884,2023-11,1083,390.19,378.4
6885,2023-11,1084,430.57,453.39
6886,2023-11,1085,461.08,471.07
6887,2023-11,1086,497.58,503.27
6888,2023-11,1087,363.92,381.78
6889,2023-11,1088,584.69,583.58
6890,2023-11,1089,514.74,512.45
6891,2023-11,1090,542.1,583.05
6892,2023-11,1091,502.82,528.21
6893,2023-11,1092,650.99,646.21
6894,2023-11,1093,554.36,574.9
6895,2023-11,1094,534.94,537.35
6896,2023-11,1095,307.04,302.09
6897,2023-11,1096,694.64,680.89
6898,2023-11,1097,427.05,454.16
6899,2023-11,1098,453.0,433.48
6900,2023-11,1099,490.06,494.83
6901,2023-11,1100,1002.21,1061.6
6902,2023-11,1101,910.43,932.42
6903,2023-11,1102,894.41,955.93
6904,2023-11,1103,1328.47,1359.17
6905,2023-11,1104,701.82,669.81
6906,2023-11,1105,966.11,990.69
6907,2023-11,1106,792.61,760.49
6908,2023-11,1107,1042.44,1096.33
6909,2023-11,1108,979.42,1053.34
6910,2023-11,1109,817.04,862.07
6911,2023-11,1110,1235.18,1251.03
6912,2023-11,1111,853.48,920.26
6913,2023-11,1112,975.24,1014.67
6914,2023-11,1113,1241.93,1321.35
6915,2023-11,1114,977.56,929.14
6916,2023-11,1115,1015.23,992.56
6917,2023-11,1116,1032.1,1056.32
6918,2023-11,1117,934.22,922.15
6919,2023-11,1118,825.58,830.89
6920,2023-11,1119,1128.73,1112.7
6921,2023-11,1120,70.52,69.81
6922,2023-11,1121,47.52,46.27
6923,2023-11,1122,58.94,60.65
6924,2023-11,1123,51.05,49.71
6925,2023-11,1124,63.44,65.09
6926,2023-11,1125,56.38,58.8
6927,2023-11,1126,47.54,45.29
6928,2023-11,1127,69.69,73.98
6929,2023-11,1128,41.24,41.01
6930,2023-11,1129,57.04,57.3
6931,2023-11,1130,62.05,64.61
6932,2023-11,1131,72.26,77.93
6933,2023-11,1132,56.08,59.48
6934,2023-11,1133,77.46,77.7
6935,2023-11,1134,58.07,62.39
6936,2023-11,1135,57.59,56.75
6937,2023-11,1136,53.83,55.87
6938,2023-11,1137,48.54,48.45
6939,2023-11,1138,61.13,59.79
6940,2023-11,1139,64.91,67.32
6941,2023-11,1140,932.12,885.76
6942,2023-11,1141,572.68,560.17
6943,2023-11,1142,571.27,556.52
6944,2023-11,1143,752.07,729.28
6945,2023-11,1144,578.15,574.4
6946,2023-11,1145,617.46,609.04
6947,2023-11,1146,529.78,562.64
6948,2023-11,1147,613.03,647.95
6949,2023-11,1148,526.9,523.24
6950,2023-11,1149,756.91,763.37
6951,2023-11,1150,633.36,675.95
6952,2023-11,1151,490.8,527.25
6953,2023-11,1152,779.26,765.07
6954,2023-11,1153,556.67,599.92
6955,2023-11,1154,594.0,575.5
6956,2023-11,1155,652.64,635.92
6957,2023-11,1156,497.8,527.57
6958,2023-11,1157,701.43,755.37
6959,2023-11,1158,726.66,709.91
6960,2023-11,1159,595.76,569.49
6961,2023-11,1160,59.98,60.83
6962,2023-11,1161,46.75,48.73
6963,2023-11,1162,54.68,55.58
6964,2023-11,1163,38.91,37.21
6965,2023-11,1164,33.82,34.6
6966,2023-11,1165,49.63,51.44
6967,2023-11,1166,47.41,47.88
6968,2023-11,1167,46.92,46.49
6969,2023-11,1168,46.16,45.34
6970,2023-11,1169,42.27,44.33
6971,2023-11,1170,61.61,63.62
6972,2023-11,1171,38.62,37.4
6973,2023-11,1172,47.83,49.21
6974,2023-11,1173,39.75,39.18
6975,2023-11,1174,42.98,41.66
6976,2023-11,1175,50.23,52.11
6977,2023-11,1176,53.16,51.24
6978,2023-11,1177,40.99,42.25
6979,2023-11,1178,37.22,40.11
6980,2023-11,1179,38.2,39.83
6981,2023-11,1180,120.71,119.07
6982,2023-11,1181,90.59,86.97
6983,2023-11,1182,88.13,93.04
6984,2023-11,1183,56.94,56.82
6985,2023-11,1184,68.47,69.66
6986,2023-11,1185,109.24,109.82
6987,2023-11,1186,102.23,105.83
6988,2023-11,1187,130.78,137.86
6989,2023-11,1188,82.51,78.84
6990,2023-11,1189,101.42,104.76
6991,2023-11,1190,104.48,109.75
6992,2023-11,1191,109.96,108.23
6993,2023-11,1192,116.24,122.35
6994,2023-11,1193,77.66,82.73
6995,2023-11,1194,109.18,110.84
6996,2023-11,1195,100.23,99.8
6997,2023-11,1196,75.95,73.48
6998,2023-11,1197,82.36,84.93
6999,2023-11,1198,109.9,104.66
7000,2023-11,1199,90.61,97.04
7001,2023-12,1000,564.86,537.47
7002,2023-12,1001,572.03,577.23
7003,2023-12,1002,602.21,592.54
7004,2023-12,1003,813.92,870.34
7005,2023-12,1004,590.71,632.38
7006,2023-12,1005,592.76,606.22
7007,2023-12,1006,667.35,671.17
7008,2023-12,1007,653.02,689.51
7009,2023-12,1008,598.52,597.65
7010,2023-12,1009,638.87,652.83
7011,2023-12,1010,836.31,895.23
7012,2023-12,1011,701.97,717.48
7013,2023-12,1012,718.17,773.73
7014,2023-12,1013,709.25,715.95
7015,2023-12,1014,953.9,994.98
7016,2023-12,1015,697.67,663.21
7017,2023-12,1016,790.48,774.9
7018,2023-12,1017,711.33,713.54
7019,2023-12,1018,757.18,747.69
7020,2023-12,1019,678.06,689.77
7021,2023-12,1020,461.35,440.39
7022,2023-12,1021,533.4,522.92
7023,2023-12,1022,513.4,551.07
7024,2023-12,1023,532.62,550.77
7025,2023-12,1024,426.36,442.85
7026,2023-12,1025,636.88,609.0
7027,2023-12,1026,501.41,479.04
7028,2023-12,1027,344.59,364.38
7029,2023-12,1028,394.11,393.84
7030,2023-12,1029,434.32,415.88
7031,2023-12,1030,527.7,544.34
7032,2023-12,1031,467.9,491.26
7033,2023-12,1032,448.36,428.13
7034,2023-12,1033,546.51,577.32
7035,2023-12,1034,498.29,484.91
7036,2023-12,1035,494.39,523.41
7037,2023-12,1036,478.27,457.38
7038,2023-12,1037,517.5,540.14
7039,2023-12,1038,463.03,483.11
7040,2023-12,1039,596.35,632.44
7041,2023-12,1040,237.05,244.98
7042,2023-12,1041,258.39,258.75
7043,2023-12,1042,317.21,340.13
7044,2023-12,1043,281.83,273.68
7045,2023-12,1044,323.76,333.18
7046,2023-12,1045,346.37,355.2
7047,2023-12,1046,414.96,433.9
7048,2023-12,1047,372.57,359.69
7049,2023-12,1048,421.58,452.67
7050,2023-12,1049,297.63,314.12
7051,2023-12,1050,381.25,371.73
7052,2023-12,1051,334.9,332.79
7053,2023-12,1052,284.48,302.71
7054,2023-12,1053,281.08,303.28
7055,2023-12,1054,392.64,379.31
7056,2023-12,1055,312.27,298.99
7057,2023-12,1056,276.11,271.58
7058,2023-12,1057,336.13,333.84
7059,2023-12,1058,403.1,384.97
7060,2023-12,1059,327.64,353.62
7061,2023-12,1060,98.68,94.07
7062,2023-12,1061,68.09,65.47
7063,2023-12,1062,102.93,108.76
7064,2023-12,1063,92.61,97.16
7065,2023-12,1064,115.17,119.51
7066,2023-12,1065,86.91,93.79
7067,2023-12,1066,90.9,95.35
7068,2023-12,1067,108.1,105.44
7069,2023-12,1068,112.17,116.31
7070,2023-12,1069,117.13,125.42
7071,2023-12,1070,77.28,83.11
7072,2023-12,1071,73.06,70.65
7073,2023-12,1072,88.8,95.29
7074,2023-12,1073,106.29,114.13
7075,2023-12,1074,74.07,74.47
7076,2023-12,1075,111.91,115.51
7077,2023-12,1076,75.41,79.47
7078,2023-12,1077,93.45,99.85
7079,2023-12,1078,121.84,124.88
7080,2023-12,1079,101.25,103.99
7081,2023-12,1080,417.16,416.82
7082,2023-12,1081,431.19,457.9
7083,2023-12,1082,622.91,606.9
7084,2023-12,1083,398.53,384.92
7085,2023-12,1084,423.0,417.24
7086,2023-12,1085,477.68,512.66
7087,2023-12,1086,487.68,480.9
7088,2023-12,1087,369.64,375.79
7089,2023-12,1088,603.6,617.81
7090,2023-12,1089,478.91,503.99
7091,2023-12,1090,557.54,583.71
7092,2023-12,1091,484.16,488.44
7093,2023-12,1092,641.84,659.14
7094,2023-12,1093,536.96,522.23
7095,2023-12,1094,530.19,542.42
7096,2023-12,1095,305.93,304.24
7097,2023-12,1096,683.73,737.85
7098,2023-12,1097,424.33,457.71
7099,2023-12,1098,464.56,470.44
7100,2023-12,1099,499.2,504.42
7101,2023-12,1100,964.65,959.12
7102,2023-12,1101,859.27,888.72
7103,2023-12,1102,869.45,888.54
7104,2023-12,1103,1334.25,1302.09
7105,2023-12,1104,721.41,729.84
7106,2023-12,1105,966.99,961.01
7107,2023-12,1106,823.71,858.19
7108,2023-12,1107,1058.77,1015.38
7109,2023-12,1108,1002.26,985.5
7110,2023-12,1109,841.42,808.75
7111,2023-12,1110,1216.87,1166.78
7112,2023-12,1111,903.25,975.29
7113,2023-12,1112,966.51,1007.04
7114,2023-12,1113,1273.9,1297.24
7115,2023-12,1114,928.12,887.21
7116,2023-12,1115,1020.82,1082.3
7117,2023-12,1116,1059.86,1014.95
7118,2023-12,1117,913.0,874.04
7119,2023-12,1118,803.4,797.75
7120,2023-12,1119,1041.68,1081.09
7121,2023-12,1120,69.49,75.02
7122,2023-12,1121,48.1,49.01
7123,2023-12,1122,59.55,58.24
7124,2023-12,1123,49.94,52.42
7125,2023-12,1124,65.38,65.98
7126,2023-12,1125,58.46,61.16
7127,2023-12,1126,47.87,48.51
7128,2023-12,1127,69.66,72.33
7129,2023-12,1128,39.73,38.0
7130,2023-12,1129,53.65,53.96
7131,2023-12,1130,64.71,65.68
7132,2023-12,1131,69.25,66.34
7133,2023-12,1132,55.64,55.22
7134,2023-12,1133,79.81,78.28
7135,2023-12,1134,58.31,62.44
7136,2023-12,1135,54.76,58.8
7137,2023-12,1136,51.2,53.27
7138,2023-12,1137,49.27,47.86
7139,2023-12,1138,60.45,60.62
7140,2023-12,1139,63.44,63.02
7141,2023-12,1140,968.24,958.01
7142,2023-12,1141,561.51,569.64
7143,2023-12,1142,547.54,530.68
7144,2023-12,1143,710.57,691.88
7145,2023-12,1144,571.85,560.67
7146,2023-12,1145,637.33,646.67
7147,2023-12,1146,539.38,528.3
7148,2023-12,1147,633.0,674.24
7149,2023-12,1148,569.51,591.43
7150,2023-12,1149,785.14,749.98
7151,2023-12,1150,624.7,607.43
7152,2023-12,1151,511.44,521.91
7153,2023-12,1152,773.98,813.79
7154,2023-12,1153,541.8,568.02
7155,2023-12,1154,605.37,647.44
7156,2023-12,1155,629.05,610.23
7157,2023-12,1156,503.63,526.11
7158,2023-12,1157,711.44,724.42
7159,2023-12,1158,726.33,765.84
7160,2023-12,1159,603.07,582.77
7161,2023-12,1160,63.55,66.53
7162,2023-12,1161,49.07,48.35
7163,2023-12,1162,55.83,54.86
7164,2023-12,1163,39.73,38.35
7165,2023-12,1164,32.55,32.89
7166,2023-12,1165,52.14,52.31
7167,2023-12,1166,47.53,49.47
7168,2023-12,1167,44.76,45.69
7169,2023-12,1168,45.35,46.38
7170,2023-12,1169,42.17,42.42
7171,2023-12,1170,61.01,59.49
7172,2023-12,1171,41.72,44.72
7173,2023-12,1172,46.56,50.09
7174,2023-12,1173,41.1,42.71
7175,2023-12,1174,39.1,40.14
7176,2023-12,1175,48.74,51.78
7177,2023-12,1176,53.01,51.72
7178,2023-12,1177,41.12,39.68
7179,2023-12,1178,39.05,41.72
7180,2023-12,1179,37.25,39.72
7181,2023-12,1180,119.05,124.32
7182,2023-12,1181,87.57,90.38
7183,2023-12,1182,91.71,94.22
7184,2023-12,1183,59.08,61.03
7185,2023-12,1184,68.61,71.0
7186,2023-12,1185,109.41,108.24
7187,2023-12,1186,109.57,108.91
7188,2023-12,1187,128.37,125.73
7189,2023-12,1188,87.66,85.11
7190,2023-12,1189,100.2,95.72
7191,2023-12,1190,101.67,102.19
7192,2023-12,1191,119.66,117.94
7193,2023-12,1192,108.95,104.41
7194,2023-12,1193,78.68,80.1
7195,2023-12,1194,108.27,109.49
7196,2023-12,1195,104.48,107.99
7197,2023-12,1196,72.16,73.51
7198,2023-12,1197,82.48,88.64
7199,2023-12,1198,101.93,105.67
7200,2023-12,1199,83.12,79.66
7201,2024-01,1000,595.61,579.44
7202,2024-01,1001,568.23,580.23
7203,2024-01,1002,616.04,602.46
7204,2024-01,1003,838.07,853.16
7205,2024-01,1004,575.2,609.53
7206,2024-01,1005,612.64,641.84
7207,2024-01,1006,643.86,620.92
7208,2024-01,1007,659.2,672.51
7209,2024-01,1008,588.55,569.24
7210,2024-01,1009,631.9,612.06
7211,2024-01,1010,805.77,860.64
7212,2024-01,1011,703.12,690.25
7213,2024-01,1012,707.49,713.6
7214,2024-01,1013,713.13,693.38
7215,2024-01,1014,1016.45,984.23
7216,2024-01,1015,684.66,681.45
7217,2024-01,1016,826.02,802.6
7218,2024-01,1017,775.54,787.03
7219,2024-01,1018,793.61,784.0
7220,2024-01,1019,718.44,712.06
7221,2024-01,1020,431.71,432.19
7222,2024-01,1021,571.77,602.39
7223,2024-01,1022,541.23,553.41
7224,2024-01,1023,547.01,532.82
7225,2024-01,1024,431.5,443.53
7226,2024-01,1025,626.56,663.26
7227,2024-01,1026,498.27,490.24
7228,2024-01,1027,381.83,399.25
7229,2024-01,1028,409.68,411.45
7230,2024-01,1029,427.82,416.86
7231,2024-01,1030,514.31,550.8
7232,2024-01,1031,476.2,476.27
7233,2024-01,1032,455.83,485.25
7234,2024-01,1033,519.26,514.83
7235,2024-01,1034,506.57,539.98
7236,2024-01,1035,501.17,502.89
7237,2024-01,1036,501.09,537.93
7238,2024-01,1037,531.4,561.45
7239,2024-01,1038,456.22,437.55
7240,2024-01,1039,599.4,625.74
7241,2024-01,1040,237.89,244.32
7242,2024-01,1041,244.67,253.71
7243,2024-01,1042,334.96,322.64
7244,2024-01,1043,284.24,305.46
7245,2024-01,1044,360.69,371.98
7246,2024-01,1045,348.16,352.52
7247,2024-01,1046,418.56,447.02
7248,2024-01,1047,373.63,369.74
7249,2024-01,1048,442.49,464.4
7250,2024-01,1049,308.25,298.02
7251,2024-01,1050,411.54,415.01
7252,2024-01,1051,343.2,360.32
7253,2024-01,1052,280.97,299.29
7254,2024-01,1053,299.18,303.09
7255,2024-01,1054,407.1,420.0
7256,2024-01,1055,335.67,347.26
7257,2024-01,1056,267.45,288.77
7258,2024-01,1057,346.31,372.04
7259,2024-01,1058,430.65,434.19
7260,2024-01,1059,349.76,353.69
7261,2024-01,1060,99.55,96.72
7262,2024-01,1061,72.09,76.77
7263,2024-01,1062,103.33,100.86
7264,2024-01,1063,94.28,95.28
7265,2024-01,1064,115.43,120.3
7266,2024-01,1065,88.78,88.34
7267,2024-01,1066,94.76,101.13
7268,2024-01,1067,111.15,108.75
7269,2024-01,1068,110.58,112.0
7270,2024-01,1069,119.83,125.33
7271,2024-01,1070,82.18,87.75
7272,2024-01,1071,75.21,75.75
7273,2024-01,1072,94.09,97.27
7274,2024-01,1073,106.4,112.1
7275,2024-01,1074,70.96,68.39
7276,2024-01,1075,117.14,118.39
7277,2024-01,1076,75.1,77.3
7278,2024-01,1077,95.08,98.01
7279,2024-01,1078,121.78,122.02
7280,2024-01,1079,108.24,112.89
7281,2024-01,1080,405.16,433.03
7282,2024-01,1081,437.05,436.45
7283,2024-01,1082,624.67,640.6
7284,2024-01,1083,398.74,425.99
7285,2024-01,1084,421.17,403.72
7286,2024-01,1085,489.27,517.08
7287,2024-01,1086,507.49,544.11
7288,2024-01,1087,373.44,390.22
7289,2024-01,1088,598.83,604.29
7290,2024-01,1089,500.39,525.44
7291,2024-01,1090,536.5,531.19
7292,2024-01,1091,494.31,502.04
7293,2024-01,1092,670.57,675.41
7294,2024-01,1093,573.49,583.73
7295,2024-01,1094,534.74,516.69
7296,2024-01,1095,310.24,310.68
7297,2024-01,1096,670.19,700.11
7298,2024-01,1097,411.28,428.9
7299,2024-01,1098,475.2,499.21
7300,2024-01,1099,510.45,509.33
7301,2024-01,1100,988.62,1028.21
7302,2024-01,1101,931.03,985.4
7303,2024-01,1102,914.99,957.81
7304,2024-01,1103,1350.78,1409.23
7305,2024-01,1104,744.46,767.37
7306,2024-01,1105,996.07,1050.53
7307,2024-01,1106,844.19,836.3
7308,2024-01,1107,1069.77,1119.45
7309,2024-01,1108,1002.32,983.97
7310,2024-01,1109,816.55,788.03
7311,2024-01,1110,1231.02,1308.97
7312,2024-01,1111,885.76,933.99
7313,2024-01,1112,990.24,987.84
7314,2024-01,1113,1196.57,1240.3
7315,2024-01,1114,962.25,990.49
7316,2024-01,1115,1008.21,964.55
7317,2024-01,1116,1092.29,1071.36
7318,2024-01,1117,923.73,878.84
7319,2024-01,1118,835.33,798.15
7320,2024-01,1119,1084.29,1134.3
7321,2024-01,1120,74.96,76.03
7322,2024-01,1121,52.23,55.65
7323,2024-01,1122,61.35,65.49
7324,2024-01,1123,52.39,55.36
7325,2024-01,1124,66.01,69.3
7326,2024-01,1125,57.18,54.67
7327,2024-01,1126,47.09,46.46
7328,2024-01,1127,72.13,71.27
7329,2024-01,1128,40.96,40.44
7330,2024-01,1129,54.73,53.53
7331,2024-01,1130,62.87,61.68
7332,2024-01,1131,75.91,73.83
7333,2024-01,1132,57.55,59.34
7334,2024-01,1133,80.31,85.6
7335,2024-01,1134,58.1,60.16
7336,2024-01,1135,56.98,57.96
7337,2024-01,1136,52.06,52.32
7338,2024-01,1137,51.62,51.29
7339,2024-01,1138,62.0,61.87
7340,2024-01,1139,69.43,73.85
7341,2024-01,1140,928.64,949.29
7342,2024-01,1141,608.5,625.44
7343,2024-01,1142,580.8,587.24
7344,2024-01,1143,743.1,717.77
7345,2024-01,1144,564.05,599.09
7346,2024-01,1145,634.19,671.17
7347,2024-01,1146,559.12,550.65
7348,2024-01,1147,639.51,643.52
7349,2024-01,1148,561.56,605.47
7350,2024-01,1149,805.26,776.07
7351,2024-01,1150,634.11,659.12
7352,2024-01,1151,505.55,533.44
7353,2024-01,1152,769.94,752.49
7354,2024-01,1153,572.64,581.07
7355,2024-01,1154,618.21,607.2
7356,2024-01,1155,649.16,622.45
7357,2024-01,1156,512.11,494.13
7358,2024-01,1157,752.56,797.31
7359,2024-01,1158,726.75,721.85
7360,2024-01,1159,619.31,632.18
7361,2024-01,1160,62.97,66.89
7362,2024-01,1161,48.47,52.25
7363,2024-01,1162,56.06,60.0
7364,2024-01,1163,41.73,41.18
7365,2024-01,1164,35.55,34.0
7366,2024-01,1165,50.49,48.02
7367,2024-01,1166,49.34,51.7
7368,2024-01,1167,46.17,44.61
7369,2024-01,1168,48.09,49.98
7370,2024-01,1169,43.35,45.17
7371,2024-01,1170,59.92,59.53
7372,2024-01,1171,40.51,42.07
7373,2024-01,1172,46.23,45.56
7374,2024-01,1173,43.61,42.48
7375,2024-01,1174,44.22,46.6
7376,2024-01,1175,51.63,51.33
7377,2024-01,1176,55.27,53.75
7378,2024-01,1177,39.59,37.69
7379,2024-01,1178,39.16,39.22
7380,2024-01,1179,38.44,37.82
7381,2024-01,1180,130.89,129.52
7382,2024-01,1181,95.35,102.74
7383,2024-01,1182,87.69,92.99
7384,2024-01,1183,59.68,63.04
7385,2024-01,1184,73.58,76.17
7386,2024-01,1185,108.54,107.13
7387,2024-01,1186,104.26,108.21
7388,2024-01,1187,130.42,137.96
7389,2024-01,1188,88.32,86.66
7390,2024-01,1189,104.4,109.15
7391,2024-01,1190,99.66,97.02
7392,2024-01,1191,111.43,109.48
7393,2024-01,1192,117.86,117.21
7394,2024-01,1193,77.73,79.69
7395,2024-01,1194,117.09,119.47
7396,2024-01,1195,108.16,111.0
7397,2024-01,1196,74.72,76.44
7398,2024-01,1197,78.62,80.23
7399,2024-01,1198,112.64,115.22
7400,2024-01,1199,82.42,88.88
7401,2024-02,1000,585.97,587.77
7402,2024-02,1001,589.12,582.18
7403,2024-02,1002,591.66,610.37
7404,2024-02,1003,813.06,786.71
7405,2024-02,1004,594.18,636.89
7406,2024-02,1005,609.87,613.1
7407,2024-02,1006,652.58,628.56
7408,2024-02,1007,655.92,675.69
7409,2024-02,1008,612.45,637.01
7410,2024-02,1009,679.93,668.0
7411,2024-02,1010,872.68,885.29
7412,2024-02,1011,711.18,701.13
7413,2024-02,1012,722.51,762.1
7414,2024-02,1013,709.06,674.03
7415,2024-02,1014,975.31,1053.03
7416,2024-02,1015,691.3,675.59
7417,2024-02,1016,840.15,866.33
7418,2024-02,1017,768.41,816.35
7419,2024-02,1018,789.72,813.97
7420,2024-02,1019,712.96,712.97
7421,2024-02,1020,475.42,472.23
7422,2024-02,1021,576.15,577.25
7423,2024-02,1022,501.17,533.77
7424,2024-02,1023,547.86,526.66
7425,2024-02,1024,431.0,431.96
7426,2024-02,1025,639.9,662.84
7427,2024-02,1026,523.81,555.29
7428,2024-02,1027,376.11,390.69
7429,2024-02,1028,389.33,387.65
7430,2024-02,1029,464.17,466.9
7431,2024-02,1030,534.16,538.94
7432,2024-02,1031,462.54,496.91
7433,2024-02,1032,452.66,476.43
7434,2024-02,1033,532.05,535.79
7435,2024-02,1034,505.23,487.63
7436,2024-02,1035,510.59,487.19
7437,2024-02,1036,496.02,476.77
7438,2024-02,1037,522.63,512.91
7439,2024-02,1038,480.58,491.9
7440,2024-02,1039,615.11,597.55
7441,2024-02,1040,244.65,240.62
7442,2024-02,1041,257.62,260.55
7443,2024-02,1042,337.82,340.65
7444,2024-02,1043,297.84,294.81
7445,2024-02,1044,330.63,352.39
7446,2024-02,1045,341.69,332.67
7447,2024-02,1046,411.92,397.01
7448,2024-02,1047,367.42,366.37
7449,2024-02,1048,420.62,416.38
7450,2024-02,1049,301.6,298.21
7451,2024-02,1050,392.54,394.64
7452,2024-02,1051,339.01,344.02
7453,2024-02,1052,299.95,300.32
7454,2024-02,1053,302.34,318.55
7455,2024-02,1054,415.5,396.05
7456,2024-02,1055,326.96,319.57
7457,2024-02,1056,276.08,294.93
7458,2024-02,1057,339.84,337.35
7459,2024-02,1058,413.48,411.39
7460,2024-02,1059,338.27,331.84
7461,2024-02,1060,99.7,107.61
7462,2024-02,1061,70.84,72.49
7463,2024-02,1062,106.37,110.52
7464,2024-02,1063,96.04,94.8
7465,2024-02,1064,115.66,111.94
7466,2024-02,1065,84.62,82.66
7467,2024-02,1066,88.03,85.93
7468,2024-02,1067,111.24,117.14
7469,2024-02,1068,116.63,114.46
7470,2024-02,1069,120.74,127.14
7471,2024-02,1070,78.43,81.52
7472,2024-02,1071,72.55,77.73
7473,2024-02,1072,98.9,94.72
7474,2024-02,1073,110.5,107.83
7475,2024-02,1074,71.47,71.57
7476,2024-02,1075,108.5,116.29
7477,2024-02,1076,77.08,74.1
7478,2024-02,1077,91.58,91.31
7479,2024-02,1078,126.61,133.6
7480,2024-02,1079,108.6,115.55
7481,2024-02,1080,399.6,414.44
7482,2024-02,1081,442.41,437.51
7483,2024-02,1082,619.89,664.24
7484,2024-02,1083,404.75,400.52
7485,2024-02,1084,421.05,408.95
7486,2024-02,1085,488.81,499.68
7487,2024-02,1086,511.28,546.75
7488,2024-02,1087,369.83,374.27
7489,2024-02,1088,625.41,629.72
7490,2024-02,1089,511.36,513.83
7491,2024-02,1090,585.56,607.13
7492,2024-02,1091,512.3,525.32
7493,2024-02,1092,688.82,729.48
7494,2024-02,1093,564.24,582.75
7495,2024-02,1094,557.02,593.92
7496,2024-02,1095,317.01,342.3
7497,2024-02,1096,691.5,675.58
7498,2024-02,1097,420.68,432.3
7499,2024-02,1098,492.9,520.68
7500,2024-02,1099,506.54,524.47
7501,2024-02,1100,974.66,1008.18
7502,2024-02,1101,935.51,907.19
7503,2024-02,1102,920.71,948.36
7504,2024-02,1103,1402.33,1411.27
7505,2024-02,1104,734.81,707.57
7506,2024-02,1105,1009.8,1028.35
7507,2024-02,1106,776.57,792.4
7508,2024-02,1107,1038.37,1105.61
7509,2024-02,1108,993.91,1039.0
7510,2024-02,1109,818.0,880.42
7511,2024-02,1110,1245.92,1292.69
7512,2024-02,1111,928.64,990.93
7513,2024-02,1112,956.16,987.24
7514,2024-02,1113,1271.81,1208.69
7515,2024-02,1114,970.37,985.3
7516,2024-02,1115,1006.05,1042.4
7517,2024-02,1116,1106.84,1170.52
7518,2024-02,1117,927.71,891.94
7519,2024-02,1118,870.79,883.62
7520,2024-02,1119,1073.73,1022.24
7521,2024-02,1120,69.7,72.65
7522,2024-02,1121,51.29,49.49
7523,2024-02,1122,60.57,64.02
7524,2024-02,1123,53.4,53.39
7525,2024-02,1124,65.94,66.89
7526,2024-02,1125,58.08,55.4
7527,2024-02,1126,51.26,53.13
7528,2024-02,1127,74.59,75.25
7529,2024-02,1128,38.81,41.22
7530,2024-02,1129,55.05,53.28
7531,2024-02,1130,61.42,63.42
7532,2024-02,1131,72.6,72.65
7533,2024-02,1132,56.71,60.75
7534,2024-02,1133,79.08,81.35
7535,2024-02,1134,60.0,57.25
7536,2024-02,1135,58.24,59.33
7537,2024-02,1136,54.1,52.04
7538,2024-02,1137,51.45,51.33
7539,2024-02,1138,60.76,58.08
7540,2024-02,1139,66.72,66.3
7541,2024-02,1140,936.21,906.22
7542,2024-02,1141,597.74,594.55
7543,2024-02,1142,593.36,589.35
7544,2024-02,1143,714.87,682.81
7545,2024-02,1144,607.04,631.47
7546,2024-02,1145,635.5,657.8
7547,2024-02,1146,504.24,497.52
7548,2024-02,1147,633.65,670.82
7549,2024-02,1148,578.82,602.4
7550,2024-02,1149,796.51,766.0
7551,2024-02,1150,641.83,653.33
7552,2024-02,1151,485.18,473.31
7553,2024-02,1152,755.38,748.53
7554,2024-02,1153,592.51,615.05
7555,2024-02,1154,571.92,605.41
7556,2024-02,1155,645.06,680.99
7557,2024-02,1156,496.78,525.99
7558,2024-02,1157,753.35,763.93
7559,2024-02,1158,711.0,690.75
7560,2024-02,1159,616.09,648.76
7561,2024-02,1160,63.27,60.58
7562,2024-02,1161,48.5,51.75
7563,2024-02,1162,58.51,58.03
7564,2024-02,1163,39.3,40.27
7565,2024-02,1164,33.95,34.55
7566,2024-02,1165,50.53,49.76
7567,2024-02,1166,51.14,52.17
7568,2024-02,1167,48.65,50.66
7569,2024-02,1168,46.91,47.09
7570,2024-02,1169,43.23,46.32
7571,2024-02,1170,59.51,58.64
7572,2024-02,1171,39.95,42.73
7573,2024-02,1172,47.72,48.69
7574,2024-02,1173,42.38,40.82
7575,2024-02,1174,41.94,41.77
7576,2024-02,1175,50.52,49.95
7577,2024-02,1176,54.6,53.87
7578,2024-02,1177,43.57,45.98
7579,2024-02,1178,39.19,40.87
7580,2024-02,1179,38.46,41.37
7581,2024-02,1180,119.67,124.39
7582,2024-02,1181,88.05,95.03
7583,2024-02,1182,92.58,96.89
7584,2024-02,1183,59.49,58.21
7585,2024-02,1184,70.53,71.22
7586,2024-02,1185,109.06,108.85
7587,2024-02,1186,108.41,111.69
7588,2024-02,1187,135.47,129.36
7589,2024-02,1188,91.49,94.84
7590,2024-02,1189,101.94,97.32
7591,2024-02,1190,104.05,107.33
7592,2024-02,1191,120.37,124.0
7593,2024-02,1192,116.03,113.26
7594,2024-02,1193,79.61,75.64
7595,2024-02,1194,114.31,112.89
7596,2024-02,1195,105.18,104.55
7597,2024-02,1196,74.85,72.42
7598,2024-02,1197,84.18,83.99
7599,2024-02,1198,112.76,115.92
7600,2024-02,1199,87.39,89.47
7601,2024-03,1000,577.46,620.58
7602,2024-03,1001,585.45,615.62
7603,2024-03,1002,612.2,657.34
7604,2024-03,1003,819.78,876.61
7605,2024-03,1004,577.94,607.5
7606,2024-03,1005,606.89,641.08
7607,2024-03,1006,659.91,671.91
7608,2024-03,1007,674.05,721.39
7609,2024-03,1008,636.21,620.35
7610,2024-03,1009,665.07,706.71
7611,2024-03,1010,823.02,858.5
7612,2024-03,1011,713.1,759.07
7613,2024-03,1012,716.47,707.85
7614,2024-03,1013,672.68,650.89
7615,2024-03,1014,981.79,1052.18
7616,2024-03,1015,717.69,719.13
7617,2024-03,1016,858.51,827.85
7618,2024-03,1017,784.11,811.7
7619,2024-03,1018,758.77,762.33
7620,2024-03,1019,713.09,749.86
7621,2024-03,1020,450.06,474.13
7622,2024-03,1021,568.13,598.54
7623,2024-03,1022,529.08,534.29
7624,2024-03,1023,558.3,574.14
7625,2024-03,1024,418.47,408.19
7626,2024-03,1025,630.53,622.12
7627,2024-03,1026,522.79,509.2
7628,2024-03,1027,373.64,376.89
7629,2024-03,1028,401.22,400.25
7630,2024-03,1029,465.43,487.31
7631,2024-03,1030,504.35,514.38
7632,2024-03,1031,480.87,466.6
7633,2024-03,1032,440.32,440.19
7634,2024-03,1033,525.67,515.37
7635,2024-03,1034,511.88,516.76
7636,2024-03,1035,491.78,486.23
7637,2024-03,1036,495.41,484.89
7638,2024-03,1037,511.94,523.88
7639,2024-03,1038,473.86,466.2
7640,2024-03,1039,599.72,609.03
7641,2024-03,1040,241.5,242.74
7642,2024-03,1041,252.94,243.91
7643,2024-03,1042,342.82,348.11
7644,2024-03,1043,293.78,291.85
7645,2024-03,1044,338.25,338.23
7646,2024-03,1045,347.01,334.96
7647,2024-03,1046,404.68,395.06
7648,2024-03,1047,378.58,359.79
7649,2024-03,1048,443.09,475.86
7650,2024-03,1049,325.8,315.11
7651,2024-03,1050,389.86,388.92
7652,2024-03,1051,333.65,319.69
7653,2024-03,1052,282.69,292.3
7654,2024-03,1053,311.4,326.11
7655,2024-03,1054,404.27,396.87
7656,2024-03,1055,323.52,313.62
7657,2024-03,1056,274.61,287.07
7658,2024-03,1057,325.95,349.04
7659,2024-03,1058,405.58,407.08
7660,2024-03,1059,348.19,357.66
7661,2024-03,1060,108.73,117.33
7662,2024-03,1061,68.16,71.32
7663,2024-03,1062,102.34,100.15
7664,2024-03,1063,91.68,95.04
7665,2024-03,1064,116.32,116.25
7666,2024-03,1065,86.28,92.54
7667,2024-03,1066,96.31,93.25
7668,2024-03,1067,110.87,113.63
7669,2024-03,1068,114.33,121.88
7670,2024-03,1069,122.12,130.22
7671,2024-03,1070,79.38,80.02
7672,2024-03,1071,76.39,76.08
7673,2024-03,1072,95.78,92.32
7674,2024-03,1073,110.06,116.18
7675,2024-03,1074,74.58,75.66
7676,2024-03,1075,122.94,127.73
7677,2024-03,1076,79.94,86.09
7678,2024-03,1077,94.32,91.87
7679,2024-03,1078,120.85,117.96
7680,2024-03,1079,106.47,109.22
7681,2024-03,1080,397.76,414.95
7682,2024-03,1081,449.03,432.51
7683,2024-03,1082,624.35,624.38
7684,2024-03,1083,407.79,395.59
7685,2024-03,1084,425.82,425.0
7686,2024-03,1085,475.42,467.53
7687,2024-03,1086,531.14,519.05
7688,2024-03,1087,365.34,391.46
7689,2024-03,1088,610.82,608.91
7690,2024-03,1089,515.6,548.53
7691,2024-03,1090,565.04,538.54
7692,2024-03,1091,495.79,474.25
7693,2024-03,1092,677.17,653.78
7694,2024-03,1093,581.55,584.88
7695,2024-03,1094,565.22,572.35
7696,2024-03,1095,311.69,310.32
7697,2024-03,1096,677.1,673.77
7698,2024-03,1097,415.54,402.45
7699,2024-03,1098,461.28,463.96
7700,2024-03,1099,495.04,528.26
7701,2024-03,1100,985.37,968.8
7702,2024-03,1101,991.85,1005.39
7703,2024-03,1102,919.74,955.08
7704,2024-03,1103,1331.11,1374.34
7705,2024-03,1104,739.19,778.09
7706,2024-03,1105,975.5,1037.5
7707,2024-03,1106,786.09,778.35
7708,2024-03,1107,1043.52,998.53
7709,2024-03,1108,1019.34,1002.92
7710,2024-03,1109,844.46,863.29
7711,2024-03,1110,1189.82,1188.67
7712,2024-03,1111,874.24,834.49
7713,2024-03,1112,992.85,1043.73
7714,2024-03,1113,1241.39,1195.56
7715,2024-03,1114,961.23,961.08
7716,2024-03,1115,998.79,1042.29
7717,2024-03,1116,1118.78,1077.17
7718,2024-03,1117,928.15,958.01
7719,2024-03,1118,825.81,817.98
7720,2024-03,1119,1109.3,1172.04
7721,2024-03,1120,73.94,70.33
7722,2024-03,1121,50.92,48.61
7723,2024-03,1122,61.02,61.82
7724,2024-03,1123,54.06,54.58
7725,2024-03,1124,68.28,71.78
7726,2024-03,1125,58.82,62.22
7727,2024-03,1126,48.48,49.01
7728,2024-03,1127,73.38,78.44
7729,2024-03,1128,40.3,42.86
7730,2024-03,1129,52.7,55.15
7731,2024-03,1130,62.67,61.04
7732,2024-03,1131,72.82,70.18
7733,2024-03,1132,58.47,61.64
7734,2024-03,1133,85.75,82.01
7735,2024-03,1134,59.63,57.46
7736,2024-03,1135,56.87,54.31
7737,2024-03,1136,52.76,51.53
7738,2024-03,1137,48.74,52.53
7739,2024-03,1138,63.05,65.55
7740,2024-03,1139,64.73,65.13
7741,2024-03,1140,982.34,939.89
7742,2024-03,1141,578.59,612.0
7743,2024-03,1142,553.12,539.33
7744,2024-03,1143,746.88,713.07
7745,2024-03,1144,578.29,550.21
7746,2024-03,1145,647.8,656.99
7747,2024-03,1146,536.98,516.27
7748,2024-03,1147,641.31,686.35
7749,2024-03,1148,575.19,554.56
7750,2024-03,1149,784.11,845.38
7751,2024-03,1150,652.32,636.84
7752,2024-03,1151,512.77,543.26
7753,2024-03,1152,782.16,748.4
7754,2024-03,1153,598.36,578.16
7755,2024-03,1154,622.56,648.95
7756,2024-03,1155,659.4,630.4
7757,2024-03,1156,501.69,492.36
7758,2024-03,1157,740.83,792.8
7759,2024-03,1158,736.14,755.7
7760,2024-03,1159,611.42,653.35
7761,2024-03,1160,62.62,60.4
7762,2024-03,1161,50.65,51.11
7763,2024-03,1162,56.67,57.46
7764,2024-03,1163,41.2,41.18
7765,2024-03,1164,34.69,34.81
7766,2024-03,1165,50.0,49.3
7767,2024-03,1166,50.08,47.96
7768,2024-03,1167,49.48,50.01
7769,2024-03,1168,48.95,47.96
7770,2024-03,1169,43.96,46.86
7771,2024-03,1170,60.07,64.64
7772,2024-03,1171,43.21,43.19
7773,2024-03,1172,46.84,44.68
7774,2024-03,1173,41.21,40.06
7775,2024-03,1174,41.25,43.4
7776,2024-03,1175,52.77,56.15
7777,2024-03,1176,54.93,55.69
7778,2024-03,1177,41.95,45.23
7779,2024-03,1178,38.82,39.96
7780,2024-03,1179,38.48,38.53
7781,2024-03,1180,127.56,128.23
7782,2024-03,1181,90.18,89.57
7783,2024-03,1182,87.32,87.05
7784,2024-03,1183,60.16,63.37
7785,2024-03,1184,69.26,73.15
7786,2024-03,1185,112.3,112.88
7787,2024-03,1186,103.96,99.39
7788,2024-03,1187,137.42,142.8
7789,2024-03,1188,86.34,89.78
7790,2024-03,1189,105.21,105.64
7791,2024-03,1190,102.84,107.0
7792,2024-03,1191,115.05,112.94
7793,2024-03,1192,114.0,113.54
7794,2024-03,1193,79.46,79.95
7795,2024-03,1194,116.25,114.89
7796,2024-03,1195,110.68,107.16
7797,2024-03,1196,77.71,82.34
7798,2024-03,1197,86.53,84.25
7799,2024-03,1198,116.15,117.78
7800,2024-03,1199,86.17,87.17
7801,2024-04,1000,568.75,544.23
7802,2024-04,1001,600.48,627.1
7803,2024-04,1002,608.56,637.6
7804,2024-04,1003,834.75,823.31
7805,2024-04,1004,622.39,601.89
7806,2024-04,1005,588.24,598.39
7807,2024-04,1006,671.54,693.37
7808,2024-04,1007,634.97,651.35
7809,2024-04,1008,602.66,639.22
7810,2024-04,1009,663.36,687.44
7811,2024-04,1010,854.3,865.23
7812,2024-04,1011,687.99,731.0
7813,2024-04,1012,743.8,731.9
7814,2024-04,1013,714.36,686.77
7815,2024-04,1014,969.65,1014.57
7816,2024-04,1015,659.12,661.78
7817,2024-04,1016,811.36,778.11
7818,2024-04,1017,805.37,867.88
7819,2024-04,1018,800.58,803.03
7820,2024-04,1019,697.75,720.04
7821,2024-04,1020,457.92,477.97
7822,2024-04,1021,566.78,574.34
7823,2024-04,1022,524.29,538.32
7824,2024-04,1023,554.49,573.49
7825,2024-04,1024,419.0,447.03
7826,2024-04,1025,650.86,635.62
7827,2024-04,1026,540.91,575.58
7828,2024-04,1027,370.09,378.07
7829,2024-04,1028,386.81,373.12
7830,2024-04,1029,468.71,496.31
7831,2024-04,1030,519.7,556.32
7832,2024-04,1031,467.78,457.42
7833,2024-04,1032,435.02,433.21
7834,2024-04,1033,532.79,560.44
7835,2024-04,1034,502.24,529.55
7836,2024-04,1035,505.5,529.47
7837,2024-04,1036,480.39,503.72
7838,2024-04,1037,492.49,497.34
7839,2024-04,1038,460.68,495.79
7840,2024-04,1039,603.92,585.9
7841,2024-04,1040,232.2,247.54
7842,2024-04,1041,262.62,256.21
7843,2024-04,1042,337.07,332.27
7844,2024-04,1043,285.39,290.63
7845,2024-04,1044,335.71,332.6
7846,2024-04,1045,347.09,353.07
7847,2024-04,1046,398.48,420.97
7848,2024-04,1047,371.58,374.97
7849,2024-04,1048,439.34,430.35
7850,2024-04,1049,300.91,315.14
7851,2024-04,1050,413.01,421.79
7852,2024-04,1051,326.19,321.16
7853,2024-04,1052,288.75,281.94
7854,2024-04,1053,302.85,294.02
7855,2024-04,1054,393.74,393.71
7856,2024-04,1055,334.89,337.34
7857,2024-04,1056,270.37,261.23
7858,2024-04,1057,335.01,336.7
7859,2024-04,1058,428.69,456.64
7860,2024-04,1059,328.76,325.93
7861,2024-04,1060,104.52,110.91
7862,2024-04,1061,69.22,72.74
7863,2024-04,1062,109.78,105.28
7864,2024-04,1063,95.34,99.25
7865,2024-04,1064,118.86,124.21
7866,2024-04,1065,87.68,83.66
7867,2024-04,1066,97.33,101.09
7868,2024-04,1067,109.68,106.71
7869,2024-04,1068,117.19,118.49
7870,2024-04,1069,120.91,119.59
7871,2024-04,1070,78.56,80.96
7872,2024-04,1071,73.56,78.36
7873,2024-04,1072,95.54,93.83
7874,2024-04,1073,103.66,107.36
7875,2024-04,1074,73.38,70.07
7876,2024-04,1075,115.62,118.75
7877,2024-04,1076,75.71,75.24
7878,2024-04,1077,91.18,92.12
7879,2024-04,1078,123.36,128.58
7880,2024-04,1079,96.9,96.38
7881,2024-04,1080,402.05,424.7
7882,2024-04,1081,437.15,437.16
7883,2024-04,1082,628.72,628.32
7884,2024-04,1083,403.54,408.6
7885,2024-04,1084,435.91,414.6
7886,2024-04,1085,453.3,472.11
7887,2024-04,1086,526.22,549.49
7888,2024-04,1087,382.46,364.15
7889,2024-04,1088,609.14,593.02
7890,2024-04,1089,501.54,519.14
7891,2024-04,1090,532.46,558.08
7892,2024-04,1091,504.36,512.74
7893,2024-04,1092,703.12,730.59
7894,2024-04,1093,564.75,599.48
7895,2024-04,1094,525.43,563.45
7896,2024-04,1095,330.94,338.31
7897,2024-04,1096,698.05,752.42
7898,2024-04,1097,422.38,451.28
7899,2024-04,1098,476.02,490.75
7900,2024-04,1099,527.37,514.42
7901,2024-04,1100,951.73,975.63
7902,2024-04,1101,945.16,977.82
7903,2024-04,1102,920.2,967.23
7904,2024-04,1103,1339.98,1382.83
7905,2024-04,1104,749.0,806.16
7906,2024-04,1105,976.45,1041.3
7907,2024-04,1106,839.62,895.84
7908,2024-04,1107,1064.36,1077.4
7909,2024-04,1108,1017.86,976.12
7910,2024-04,1109,868.63,888.27
7911,2024-04,1110,1249.61,1225.89
7912,2024-04,1111,918.1,894.49
7913,2024-04,1112,993.83,991.78
7914,2024-04,1113,1295.14,1373.04
7915,2024-04,1114,996.76,1007.67
7916,2024-04,1115,1036.84,1103.59
7917,2024-04,1116,1067.46,1071.86
7918,2024-04,1117,922.8,986.89
7919,2024-04,1118,834.28,836.0
7920,2024-04,1119,1132.4,1143.22
7921,2024-04,1120,71.72,73.11
7922,2024-04,1121,49.36,49.38
7923,2024-04,1122,58.95,56.71
7924,2024-04,1123,54.26,56.17
7925,2024-04,1124,67.56,71.17
7926,2024-04,1125,57.42,61.32
7927,2024-04,1126,46.63,44.53
7928,2024-04,1127,75.04,76.71
7929,2024-04,1128,40.59,41.8
7930,2024-04,1129,55.8,54.17
7931,2024-04,1130,67.47,64.59
7932,2024-04,1131,74.38,80.24
7933,2024-04,1132,57.73,59.09
7934,2024-04,1133,80.89,85.18
7935,2024-04,1134,57.87,60.48
7936,2024-04,1135,59.04,60.96
7937,2024-04,1136,50.17,48.89
7938,2024-04,1137,49.73,48.23
7939,2024-04,1138,62.44,64.85
7940,2024-04,1139,68.07,69.83
7941,2024-04,1140,964.7,996.75
7942,2024-04,1141,584.07,594.6
7943,2024-04,1142,597.92,630.84
7944,2024-04,1143,771.87,750.45
7945,2024-04,1144,614.07,599.39
7946,2024-04,1145,660.29,672.85
7947,2024-04,1146,555.78,558.16
7948,2024-04,1147,642.81,646.46
7949,2024-04,1148,591.32,562.2
7950,2024-04,1149,770.25,733.25
7951,2024-04,1150,657.36,645.12
7952,2024-04,1151,519.22,547.57
7953,2024-04,1152,787.37,820.82
7954,2024-04,1153,571.69,576.56
7955,2024-04,1154,629.29,639.13
7956,2024-04,1155,666.45,658.38
7957,2024-04,1156,540.84,515.13
7958,2024-04,1157,726.62,744.33
7959,2024-04,1158,719.83,761.27
7960,2024-04,1159,617.68,630.51
7961,2024-04,1160,61.35,63.45
7962,2024-04,1161,49.33,51.94
7963,2024-04,1162,59.21,57.83
7964,2024-04,1163,41.11,39.07
7965,2024-04,1164,35.5,37.47
7966,2024-04,1165,51.02,54.95
7967,2024-04,1166,50.23,49.23
7968,2024-04,1167,45.46,48.97
7969,2024-04,1168,46.84,46.98
7970,2024-04,1169,44.26,44.14
7971,2024-04,1170,57.89,56.08
7972,2024-04,1171,42.91,43.95
7973,2024-04,1172,45.42,47.05
7974,2024-04,1173,40.69,39.24
7975,2024-04,1174,43.15,45.17
7976,2024-04,1175,49.29,47.59
7977,2024-04,1176,56.29,57.21
7978,2024-04,1177,40.6,40.6
7979,2024-04,1178,41.49,39.6
7980,2024-04,1179,38.05,36.51
7981,2024-04,1180,125.3,129.99
7982,2024-04,1181,88.06,94.28
7983,2024-04,1182,87.85,88.94
7984,2024-04,1183,62.97,62.63
7985,2024-04,1184,71.41,71.94
7986,2024-04,1185,114.4,116.51
7987,2024-04,1186,104.92,104.0
7988,2024-04,1187,129.97,129.77
7989,2024-04,1188,86.6,86.92
7990,2024-04,1189,102.96,98.21
7991,2024-04,1190,104.87,104.34
7992,2024-04,1191,120.22,128.95
7993,2024-04,1192,119.11,126.47
7994,2024-04,1193,84.56,80.68
7995,2024-04,1194,112.99,118.34
7996,2024-04,1195,110.43,114.51
7997,2024-04,1196,73.98,72.13
7998,2024-04,1197,86.15,92.0
7999,2024-04,1198,109.92,107.23
8000,2024-04,1199,84.39,83.9
8001,2024-05,1000,590.88,575.65
8002,2024-05,1001,609.78,622.99
8003,2024-05,1002,572.6,563.62
8004,2024-05,1003,818.67,824.72
8005,2024-05,1004,597.34,603.61
8006,2024-05,1005,631.47,654.94
8007,2024-05,1006,656.65,675.46
8008,2024-05,1007,660.27,701.15
8009,2024-05,1008,604.46,619.28
8010,2024-05,1009,692.41,725.87
8011,2024-05,1010,830.46,812.44
8012,2024-05,1011,716.93,732.9
8013,2024-05,1012,744.75,717.53
8014,2024-05,1013,734.01,755.38
8015,2024-05,1014,1015.94,1079.49
8016,2024-05,1015,658.98,673.37
8017,2024-05,1016,828.86,882.19
8018,2024-05,1017,772.1,763.58
8019,2024-05,1018,777.59,826.4
8020,2024-05,1019,713.17,735.24
8021,2024-05,1020,462.95,459.48
8022,2024-05,1021,585.09,570.98
8023,2024-05,1022,506.78,521.81
8024,2024-05,1023,579.8,554.0
8025,2024-05,1024,422.79,420.79
8026,2024-05,1025,646.33,616.05
8027,2024-05,1026,513.33,520.81
8028,2024-05,1027,379.33,374.01
8029,2024-05,1028,383.93,380.72
8030,2024-05,1029,452.25,451.12
8031,2024-05,1030,512.93,507.31
8032,2024-05,1031,479.35,515.83
8033,2024-05,1032,438.51,423.33
8034,2024-05,1033,545.49,528.7
8035,2024-05,1034,506.93,527.99
8036,2024-05,1035,487.29,507.84
8037,2024-05,1036,469.57,476.6
8038,2024-05,1037,517.06,531.26
8039,2024-05,1038,480.77,466.1
8040,2024-05,1039,622.43,608.23
8041,2024-05,1040,252.25,268.61
8042,2024-05,1041,258.04,247.6
8043,2024-05,1042,339.63,363.6
8044,2024-05,1043,283.85,272.67
8045,2024-05,1044,334.86,322.21
8046,2024-05,1045,352.67,340.06
8047,2024-05,1046,405.25,410.97
8048,2024-05,1047,374.32,363.98
8049,2024-05,1048,414.79,399.2
8050,2024-05,1049,307.4,331.94
8051,2024-05,1050,402.52,391.17
8052,2024-05,1051,337.97,330.62
8053,2024-05,1052,286.2,308.53
8054,2024-05,1053,297.61,305.19
8055,2024-05,1054,390.54,389.05
8056,2024-05,1055,332.05,343.37
8057,2024-05,1056,281.12,299.9
8058,2024-05,1057,332.37,336.47
8059,2024-05,1058,388.17,382.94
8060,2024-05,1059,348.79,365.72
8061,2024-05,1060,102.87,97.82
8062,2024-05,1061,65.83,68.86
8063,2024-05,1062,104.28,109.2
8064,2024-05,1063,91.82,96.83
8065,2024-05,1064,115.42,113.09
8066,2024-05,1065,85.8,88.74
8067,2024-05,1066,96.08,100.31
8068,2024-05,1067,111.94,118.8
8069,2024-05,1068,119.54,119.46
8070,2024-05,1069,123.86,125.71
8071,2024-05,1070,78.82,78.73
8072,2024-05,1071,76.03,72.78
8073,2024-05,1072,95.99,97.42
8074,2024-05,1073,109.79,107.99
8075,2024-05,1074,68.76,66.25
8076,2024-05,1075,117.08,122.13
8077,2024-05,1076,78.15,84.14
8078,2024-05,1077,92.56,99.0
8079,2024-05,1078,122.53,118.52
8080,2024-05,1079,102.53,97.46
8081,2024-05,1080,409.69,416.27
8082,2024-05,1081,445.36,438.5
8083,2024-05,1082,614.48,641.15
8084,2024-05,1083,399.56,401.98
8085,2024-05,1084,427.58,450.76
8086,2024-05,1085,450.05,429.01
8087,2024-05,1086,527.44,534.22
8088,2024-05,1087,368.75,365.3
8089,2024-05,1088,589.92,619.85
8090,2024-05,1089,511.98,525.06
8091,2024-05,1090,563.17,542.03
8092,2024-05,1091,484.25,490.16
8093,2024-05,1092,660.51,693.3
8094,2024-05,1093,577.25,550.07
8095,2024-05,1094,554.08,580.98
8096,2024-05,1095,310.7,322.37
8097,2024-05,1096,683.57,655.73
8098,2024-05,1097,431.84,434.34
8099,2024-05,1098,479.27,465.34
8100,2024-05,1099,521.23,495.93
8101,2024-05,1100,998.7,965.24
8102,2024-05,1101,931.0,927.35
8103,2024-05,1102,937.0,942.84
8104,2024-05,1103,1348.94,1381.66
8105,2024-05,1104,796.19,758.26
8106,2024-05,1105,955.63,952.54
8107,2024-05,1106,832.48,884.35
8108,2024-05,1107,1089.39,1136.05
8109,2024-05,1108,993.17,965.53
8110,2024-05,1109,818.14,866.31
8111,2024-05,1110,1227.34,1214.46
8112,2024-05,1111,868.8,874.08
8113,2024-05,1112,994.85,1062.28
8114,2024-05,1113,1225.98,1282.01
8115,2024-05,1114,970.73,959.85
8116,2024-05,1115,1015.74,1023.05
8117,2024-05,1116,1057.62,1008.64
8118,2024-05,1117,982.5,983.41
8119,2024-05,1118,832.04,802.92
8120,2024-05,1119,1128.7,1122.66
8121,2024-05,1120,70.96,75.04
8122,2024-05,1121,50.68,48.55
8123,2024-05,1122,61.54,60.6
8124,2024-05,1123,54.18,56.77
8125,2024-05,1124,70.39,71.97
8126,2024-05,1125,60.75,65.32
8127,2024-05,1126,47.52,49.42
8128,2024-05,1127,74.05,70.74
8129,2024-05,1128,40.5,40.86
8130,2024-05,1129,57.2,60.5
8131,2024-05,1130,66.62,71.34
8132,2024-05,1131,76.71,78.46
8133,2024-05,1132,59.08,60.48
8134,2024-05,1133,80.67,77.59
8135,2024-05,1134,59.08,59.53
8136,2024-05,1135,58.28,61.7
8137,2024-05,1136,54.75,56.15
8138,2024-05,1137,52.88,56.38
8139,2024-05,1138,62.63,62.05
8140,2024-05,1139,67.76,64.81
8141,2024-05,1140,991.87,1029.52
8142,2024-05,1141,596.36,606.56
8143,2024-05,1142,587.75,581.19
8144,2024-05,1143,747.94,778.2
8145,2024-05,1144,574.98,588.32
8146,2024-05,1145,661.52,641.91
8147,2024-05,1146,545.67,523.08
8148,2024-05,1147,692.14,687.28
8149,2024-05,1148,561.99,606.27
8150,2024-05,1149,778.01,758.77
8151,2024-05,1150,656.99,628.4
8152,2024-05,1151,514.98,516.2
8153,2024-05,1152,711.92,689.78
8154,2024-05,1153,593.85,573.75
8155,2024-05,1154,599.84,577.98
8156,2024-05,1155,641.52,674.81
8157,2024-05,1156,530.69,537.87
8158,2024-05,1157,741.9,765.56
8159,2024-05,1158,739.09,736.73
8160,2024-05,1159,636.52,642.77
8161,2024-05,1160,59.61,60.3
8162,2024-05,1161,51.5,48.97
8163,2024-05,1162,57.28,55.99
8164,2024-05,1163,41.16,41.87
8165,2024-05,1164,34.14,32.97
8166,2024-05,1165,51.44,51.08
8167,2024-05,1166,50.69,54.66
8168,2024-05,1167,47.84,46.24
8169,2024-05,1168,45.33,45.54
8170,2024-05,1169,44.82,45.55
8171,2024-05,1170,58.16,60.02
8172,2024-05,1171,41.96,41.22
8173,2024-05,1172,47.42,49.35
8174,2024-05,1173,40.59,39.2
8175,2024-05,1174,41.61,41.1
8176,2024-05,1175,53.66,56.27
8177,2024-05,1176,53.37,51.93
8178,2024-05,1177,41.51,44.1
8179,2024-05,1178,38.82,40.19
8180,2024-05,1179,38.57,37.3
8181,2024-05,1180,126.01,133.16
8182,2024-05,1181,93.55,90.33
8183,2024-05,1182,89.48,85.28
8184,2024-05,1183,62.28,59.3
8185,2024-05,1184,72.58,69.3
8186,2024-05,1185,113.58,119.63
8187,2024-05,1186,106.45,114.45
8188,2024-05,1187,126.16,129.6
8189,2024-05,1188,86.46,87.37
8190,2024-05,1189,103.13,104.2
8191,2024-05,1190,101.87,102.69
8192,2024-05,1191,115.27,113.17
8193,2024-05,1192,116.52,123.32
8194,2024-05,1193,80.58,81.53
8195,2024-05,1194,110.7,112.59
8196,2024-05,1195,106.45,109.08
8197,2024-05,1196,74.52,73.95
8198,2024-05,1197,82.04,78.11
8199,2024-05,1198,108.4,109.45
8200,2024-05,1199,85.51,90.84
8201,2024-06,1000,586.74,628.22
8202,2024-06,1001,578.78,575.5
8203,2024-06,1002,614.91,620.21
8204,2024-06,1003,845.92,840.5
8205,2024-06,1004,581.51,617.19
8206,2024-06,1005,578.46,551.51
8207,2024-06,1006,675.33,696.22
8208,2024-06,1007,668.48,685.02
8209,2024-06,1008,612.79,607.92
8210,2024-06,1009,666.88,712.33
8211,2024-06,1010,827.09,878.28
8212,2024-06,1011,693.68,741.58
8213,2024-06,1012,680.77,702.8
8214,2024-06,1013,714.62,696.6
8215,2024-06,1014,983.23,954.43
8216,2024-06,1015,669.3,700.63
8217,2024-06,1016,863.84,826.36
8218,2024-06,1017,761.13,784.07
8219,2024-06,1018,818.95,845.83
8220,2024-06,1019,698.38,738.52
8221,2024-06,1020,452.81,444.81
8222,2024-06,1021,572.17,591.84
8223,2024-06,1022,540.06,540.08
8224,2024-06,1023,563.66,589.97
8225,2024-06,1024,396.78,423.35
8226,2024-06,1025,619.17,608.62
8227,2024-06,1026,542.23,530.1
8228,2024-06,1027,369.01,351.2
8229,2024-06,1028,400.19,405.24
8230,2024-06,1029,463.6,496.5
8231,2024-06,1030,506.9,512.94
8232,2024-06,1031,473.62,488.8
8233,2024-06,1032,453.08,439.74
8234,2024-06,1033,547.31,586.94
8235,2024-06,1034,497.1,511.02
8236,2024-06,1035,474.23,458.18
8237,2024-06,1036,491.95,502.12
8238,2024-06,1037,524.24,521.67
8239,2024-06,1038,467.81,493.59
8240,2024-06,1039,614.23,609.06
8241,2024-06,1040,241.59,253.08
8242,2024-06,1041,258.18,260.04
8243,2024-06,1042,328.33,347.55
8244,2024-06,1043,288.81,298.69
8245,2024-06,1044,326.78,314.87
8246,2024-06,1045,339.03,349.04
8247,2024-06,1046,416.87,436.34
8248,2024-06,1047,364.67,377.74
8249,2024-06,1048,433.25,431.73
8250,2024-06,1049,295.87,310.34
8251,2024-06,1050,390.67,419.65
8252,2024-06,1051,351.7,338.48
8253,2024-06,1052,276.26,278.82
8254,2024-06,1053,328.63,329.21
8255,2024-06,1054,414.67,408.19
8256,2024-06,1055,328.9,332.92
8257,2024-06,1056,278.38,296.86
8258,2024-06,1057,324.86,329.45
8259,2024-06,1058,417.64,420.78
8260,2024-06,1059,326.08,316.44
8261,2024-06,1060,107.29,110.23
8262,2024-06,1061,68.1,66.03
8263,2024-06,1062,107.2,110.25
8264,2024-06,1063,93.05,92.88
8265,2024-06,1064,114.5,122.31
8266,2024-06,1065,85.74,82.63
8267,2024-06,1066,93.37,98.99
8268,2024-06,1067,113.91,119.68
8269,2024-06,1068,117.0,113.45
8270,2024-06,1069,121.44,120.97
8271,2024-06,1070,79.09,76.63
8272,2024-06,1071,74.6,72.36
8273,2024-06,1072,95.31,101.28
8274,2024-06,1073,107.07,103.63
8275,2024-06,1074,70.75,70.83
8276,2024-06,1075,114.79,120.4
8277,2024-06,1076,76.75,75.68
8278,2024-06,1077,92.53,89.52
8279,2024-06,1078,125.67,119.85
8280,2024-06,1079,107.0,115.0
8281,2024-06,1080,413.31,421.5
8282,2024-06,1081,445.4,440.7
8283,2024-06,1082,629.49,676.12
8284,2024-06,1083,423.74,429.15
8285,2024-06,1084,433.08,465.27
8286,2024-06,1085,505.1,503.51
8287,2024-06,1086,531.44,534.11
8288,2024-06,1087,369.68,368.43
8289,2024-06,1088,620.68,607.2
8290,2024-06,1089,538.4,579.13
8291,2024-06,1090,567.52,612.17
8292,2024-06,1091,478.07,488.19
8293,2024-06,1092,647.67,682.62
8294,2024-06,1093,559.14,585.51
8295,2024-06,1094,577.54,556.8
8296,2024-06,1095,312.71,319.02
8297,2024-06,1096,674.98,694.91
8298,2024-06,1097,430.69,435.89
8299,2024-06,1098,465.83,460.65
8300,2024-06,1099,494.34,505.59
8301,2024-06,1100,990.14,955.32
8302,2024-06,1101,951.25,973.36
8303,2024-06,1102,920.29,916.6
8304,2024-06,1103,1378.84,1397.93
8305,2024-06,1104,712.1,752.37
8306,2024-06,1105,979.45,931.75
8307,2024-06,1106,797.52,795.02
8308,2024-06,1107,1045.3,1110.37
8309,2024-06,1108,1022.26,1056.47
8310,2024-06,1109,855.08,910.05
8311,2024-06,1110,1221.9,1272.03
8312,2024-06,1111,873.18,883.91
8313,2024-06,1112,978.55,1044.37
8314,2024-06,1113,1235.65,1267.9
8315,2024-06,1114,992.17,1000.39
8316,2024-06,1115,1042.11,1069.26
8317,2024-06,1116,1056.49,1028.61
8318,2024-06,1117,927.89,985.05
8319,2024-06,1118,808.49,840.18
8320,2024-06,1119,1078.19,1052.21
8321,2024-06,1120,74.22,71.92
8322,2024-06,1121,54.34,58.4
8323,2024-06,1122,61.07,62.36
8324,2024-06,1123,51.59,49.85
8325,2024-06,1124,66.8,71.53
8326,2024-06,1125,60.39,58.4
8327,2024-06,1126,45.99,44.53
8328,2024-06,1127,72.61,76.51
8329,2024-06,1128,41.94,40.41
8330,2024-06,1129,57.82,58.4
8331,2024-06,1130,67.24,68.36
8332,2024-06,1131,76.81,80.49
8333,2024-06,1132,58.36,60.82
8334,2024-06,1133,79.49,84.61
8335,2024-06,1134,59.38,62.7
8336,2024-06,1135,57.59,61.29
8337,2024-06,1136,52.12,50.48
8338,2024-06,1137,51.69,50.62
8339,2024-06,1138,61.05,63.07
8340,2024-06,1139,67.45,67.56
8341,2024-06,1140,967.59,1006.51
8342,2024-06,1141,617.29,646.71
8343,2024-06,1142,549.94,573.47
8344,2024-06,1143,753.49,756.81
8345,2024-06,1144,586.15,610.77
8346,2024-06,1145,612.92,585.02
8347,2024-06,1146,558.74,571.72
8348,2024-06,1147,624.14,634.12
8349,2024-06,1148,535.01,537.24
8350,2024-06,1149,830.25,801.83
8351,2024-06,1150,635.6,675.12
8352,2024-06,1151,507.45,493.31
8353,2024-06,1152,778.22,789.58
8354,2024-06,1153,567.54,574.19
8355,2024-06,1154,607.47,607.81
8356,2024-06,1155,647.12,672.91
8357,2024-06,1156,516.84,534.84
8358,2024-06,1157,759.16,815.19
8359,2024-06,1158,682.56,698.43
8360,2024-06,1159,624.9,672.33
8361,2024-06,1160,61.56,65.66
8362,2024-06,1161,51.13,52.07
8363,2024-06,1162,55.35,55.82
8364,2024-06,1163,41.48,39.77
8365,2024-06,1164,35.55,36.97
8366,2024-06,1165,51.82,54.16
8367,2024-06,1166,51.49,50.19
8368,2024-06,1167,49.54,50.05
8369,2024-06,1168,47.29,49.29
8370,2024-06,1169,41.76,43.86
8371,2024-06,1170,59.73,64.17
8372,2024-06,1171,42.18,45.3
8373,2024-06,1172,46.85,49.31
8374,2024-06,1173,41.07,42.67
8375,2024-06,1174,44.61,45.81
8376,2024-06,1175,51.04,49.47
8377,2024-06,1176,54.88,54.45
8378,2024-06,1177,41.61,40.56
8379,2024-06,1178,39.75,37.92
8380,2024-06,1179,38.57,37.63
8381,2024-06,1180,128.43,133.5
8382,2024-06,1181,90.17,86.71
8383,2024-06,1182,88.49,85.72
8384,2024-06,1183,59.7,63.57
8385,2024-06,1184,73.48,77.87
8386,2024-06,1185,110.84,107.62
8387,2024-06,1186,102.57,106.4
8388,2024-06,1187,131.37,137.48
8389,2024-06,1188,85.78,87.41
8390,2024-06,1189,103.27,99.91
8391,2024-06,1190,102.31,99.73
8392,2024-06,1191,118.92,122.77
8393,2024-06,1192,117.77,113.28
8394,2024-06,1193,82.58,84.93
8395,2024-06,1194,114.7,114.46
8396,2024-06,1195,111.51,108.06
8397,2024-06,1196,73.83,71.66
8398,2024-06,1197,90.05,90.22
8399,2024-06,1198,108.85,108.85
8400,2024-06,1199,87.18,82.83
8401,2024-07,1000,574.53,568.06
8402,2024-07,1001,571.45,611.37
8403,2024-07,1002,587.52,563.21
8404,2024-07,1003,797.93,809.54
8405,2024-07,1004,625.63,601.22
8406,2024-07,1005,586.6,564.44
8407,2024-07,1006,654.8,667.96
8408,2024-07,1007,644.59,640.79
8409,2024-07,1008,636.04,606.55
8410,2024-07,1009,662.01,682.68
8411,2024-07,1010,828.63,820.89
8412,2024-07,1011,722.43,727.13
8413,2024-07,1012,728.42,743.6
8414,2024-07,1013,724.55,692.01
8415,2024-07,1014,966.17,1004.09
8416,2024-07,1015,718.92,686.37
8417,2024-07,1016,880.58,935.0
8418,2024-07,1017,816.87,864.26
8419,2024-07,1018,777.03,762.97
8420,2024-07,1019,686.01,691.83
8421,2024-07,1020,465.12,450.36
8422,2024-07,1021,563.34,605.17
8423,2024-07,1022,514.32,531.92
8424,2024-07,1023,560.71,602.53
8425,2024-07,1024,431.83,443.84
8426,2024-07,1025,614.42,618.26
8427,2024-07,1026,533.85,554.87
8428,2024-07,1027,367.46,387.76
8429,2024-07,1028,389.79,402.77
8430,2024-07,1029,447.07,453.72
8431,2024-07,1030,499.93,528.4
8432,2024-07,1031,493.76,484.05
8433,2024-07,1032,439.83,431.51
8434,2024-07,1033,527.66,531.78
8435,2024-07,1034,493.9,511.93
8436,2024-07,1035,505.33,497.34
8437,2024-07,1036,498.32,480.8
8438,2024-07,1037,508.35,531.35
8439,2024-07,1038,463.72,478.44
8440,2024-07,1039,595.0,604.19
8441,2024-07,1040,239.93,249.74
8442,2024-07,1041,263.59,280.05
8443,2024-07,1042,325.45,325.99
8444,2024-07,1043,269.89,290.68
8445,2024-07,1044,322.51,328.57
8446,2024-07,1045,347.38,350.94
8447,2024-07,1046,412.52,416.8
8448,2024-07,1047,359.4,362.48
8449,2024-07,1048,435.51,469.44
8450,2024-07,1049,308.97,311.76
8451,2024-07,1050,412.76,424.48
8452,2024-07,1051,324.13,335.38
8453,2024-07,1052,285.97,294.61
8454,2024-07,1053,305.66,316.03
8455,2024-07,1054,414.74,408.2
8456,2024-07,1055,344.33,368.61
8457,2024-07,1056,275.62,273.6
8458,2024-07,1057,349.09,335.09
8459,2024-07,1058,400.37,396.68
8460,2024-07,1059,335.24,351.9
8461,2024-07,1060,104.7,102.4
8462,2024-07,1061,67.32,66.82
8463,2024-07,1062,103.65,103.63
8464,2024-07,1063,93.01,91.05
8465,2024-07,1064,117.0,125.97
8466,2024-07,1065,87.71,91.78
8467,2024-07,1066,92.82,93.34
8468,2024-07,1067,116.68,125.2
8469,2024-07,1068,111.54,114.28
8470,2024-07,1069,120.92,121.02
8471,2024-07,1070,79.28,81.88
8472,2024-07,1071,73.32,78.14
8473,2024-07,1072,96.46,95.49
8474,2024-07,1073,99.92,97.67
8475,2024-07,1074,73.89,76.61
8476,2024-07,1075,112.71,119.77
8477,2024-07,1076,78.19,77.56
8478,2024-07,1077,92.4,88.75
8479,2024-07,1078,130.08,125.14
8480,2024-07,1079,114.19,120.51
8481,2024-07,1080,403.28,430.06
8482,2024-07,1081,421.83,443.27
8483,2024-07,1082,648.62,685.26
8484,2024-07,1083,411.2,399.85
8485,2024-07,1084,414.74,403.11
8486,2024-07,1085,493.34,511.28
8487,2024-07,1086,520.98,514.67
8488,2024-07,1087,386.96,402.3
8489,2024-07,1088,629.1,604.64
8490,2024-07,1089,531.05,556.89
8491,2024-07,1090,542.96,543.35
8492,2024-07,1091,481.19,501.31
8493,2024-07,1092,669.11,665.49
8494,2024-07,1093,580.15,614.01
8495,2024-07,1094,547.86,547.47
8496,2024-07,1095,315.06,338.61
8497,2024-07,1096,706.07,701.1
8498,2024-07,1097,434.02,462.07
8499,2024-07,1098,463.45,498.81
8500,2024-07,1099,493.4,521.51
8501,2024-07,1100,988.13,943.75
8502,2024-07,1101,936.63,956.48
8503,2024-07,1102,924.86,962.78
8504,2024-07,1103,1330.03,1310.5
8505,2024-07,1104,750.91,803.23
8506,2024-07,1105,984.89,997.05
8507,2024-07,1106,816.61,808.48
8508,2024-07,1107,1018.64,1069.12
8509,2024-07,1108,989.06,972.64
8510,2024-07,1109,846.42,888.79
8511,2024-07,1110,1242.89,1230.61
8512,2024-07,1111,923.71,957.23
8513,2024-07,1112,956.23,916.32
8514,2024-07,1113,1240.88,1237.72
8515,2024-07,1114,951.85,987.18
8516,2024-07,1115,1034.35,1066.2
8517,2024-07,1116,1075.91,1105.2
8518,2024-07,1117,881.88,906.67
8519,2024-07,1118,877.14,944.75
8520,2024-07,1119,1103.54,1155.82
8521,2024-07,1120,72.79,75.26
8522,2024-07,1121,51.81,54.78
8523,2024-07,1122,63.95,66.71
8524,2024-07,1123,52.4,49.93
8525,2024-07,1124,69.19,73.31
8526,2024-07,1125,58.28,62.02
8527,2024-07,1126,48.07,47.78
8528,2024-07,1127,76.6,73.83
8529,2024-07,1128,39.93,42.97
8530,2024-07,1129,54.16,54.79
8531,2024-07,1130,67.81,66.06
8532,2024-07,1131,75.43,79.63
8533,2024-07,1132,57.34,60.79
8534,2024-07,1133,78.18,75.21
8535,2024-07,1134,58.73,56.85
8536,2024-07,1135,58.12,61.03
8537,2024-07,1136,55.81,56.39
8538,2024-07,1137,50.51,52.17
8539,2024-07,1138,60.46,63.09
8540,2024-07,1139,68.4,70.56
8541,2024-07,1140,968.02,989.42
8542,2024-07,1141,629.46,658.38
8543,2024-07,1142,562.76,563.49
8544,2024-07,1143,737.02,780.38
8545,2024-07,1144,581.34,626.03
8546,2024-07,1145,639.68,689.15
8547,2024-07,1146,552.13,578.28
8548,2024-07,1147,659.08,679.53
8549,2024-07,1148,564.23,540.93
8550,2024-07,1149,777.08,829.86
8551,2024-07,1150,666.01,662.89
8552,2024-07,1151,479.32,496.23
8553,2024-07,1152,787.2,788.25
8554,2024-07,1153,562.99,546.88
8555,2024-07,1154,618.35,613.24
8556,2024-07,1155,645.85,676.02
8557,2024-07,1156,486.31,469.92
8558,2024-07,1157,719.0,686.24
8559,2024-07,1158,714.16,762.41
8560,2024-07,1159,635.09,627.7
8561,2024-07,1160,64.71,62.27
8562,2024-07,1161,51.42,51.37
8563,2024-07,1162,56.53,58.85
8564,2024-07,1163,41.7,44.39
8565,2024-07,1164,33.54,35.31
8566,2024-07,1165,52.42,50.07
8567,2024-07,1166,50.76,54.04
8568,2024-07,1167,47.08,50.66
8569,2024-07,1168,46.52,44.9
8570,2024-07,1169,43.74,44.31
8571,2024-07,1170,59.79,64.5
8572,2024-07,1171,43.09,42.34
8573,2024-07,1172,46.92,48.05
8574,2024-07,1173,39.52,41.3
8575,2024-07,1174,41.86,40.92
8576,2024-07,1175,50.93,53.51
8577,2024-07,1176,54.84,55.22
8578,2024-07,1177,40.84,41.13
8579,2024-07,1178,38.21,40.54
8580,2024-07,1179,37.91,37.25
8581,2024-07,1180,127.32,124.06
8582,2024-07,1181,93.38,99.37
8583,2024-07,1182,91.21,91.93
8584,2024-07,1183,58.15,61.11
8585,2024-07,1184,76.65,78.8
8586,2024-07,1185,116.0,110.47
8587,2024-07,1186,105.76,101.97
8588,2024-07,1187,134.95,137.74
8589,2024-07,1188,90.2,94.52
8590,2024-07,1189,106.2,105.42
8591,2024-07,1190,104.21,107.72
8592,2024-07,1191,111.38,107.38
8593,2024-07,1192,117.81,127.04
8594,2024-07,1193,84.36,85.26
8595,2024-07,1194,113.84,115.41
8596,2024-07,1195,108.68,104.76
8597,2024-07,1196,75.16,76.92
8598,2024-07,1197,83.75,86.64
8599,2024-07,1198,109.75,110.46
8600,2024-07,1199,87.21,91.09
8601,2024-08,1000,577.88,562.95
8602,2024-08,1001,589.27,561.35
8603,2024-08,1002,584.3,623.36
8604,2024-08,1003,848.22,863.22
8605,2024-08,1004,572.07,584.52
8606,2024-08,1005,591.1,626.15
8607,2024-08,1006,641.76,687.96
8608,2024-08,1007,624.07,639.88
8609,2024-08,1008,592.36,630.68
8610,2024-08,1009,672.93,711.61
8611,2024-08,1010,808.03,826.52
8612,2024-08,1011,736.05,772.92
8613,2024-08,1012,716.4,696.45
8614,2024-08,1013,720.52,716.05
8615,2024-08,1014,1007.01,1070.09
8616,2024-08,1015,688.0,665.45
8617,2024-08,1016,862.58,846.74
8618,2024-08,1017,751.43,784.44
8619,2024-08,1018,783.02,782.68
8620,2024-08,1019,713.46,682.53
8621,2024-08,1020,465.67,476.06
8622,2024-08,1021,555.9,528.58
8623,2024-08,1022,517.7,503.51
8624,2024-08,1023,554.96,587.52
8625,2024-08,1024,409.42,398.1
8626,2024-08,1025,651.96,697.99
8627,2024-08,1026,528.32,549.55
8628,2024-08,1027,376.17,395.43
8629,2024-08,1028,403.33,417.89
8630,2024-08,1029,455.04,470.32
8631,2024-08,1030,488.48,491.05
8632,2024-08,1031,492.44,513.16
8633,2024-08,1032,443.97,441.08
8634,2024-08,1033,535.55,533.57
8635,2024-08,1034,494.78,497.74
8636,2024-08,1035,506.21,519.49
8637,2024-08,1036,502.21,509.91
8638,2024-08,1037,539.54,522.49
8639,2024-08,1038,457.31,480.82
8640,2024-08,1039,589.88,614.77
8641,2024-08,1040,245.3,234.48
8642,2024-08,1041,267.76,261.98
8643,2024-08,1042,327.55,313.87
8644,2024-08,1043,298.01,316.51
8645,2024-08,1044,342.71,327.13
8646,2024-08,1045,336.92,330.75
8647,2024-08,1046,405.92,423.12
8648,2024-08,1047,372.96,372.11
8649,2024-08,1048,433.13,420.98
8650,2024-08,1049,291.1,310.52
8651,2024-08,1050,404.4,428.86
8652,2024-08,1051,338.23,346.26
8653,2024-08,1052,302.44,309.44
8654,2024-08,1053,298.01,290.54
8655,2024-08,1054,404.4,392.69
8656,2024-08,1055,332.78,334.55
8657,2024-08,1056,280.96,294.76
8658,2024-08,1057,318.34,327.16
8659,2024-08,1058,409.81,408.19
8660,2024-08,1059,330.15,326.83
8661,2024-08,1060,105.54,103.2
8662,2024-08,1061,66.55,68.79
8663,2024-08,1062,107.06,114.26
8664,2024-08,1063,97.4,100.29
8665,2024-08,1064,115.56,110.19
8666,2024-08,1065,90.93,92.11
8667,2024-08,1066,95.8,103.24
8668,2024-08,1067,119.65,124.19
8669,2024-08,1068,109.82,108.82
8670,2024-08,1069,122.07,127.34
8671,2024-08,1070,77.83,75.55
8672,2024-08,1071,76.97,74.49
8673,2024-08,1072,99.45,98.6
8674,2024-08,1073,112.52,116.43
8675,2024-08,1074,70.58,70.47
8676,2024-08,1075,117.31,126.2
8677,2024-08,1076,78.31,75.35
8678,2024-08,1077,96.42,102.82
8679,2024-08,1078,126.92,130.52
8680,2024-08,1079,106.94,114.05
8681,2024-08,1080,404.53,400.39
8682,2024-08,1081,438.53,453.2
8683,2024-08,1082,625.66,649.4
8684,2024-08,1083,413.45,400.19
8685,2024-08,1084,423.85,453.56
8686,2024-08,1085,485.57,486.68
8687,2024-08,1086,511.04,494.59
8688,2024-08,1087,353.7,363.4
8689,2024-08,1088,626.28,607.6
8690,2024-08,1089,467.99,476.02
8691,2024-08,1090,564.89,543.59
8692,2024-08,1091,498.03,519.26
8693,2024-08,1092,675.58,649.9
8694,2024-08,1093,595.47,625.38
8695,2024-08,1094,537.11,533.27
8696,2024-08,1095,323.73,320.94
8697,2024-08,1096,701.55,750.76
8698,2024-08,1097,424.12,416.97
8699,2024-08,1098,471.64,472.35
8700,2024-08,1099,500.79,526.52
8701,2024-08,1100,986.65,1061.32
8702,2024-08,1101,953.79,949.12
8703,2024-08,1102,925.12,980.69
8704,2024-08,1103,1359.02,1408.82
8705,2024-08,1104,760.11,757.66
8706,2024-08,1105,961.94,1014.18
8707,2024-08,1106,829.69,829.57
8708,2024-08,1107,1062.71,1013.2
8709,2024-08,1108,1045.98,1032.41
8710,2024-08,1109,811.51,841.83
8711,2024-08,1110,1248.24,1229.52
8712,2024-08,1111,869.1,874.56
8713,2024-08,1112,976.77,929.88
8714,2024-08,1113,1225.67,1255.95
8715,2024-08,1114,1000.67,1022.3
8716,2024-08,1115,1022.5,1101.75
8717,2024-08,1116,1057.39,1118.24
8718,2024-08,1117,953.68,974.5
8719,2024-08,1118,864.42,863.57
8720,2024-08,1119,1135.15,1224.56
8721,2024-08,1120,69.34,74.84
8722,2024-08,1121,50.76,51.21
8723,2024-08,1122,60.62,63.43
8724,2024-08,1123,53.02,56.49
8725,2024-08,1124,65.89,66.05
8726,2024-08,1125,56.62,53.92
8727,2024-08,1126,49.33,49.53
8728,2024-08,1127,76.06,75.46
8729,2024-08,1128,40.67,42.68
8730,2024-08,1129,54.33,56.63
8731,2024-08,1130,65.5,68.32
8732,2024-08,1131,69.55,71.78
8733,2024-08,1132,58.21,59.02
8734,2024-08,1133,81.02,80.37
8735,2024-08,1134,58.99,60.17
8736,2024-08,1135,55.4,58.48
8737,2024-08,1136,55.62,56.03
8738,2024-08,1137,52.1,54.41
8739,2024-08,1138,61.65,65.42
8740,2024-08,1139,66.4,70.47
8741,2024-08,1140,988.43,993.66
8742,2024-08,1141,589.09,598.57
8743,2024-08,1142,552.04,550.22
8744,2024-08,1143,745.38,737.96
8745,2024-08,1144,594.08,631.34
8746,2024-08,1145,636.76,654.02
8747,2024-08,1146,548.91,522.82
8748,2024-08,1147,662.02,676.6
8749,2024-08,1148,561.73,541.87
8750,2024-08,1149,798.96,856.61
8751,2024-08,1150,677.25,658.21
8752,2024-08,1151,516.6,510.85
8753,2024-08,1152,749.51,758.62
8754,2024-08,1153,554.38,537.0
8755,2024-08,1154,596.8,583.91
8756,2024-08,1155,670.67,654.63
8757,2024-08,1156,522.5,552.84
8758,2024-08,1157,752.08,727.97
8759,2024-08,1158,751.81,721.72
8760,2024-08,1159,629.46,662.0
8761,2024-08,1160,62.29,62.2
8762,2024-08,1161,50.11,49.88
8763,2024-08,1162,59.22,57.12
8764,2024-08,1163,40.31,40.46
8765,2024-08,1164,35.58,34.41
8766,2024-08,1165,51.27,55.13
8767,2024-08,1166,52.0,54.35
8768,2024-08,1167,47.67,46.75
8769,2024-08,1168,47.75,48.84
8770,2024-08,1169,43.25,41.98
8771,2024-08,1170,63.41,64.29
8772,2024-08,1171,40.68,40.54
8773,2024-08,1172,47.74,50.84
8774,2024-08,1173,41.52,39.51
8775,2024-08,1174,41.55,41.4
8776,2024-08,1175,51.9,53.51
8777,2024-08,1176,57.55,59.41
8778,2024-08,1177,41.35,40.69
8779,2024-08,1178,40.31,43.09
8780,2024-08,1179,37.03,38.92
8781,2024-08,1180,127.48,121.48
8782,2024-08,1181,89.24,91.05
8783,2024-08,1182,88.31,89.73
8784,2024-08,1183,56.65,55.29
8785,2024-08,1184,69.03,73.7
8786,2024-08,1185,110.57,116.67
8787,2024-08,1186,100.29,103.43
8788,2024-08,1187,134.47,133.81
8789,2024-08,1188,89.84,95.72
8790,2024-08,1189,104.62,107.09
8791,2024-08,1190,97.46,95.36
8792,2024-08,1191,117.78,120.97
8793,2024-08,1192,115.61,119.35
8794,2024-08,1193,79.73,80.45
8795,2024-08,1194,109.23,109.22
8796,2024-08,1195,111.35,117.88
8797,2024-08,1196,74.53,79.76
8798,2024-08,1197,82.37,87.44
8799,2024-08,1198,110.16,109.18
8800,2024-08,1199,86.2,90.93
8801,2024-09,1000,575.54,603.32
8802,2024-09,1001,573.48,609.45
8803,2024-09,1002,607.12,613.55
8804,2024-09,1003,846.4,855.85
8805,2024-09,1004,572.89,585.46
8806,2024-09,1005,597.81,595.97
8807,2024-09,1006,671.06,642.92
8808,2024-09,1007,683.36,656.99
8809,2024-09,1008,608.4,633.53
8810,2024-09,1009,669.24,696.69
8811,2024-09,1010,847.94,862.93
8812,2024-09,1011,689.98,669.75
8813,2024-09,1012,740.73,758.81
8814,2024-09,1013,688.75,737.43
8815,2024-09,1014,973.22,1022.86
8816,2024-09,1015,656.54,681.13
8817,2024-09,1016,811.2,783.33
8818,2024-09,1017,774.29,798.37
8819,2024-09,1018,772.59,779.98
8820,2024-09,1019,709.11,692.13
8821,2024-09,1020,473.65,492.92
8822,2024-09,1021,543.59,523.01
8823,2024-09,1022,514.65,545.37
8824,2024-09,1023,546.4,543.63
8825,2024-09,1024,414.67,413.61
8826,2024-09,1025,623.27,614.49
8827,2024-09,1026,525.98,550.22
8828,2024-09,1027,358.53,377.22
8829,2024-09,1028,398.94,379.75
8830,2024-09,1029,461.82,478.2
8831,2024-09,1030,534.44,535.52
8832,2024-09,1031,493.33,527.76
8833,2024-09,1032,456.7,469.94
8834,2024-09,1033,531.38,515.35
8835,2024-09,1034,489.78,523.07
8836,2024-09,1035,496.44,491.59
8837,2024-09,1036,499.75,484.44
8838,2024-09,1037,490.09,527.71
8839,2024-09,1038,463.59,457.32
8840,2024-09,1039,634.87,655.26
8841,2024-09,1040,242.21,243.23
8842,2024-09,1041,259.17,247.33
8843,2024-09,1042,336.05,322.84
8844,2024-09,1043,276.35,294.02
8845,2024-09,1044,337.35,350.34
8846,2024-09,1045,338.7,348.04
8847,2024-09,1046,419.5,420.35
8848,2024-09,1047,371.34,370.89
8849,2024-09,1048,453.72,435.06
8850,2024-09,1049,305.04,304.28
8851,2024-09,1050,395.96,394.4
8852,2024-09,1051,339.34,337.06
8853,2024-09,1052,290.92,305.02
8854,2024-09,1053,296.26,306.26
8855,2024-09,1054,404.03,409.53
8856,2024-09,1055,317.01,341.04
8857,2024-09,1056,272.04,285.78
8858,2024-09,1057,329.92,315.93
8859,2024-09,1058,425.05,435.0
8860,2024-09,1059,336.59,340.49
8861,2024-09,1060,107.31,110.52
8862,2024-09,1061,66.85,71.4
8863,2024-09,1062,102.48,108.58
8864,2024-09,1063,92.86,95.81
8865,2024-09,1064,114.65,120.17
8866,2024-09,1065,85.57,81.3
8867,2024-09,1066,91.79,93.37
8868,2024-09,1067,109.61,108.86
8869,2024-09,1068,114.92,120.58
8870,2024-09,1069,119.82,127.3
8871,2024-09,1070,78.87,82.29
8872,2024-09,1071,74.62,72.22
8873,2024-09,1072,96.28,101.52
8874,2024-09,1073,101.07,109.05
8875,2024-09,1074,72.71,75.65
8876,2024-09,1075,115.38,122.28
8877,2024-09,1076,74.94,79.19
8878,2024-09,1077,95.44,93.34
8879,2024-09,1078,124.66,133.21
8880,2024-09,1079,104.04,100.5
8881,2024-09,1080,425.36,453.65
8882,2024-09,1081,433.97,414.1
8883,2024-09,1082,619.1,610.81
8884,2024-09,1083,401.84,398.91
8885,2024-09,1084,438.65,463.64
8886,2024-09,1085,480.41,510.52
8887,2024-09,1086,526.18,529.14
8888,2024-09,1087,369.55,351.22
8889,2024-09,1088,635.07,607.64
8890,2024-09,1089,507.06,547.3
8891,2024-09,1090,558.91,563.6
8892,2024-09,1091,509.79,502.61
8893,2024-09,1092,659.64,658.4
8894,2024-09,1093,589.41,569.21
8895,2024-09,1094,550.92,566.82
8896,2024-09,1095,300.43,299.83
8897,2024-09,1096,662.44,677.58
8898,2024-09,1097,416.0,427.61
8899,2024-09,1098,471.94,483.25
8900,2024-09,1099,478.05,484.07
8901,2024-09,1100,1011.84,990.5
8902,2024-09,1101,910.23,970.84
8903,2024-09,1102,946.0,981.63
8904,2024-09,1103,1379.01,1475.37
8905,2024-09,1104,744.74,765.15
8906,2024-09,1105,964.95,971.33
8907,2024-09,1106,824.5,795.72
8908,2024-09,1107,1028.67,1067.22
8909,2024-09,1108,1033.71,1032.53
8910,2024-09,1109,818.8,791.46
8911,2024-09,1110,1243.66,1250.54
8912,2024-09,1111,873.11,912.51
8913,2024-09,1112,954.77,1027.24
8914,2024-09,1113,1266.16,1316.72
8915,2024-09,1114,1005.88,1001.67
8916,2024-09,1115,1033.84,1026.49
8917,2024-09,1116,1073.44,1056.78
8918,2024-09,1117,979.64,952.51
8919,2024-09,1118,811.92,853.98
8920,2024-09,1119,1086.1,1084.12
8921,2024-09,1120,70.24,68.12
8922,2024-09,1121,51.68,51.96
8923,2024-09,1122,59.32,56.59
8924,2024-09,1123,54.3,57.1
8925,2024-09,1124,65.83,68.37
8926,2024-09,1125,57.96,56.58
8927,2024-09,1126,47.78,45.44
8928,2024-09,1127,73.87,78.92
8929,2024-09,1128,39.84,39.8
8930,2024-09,1129,56.16,56.04
8931,2024-09,1130,63.03,65.22
8932,2024-09,1131,74.66,80.09
8933,2024-09,1132,56.81,56.13
8934,2024-09,1133,80.51,85.83
8935,2024-09,1134,56.69,58.66
8936,2024-09,1135,55.81,53.15
8937,2024-09,1136,51.6,53.98
8938,2024-09,1137,51.61,52.75
8939,2024-09,1138,61.58,62.19
8940,2024-09,1139,66.72,65.76
8941,2024-09,1140,985.73,962.74
8942,2024-09,1141,601.49,613.77
8943,2024-09,1142,572.81,607.0
8944,2024-09,1143,727.46,741.69
8945,2024-09,1144,592.58,610.91
8946,2024-09,1145,652.58,623.14
8947,2024-09,1146,550.27,566.83
8948,2024-09,1147,640.28,623.95
8949,2024-09,1148,557.08,600.0
8950,2024-09,1149,812.07,811.76
8951,2024-09,1150,621.37,629.73
8952,2024-09,1151,542.2,544.18
8953,2024-09,1152,795.6,840.65
8954,2024-09,1153,589.71,581.24
8955,2024-09,1154,613.09,611.49
8956,2024-09,1155,640.13,688.8
8957,2024-09,1156,511.53,531.67
8958,2024-09,1157,739.72,748.77
8959,2024-09,1158,719.9,740.77
8960,2024-09,1159,626.86,671.73
8961,2024-09,1160,63.48,62.74
8962,2024-09,1161,48.12,51.48
8963,2024-09,1162,57.71,55.17
8964,2024-09,1163,39.42,40.53
8965,2024-09,1164,33.59,34.26
8966,2024-09,1165,52.33,53.22
8967,2024-09,1166,51.74,54.06
8968,2024-09,1167,47.31,49.58
8969,2024-09,1168,46.81,45.83
8970,2024-09,1169,43.44,45.97
8971,2024-09,1170,60.7,59.72
8972,2024-09,1171,42.65,45.77
8973,2024-09,1172,45.16,45.87
8974,2024-09,1173,41.39,42.52
8975,2024-09,1174,43.36,42.01
8976,2024-09,1175,51.36,52.03
8977,2024-09,1176,53.58,54.95
8978,2024-09,1177,41.94,43.7
8979,2024-09,1178,39.36,40.13
8980,2024-09,1179,38.37,38.18
8981,2024-09,1180,125.1,134.39
8982,2024-09,1181,94.83,100.6
8983,2024-09,1182,86.77,89.83
8984,2024-09,1183,60.7,59.6
8985,2024-09,1184,76.07,80.04
8986,2024-09,1185,111.65,109.55
8987,2024-09,1186,103.04,101.08
8988,2024-09,1187,130.85,131.75
8989,2024-09,1188,86.13,83.18
8990,2024-09,1189,106.49,103.3
8991,2024-09,1190,102.96,104.61
8992,2024-09,1191,120.66,120.33
8993,2024-09,1192,109.05,115.59
8994,2024-09,1193,79.02,78.67
8995,2024-09,1194,112.29,117.98
8996,2024-09,1195,109.97,117.0
8997,2024-09,1196,77.71,74.16
8998,2024-09,1197,84.71,87.53
8999,2024-09,1198,108.97,116.36
9000,2024-09,1199,89.26,95.82
9001,2024-10,1000,558.59,563.66
9002,2024-10,1001,592.27,591.93
9003,2024-10,1002,601.47,595.53
9004,2024-10,1003,838.16,831.82
9005,2024-10,1004,585.13,557.87
9006,2024-10,1005,581.07,554.44
9007,2024-10,1006,695.97,681.97
9008,2024-10,1007,670.23,674.0
9009,2024-10,1008,594.28,583.06
9010,2024-10,1009,658.04,641.0
9011,2024-10,1010,828.71,865.4
9012,2024-10,1011,650.55,665.04
9013,2024-10,1012,717.48,760.59
9014,2024-10,1013,724.3,702.27
9015,2024-10,1014,959.77,915.45
9016,2024-10,1015,690.35,667.92
9017,2024-10,1016,822.5,834.58
9018,2024-10,1017,757.87,747.0
9019,2024-10,1018,786.19,812.96
9020,2024-10,1019,663.74,690.95
9021,2024-10,1020,469.19,454.82
9022,2024-10,1021,556.05,544.18
9023,2024-10,1022,532.84,553.41
9024,2024-10,1023,537.54,517.83
9025,2024-10,1024,424.71,439.05
9026,2024-10,1025,620.65,614.29
9027,2024-10,1026,520.94,507.77
9028,2024-10,1027,386.84,397.02
9029,2024-10,1028,384.57,394.45
9030,2024-10,1029,454.27,433.91
9031,2024-10,1030,522.0,560.44
9032,2024-10,1031,481.16,485.51
9033,2024-10,1032,452.85,466.76
9034,2024-10,1033,562.64,538.41
9035,2024-10,1034,481.28,468.05
9036,2024-10,1035,474.79,451.76
9037,2024-10,1036,500.46,532.9
9038,2024-10,1037,512.33,539.65
9039,2024-10,1038,491.75,522.79
9040,2024-10,1039,641.34,673.61
9041,2024-10,1040,235.02,236.86
9042,2024-10,1041,265.02,273.05
9043,2024-10,1042,340.37,341.17
9044,2024-10,1043,287.93,280.62
9045,2024-10,1044,322.82,319.84
9046,2024-10,1045,348.21,343.88
9047,2024-10,1046,416.24,435.32
9048,2024-10,1047,385.27,371.41
9049,2024-10,1048,452.55,434.98
9050,2024-10,1049,303.92,290.84
9051,2024-10,1050,398.35,401.86
9052,2024-10,1051,338.89,331.07
9053,2024-10,1052,271.56,282.65
9054,2024-10,1053,304.69,304.12
9055,2024-10,1054,400.37,386.91
9056,2024-10,1055,331.7,354.68
9057,2024-10,1056,275.67,284.93
9058,2024-10,1057,331.64,343.22
9059,2024-10,1058,414.61,402.69
9060,2024-10,1059,338.04,336.95
9061,2024-10,1060,98.74,96.41
9062,2024-10,1061,70.0,73.76
9063,2024-10,1062,104.7,104.85
9064,2024-10,1063,95.62,91.26
9065,2024-10,1064,114.49,119.0
9066,2024-10,1065,87.12,93.46
9067,2024-10,1066,94.49,90.46
9068,2024-10,1067,116.38,114.11
9069,2024-10,1068,116.57,114.21
9070,2024-10,1069,124.01,122.77
9071,2024-10,1070,79.76,78.52
9072,2024-10,1071,72.53,73.13
9073,2024-10,1072,96.57,92.02
9074,2024-10,1073,112.54,116.28
9075,2024-10,1074,71.29,72.39
9076,2024-10,1075,115.76,113.5
9077,2024-10,1076,74.57,76.28
9078,2024-10,1077,94.34,94.56
9079,2024-10,1078,130.31,134.04
9080,2024-10,1079,104.79,107.33
9081,2024-10,1080,406.27,395.6
9082,2024-10,1081,432.67,457.6
9083,2024-10,1082,643.81,665.1
9084,2024-10,1083,405.33,407.02
9085,2024-10,1084,430.85,420.2
9086,2024-10,1085,456.19,462.71
9087,2024-10,1086,529.93,534.93
9088,2024-10,1087,381.08,397.54
9089,2024-10,1088,629.39,605.91
9090,2024-10,1089,535.12,548.92
9091,2024-10,1090,564.92,558.56
9092,2024-10,1091,484.04,471.98
9093,2024-10,1092,705.77,749.9
9094,2024-10,1093,562.65,535.75
9095,2024-10,1094,516.26,516.35
9096,2024-10,1095,305.29,327.61
9097,2024-10,1096,724.53,779.97
9098,2024-10,1097,431.11,445.8
9099,2024-10,1098,466.46,452.8
9100,2024-10,1099,494.48,507.29
9101,2024-10,1100,1025.47,1101.3
9102,2024-10,1101,956.32,910.44
9103,2024-10,1102,898.53,903.54
9104,2024-10,1103,1387.79,1418.11
9105,2024-10,1104,743.77,744.25
9106,2024-10,1105,943.63,951.41
9107,2024-10,1106,826.5,786.03
9108,2024-10,1107,1021.56,1029.99
9109,2024-10,1108,1051.46,1040.42
9110,2024-10,1109,842.71,849.74
9111,2024-10,1110,1239.67,1248.73
9112,2024-10,1111,870.33,912.67
9113,2024-10,1112,944.3,988.96
9114,2024-10,1113,1265.43,1221.92
9115,2024-10,1114,998.22,984.59
9116,2024-10,1115,1044.38,1098.17
9117,2024-10,1116,1050.42,1045.75
9118,2024-10,1117,933.9,1002.76
9119,2024-10,1118,826.95,865.14
9120,2024-10,1119,1107.67,1185.76
9121,2024-10,1120,71.75,74.06
9122,2024-10,1121,50.67,49.9
9123,2024-10,1122,61.59,66.39
9124,2024-10,1123,53.26,56.23
9125,2024-10,1124,65.34,66.56
9126,2024-10,1125,57.72,55.83
9127,2024-10,1126,48.45,46.66
9128,2024-10,1127,71.84,74.89
9129,2024-10,1128,39.67,40.01
9130,2024-10,1129,53.04,53.58
9131,2024-10,1130,62.53,60.85
9132,2024-10,1131,75.81,77.38
9133,2024-10,1132,59.81,58.78
9134,2024-10,1133,82.46,87.31
9135,2024-10,1134,55.72,56.77
9136,2024-10,1135,55.2,53.42
9137,2024-10,1136,53.58,54.39
9138,2024-10,1137,50.86,48.98
9139,2024-10,1138,62.34,60.47
9140,2024-10,1139,67.98,69.65
9141,2024-10,1140,982.29,974.04
9142,2024-10,1141,594.88,592.77
9143,2024-10,1142,563.47,556.02
9144,2024-10,1143,750.02,753.8
9145,2024-10,1144,581.95,603.61
9146,2024-10,1145,636.17,618.61
9147,2024-10,1146,558.26,566.04
9148,2024-10,1147,647.78,626.22
9149,2024-10,1148,566.27,581.77
9150,2024-10,1149,784.21,784.18
9151,2024-10,1150,638.08,674.29
9152,2024-10,1151,519.97,505.05
9153,2024-10,1152,777.78,816.53
9154,2024-10,1153,592.47,600.99
9155,2024-10,1154,616.41,590.56
9156,2024-10,1155,642.24,680.8
9157,2024-10,1156,505.92,539.1
9158,2024-10,1157,696.82,708.99
9159,2024-10,1158,738.44,708.15
9160,2024-10,1159,638.19,682.7
9161,2024-10,1160,60.77,61.09
9162,2024-10,1161,48.21,49.29
9163,2024-10,1162,57.99,56.19
9164,2024-10,1163,40.52,43.64
9165,2024-10,1164,34.1,33.71
9166,2024-10,1165,51.31,52.9
9167,2024-10,1166,51.99,49.8
9168,2024-10,1167,45.44,46.44
9169,2024-10,1168,47.57,47.59
9170,2024-10,1169,43.78,42.84
9171,2024-10,1170,62.24,66.43
9172,2024-10,1171,41.05,42.9
9173,2024-10,1172,48.29,46.57
9174,2024-10,1173,38.78,37.32
9175,2024-10,1174,43.49,46.71
9176,2024-10,1175,52.35,53.04
9177,2024-10,1176,53.42,52.56
9178,2024-10,1177,41.9,44.74
9179,2024-10,1178,37.98,37.46
9180,2024-10,1179,40.29,42.09
9181,2024-10,1180,124.95,133.48
9182,2024-10,1181,91.12,88.15
9183,2024-10,1182,90.23,86.9
9184,2024-10,1183,62.71,64.82
9185,2024-10,1184,72.57,72.99
9186,2024-10,1185,109.56,108.51
9187,2024-10,1186,103.78,101.12
9188,2024-10,1187,130.72,132.5
9189,2024-10,1188,89.59,87.96
9190,2024-10,1189,106.39,110.26
9191,2024-10,1190,105.89,107.02
9192,2024-10,1191,118.53,116.86
9193,2024-10,1192,116.57,117.39
9194,2024-10,1193,77.65,75.72
9195,2024-10,1194,110.27,113.96
9196,2024-10,1195,107.47,110.28
9197,2024-10,1196,77.08,80.6
9198,2024-10,1197,83.33,81.35
9199,2024-10,1198,107.76,114.32
9200,2024-10,1199,86.46,91.42
9201,2024-11,1000,565.54,588.85
9202,2024-11,1001,587.48,615.2
9203,2024-11,1002,578.62,598.44
9204,2024-11,1003,829.1,872.48
9205,2024-11,1004,592.85,567.8
9206,2024-11,1005,590.4,578.82
9207,2024-11,1006,640.12,643.22
9208,2024-11,1007,678.1,710.36
9209,2024-11,1008,613.77,595.72
9210,2024-11,1009,686.43,652.16
9211,2024-11,1010,806.75,870.97
9212,2024-11,1011,718.92,698.15
9213,2024-11,1012,713.87,732.94
9214,2024-11,1013,746.83,720.25
9215,2024-11,1014,957.81,984.67
9216,2024-11,1015,676.55,702.73
9217,2024-11,1016,847.8,816.81
9218,2024-11,1017,755.96,747.63
9219,2024-11,1018,801.88,774.1
9220,2024-11,1019,715.38,745.26
9221,2024-11,1020,468.3,479.14
9222,2024-11,1021,562.85,572.9
9223,2024-11,1022,527.28,554.36
9224,2024-11,1023,574.41,575.91
9225,2024-11,1024,419.12,445.35
9226,2024-11,1025,651.39,693.06
9227,2024-11,1026,516.07,497.66
9228,2024-11,1027,364.71,374.59
9229,2024-11,1028,394.12,419.77
9230,2024-11,1029,467.34,451.56
9231,2024-11,1030,522.98,534.34
9232,2024-11,1031,467.99,479.94
9233,2024-11,1032,440.63,461.29
9234,2024-11,1033,509.41,518.46
9235,2024-11,1034,508.88,507.1
9236,2024-11,1035,493.39,519.35
9237,2024-11,1036,512.39,539.84
9238,2024-11,1037,530.23,521.56
9239,2024-11,1038,470.35,474.32
9240,2024-11,1039,607.44,638.29
9241,2024-11,1040,240.85,239.09
9242,2024-11,1041,251.58,264.53
9243,2024-11,1042,311.92,308.48
9244,2024-11,1043,277.04,263.73
9245,2024-11,1044,333.03,340.0
9246,2024-11,1045,337.66,348.73
9247,2024-11,1046,409.94,396.61
9248,2024-11,1047,353.77,347.0
9249,2024-11,1048,427.66,420.06
9250,2024-11,1049,311.72,311.64
9251,2024-11,1050,395.89,402.81
9252,2024-11,1051,332.71,319.43
9253,2024-11,1052,285.88,296.9
9254,2024-11,1053,302.0,314.64
9255,2024-11,1054,398.18,409.77
9256,2024-11,1055,322.07,339.45
9257,2024-11,1056,271.34,277.53
9258,2024-11,1057,336.75,321.33
9259,2024-11,1058,400.64,427.89
9260,2024-11,1059,351.45,360.57
9261,2024-11,1060,106.72,114.39
9262,2024-11,1061,68.69,67.94
9263,2024-11,1062,107.98,113.4
9264,2024-11,1063,94.48,96.89
9265,2024-11,1064,113.17,120.5
9266,2024-11,1065,84.42,90.37
9267,2024-11,1066,92.57,89.69
9268,2024-11,1067,114.41,109.9
9269,2024-11,1068,115.0,117.7
9270,2024-11,1069,124.51,121.77
9271,2024-11,1070,78.79,75.53
9272,2024-11,1071,73.95,74.37
9273,2024-11,1072,97.06,100.94
9274,2024-11,1073,106.12,107.91
9275,2024-11,1074,70.52,71.82
9276,2024-11,1075,112.97,118.97
9277,2024-11,1076,78.11,74.24
9278,2024-11,1077,91.08,92.1
9279,2024-11,1078,125.33,119.19
9280,2024-11,1079,105.51,102.84
9281,2024-11,1080,405.97,396.41
9282,2024-11,1081,443.26,431.92
9283,2024-11,1082,633.78,666.49
9284,2024-11,1083,390.13,393.31
9285,2024-11,1084,431.07,414.63
9286,2024-11,1085,463.08,448.96
9287,2024-11,1086,504.55,479.79
9288,2024-11,1087,372.48,397.76
9289,2024-11,1088,625.07,661.9
9290,2024-11,1089,508.79,532.32
9291,2024-11,1090,569.98,560.45
9292,2024-11,1091,487.58,502.3
9293,2024-11,1092,708.79,678.07
9294,2024-11,1093,581.23,596.97
9295,2024-11,1094,565.92,564.27
9296,2024-11,1095,315.88,335.11
9297,2024-11,1096,696.15,696.79
9298,2024-11,1097,412.2,412.98
9299,2024-11,1098,459.91,467.43
9300,2024-11,1099,516.95,499.41
9301,2024-11,1100,996.81,994.08
9302,2024-11,1101,933.52,938.36
9303,2024-11,1102,905.7,863.63
9304,2024-11,1103,1360.68,1439.81
9305,2024-11,1104,703.18,679.38
9306,2024-11,1105,1006.04,977.09
9307,2024-11,1106,834.78,802.67
9308,2024-11,1107,1012.7,992.31
9309,2024-11,1108,995.8,1052.88
9310,2024-11,1109,849.92,865.26
9311,2024-11,1110,1248.18,1247.26
9312,2024-11,1111,905.13,918.5
9313,2024-11,1112,928.68,901.27
9314,2024-11,1113,1238.77,1249.37
9315,2024-11,1114,960.04,958.43
9316,2024-11,1115,1007.63,1059.65
9317,2024-11,1116,1113.05,1197.02
9318,2024-11,1117,954.26,952.31
9319,2024-11,1118,804.27,776.88
9320,2024-11,1119,1129.36,1188.3
9321,2024-11,1120,72.44,70.81
9322,2024-11,1121,51.51,55.27
9323,2024-11,1122,59.09,56.85
9324,2024-11,1123,51.77,53.99
9325,2024-11,1124,68.55,72.45
9326,2024-11,1125,57.69,58.53
9327,2024-11,1126,48.41,51.73
9328,2024-11,1127,72.48,73.03
9329,2024-11,1128,39.77,40.92
9330,2024-11,1129,54.2,58.35
9331,2024-11,1130,58.14,56.82
9332,2024-11,1131,74.69,71.41
9333,2024-11,1132,58.97,63.3
9334,2024-11,1133,83.15,80.54
9335,2024-11,1134,59.85,63.53
9336,2024-11,1135,56.86,58.57
9337,2024-11,1136,50.3,53.91
9338,2024-11,1137,51.05,52.72
9339,2024-11,1138,63.41,64.23
9340,2024-11,1139,66.97,69.95
9341,2024-11,1140,948.74,952.96
9342,2024-11,1141,597.95,645.25
9343,2024-11,1142,603.89,611.04
9344,2024-11,1143,742.24,734.1
9345,2024-11,1144,585.94,577.49
9346,2024-11,1145,670.35,658.75
9347,2024-11,1146,568.48,606.91
9348,2024-11,1147,639.15,675.75
9349,2024-11,1148,574.28,556.57
9350,2024-11,1149,807.46,828.1
9351,2024-11,1150,611.75,653.34
9352,2024-11,1151,504.45,497.9
9353,2024-11,1152,730.9,755.73
9354,2024-11,1153,576.94,575.83
9355,2024-11,1154,587.68,615.6
9356,2024-11,1155,619.09,616.51
9357,2024-11,1156,508.54,539.36
9358,2024-11,1157,748.56,753.09
9359,2024-11,1158,697.26,739.88
9360,2024-11,1159,646.66,614.82
9361,2024-11,1160,60.69,59.26
9362,2024-11,1161,51.08,53.08
9363,2024-11,1162,57.88,60.54
9364,2024-11,1163,40.18,41.37
9365,2024-11,1164,34.84,35.55
9366,2024-11,1165,52.59,55.65
9367,2024-11,1166,49.18,47.04
9368,2024-11,1167,47.89,49.46
9369,2024-11,1168,47.51,45.46
9370,2024-11,1169,43.0,44.61
9371,2024-11,1170,61.23,64.56
9372,2024-11,1171,41.94,42.29
9373,2024-11,1172,47.14,46.68
9374,2024-11,1173,41.37,40.7
9375,2024-11,1174,41.28,43.47
9376,2024-11,1175,51.33,51.13
9377,2024-11,1176,53.5,56.05
9378,2024-11,1177,41.3,43.71
9379,2024-11,1178,40.51,38.53
9380,2024-11,1179,38.11,37.2
9381,2024-11,1180,126.52,130.86
9382,2024-11,1181,90.04,89.37
9383,2024-11,1182,93.98,97.32
9384,2024-11,1183,57.28,60.39
9385,2024-11,1184,73.93,77.24
9386,2024-11,1185,112.22,107.04
9387,2024-11,1186,105.61,106.71
9388,2024-11,1187,129.75,128.9
9389,2024-11,1188,87.73,89.83
9390,2024-11,1189,107.18,111.05
9391,2024-11,1190,102.49,110.21
9392,2024-11,1191,117.69,117.35
9393,2024-11,1192,115.25,111.44
9394,2024-11,1193,77.11,80.38
9395,2024-11,1194,111.88,110.12
9396,2024-11,1195,105.65,103.75
9397,2024-11,1196,73.35,74.33
9398,2024-11,1197,82.68,81.85
9399,2024-11,1198,106.51,105.77
9400,2024-11,1199,86.01,88.68
9401,2024-12,1000,585.59,594.79
9402,2024-12,1001,583.04,599.03
9403,2024-12,1002,584.35,579.48
9404,2024-12,1003,865.97,836.92
9405,2024-12,1004,578.0,570.78
9406,2024-12,1005,592.8,565.37
9407,2024-12,1006,636.09,668.06
9408,2024-12,1007,663.14,702.31
9409,2024-12,1008,598.71,594.47
9410,2024-12,1009,647.29,643.44
9411,2024-12,1010,841.71,861.49
9412,2024-12,1011,683.73,737.57
9413,2024-12,1012,760.58,794.75
9414,2024-12,1013,707.22,721.81
9415,2024-12,1014,960.64,993.53
9416,2024-12,1015,712.49,684.67
9417,2024-12,1016,860.54,884.92
9418,2024-12,1017,756.72,796.65
9419,2024-12,1018,758.01,738.44
9420,2024-12,1019,732.37,790.11
9421,2024-12,1020,470.31,463.74
9422,2024-12,1021,580.5,626.73
9423,2024-12,1022,511.1,536.69
9424,2024-12,1023,553.33,563.78
9425,2024-12,1024,418.74,412.92
9426,2024-12,1025,654.02,668.42
9427,2024-12,1026,495.63,490.09
9428,2024-12,1027,366.3,360.31
9429,2024-12,1028,395.45,382.52
9430,2024-12,1029,467.23,490.87
9431,2024-12,1030,523.07,521.66
9432,2024-12,1031,473.53,508.19
9433,2024-12,1032,442.39,459.2
9434,2024-12,1033,520.23,521.29
9435,2024-12,1034,502.4,534.84
9436,2024-12,1035,509.17,498.21
9437,2024-12,1036,504.83,515.44
9438,2024-12,1037,543.62,525.2
9439,2024-12,1038,465.26,453.87
9440,2024-12,1039,601.28,622.91
9441,2024-12,1040,241.96,242.79
9442,2024-12,1041,258.34,245.92
9443,2024-12,1042,325.53,336.2
9444,2024-12,1043,280.5,288.3
9445,2024-12,1044,332.73,339.72
9446,2024-12,1045,350.78,355.55
9447,2024-12,1046,407.75,421.27
9448,2024-12,1047,367.37,385.3
9449,2024-12,1048,437.39,432.75
9450,2024-12,1049,293.85,307.99
9451,2024-12,1050,414.2,439.25
9452,2024-12,1051,323.28,335.23
9453,2024-12,1052,285.18,272.13
9454,2024-12,1053,317.66,325.98
9455,2024-12,1054,405.8,402.98
9456,2024-12,1055,340.19,358.51
9457,2024-12,1056,275.8,283.84
9458,2024-12,1057,350.91,346.65
9459,2024-12,1058,419.27,423.37
9460,2024-12,1059,333.78,355.63
9461,2024-12,1060,105.95,100.79
9462,2024-12,1061,66.96,69.62
9463,2024-12,1062,103.49,109.51
9464,2024-12,1063,100.43,102.55
9465,2024-12,1064,117.9,125.53
9466,2024-12,1065,87.21,90.63
9467,2024-12,1066,94.82,94.89
9468,2024-12,1067,111.27,108.6
9469,2024-12,1068,114.7,117.97
9470,2024-12,1069,122.66,126.95
9471,2024-12,1070,78.39,75.58
9472,2024-12,1071,72.21,71.83
9473,2024-12,1072,97.16,96.01
9474,2024-12,1073,103.69,109.62
9475,2024-12,1074,71.65,76.26
9476,2024-12,1075,113.23,117.52
9477,2024-12,1076,74.85,73.11
9478,2024-12,1077,90.01,93.55
9479,2024-12,1078,128.3,128.9
9480,2024-12,1079,107.87,106.85
9481,2024-12,1080,404.84,402.02
9482,2024-12,1081,447.97,474.36
9483,2024-12,1082,643.19,666.97
9484,2024-12,1083,389.8,373.37
9485,2024-12,1084,441.44,433.53
9486,2024-12,1085,470.91,504.69
9487,2024-12,1086,525.61,549.44
9488,2024-12,1087,366.7,364.98
9489,2024-12,1088,597.32,642.92
9490,2024-12,1089,515.23,538.57
9491,2024-12,1090,551.14,568.84
9492,2024-12,1091,475.77,489.02
9493,2024-12,1092,651.66,622.14
9494,2024-12,1093,600.48,624.34
9495,2024-12,1094,557.16,535.61
9496,2024-12,1095,318.13,317.34
9497,2024-12,1096,712.85,749.11
9498,2024-12,1097,445.05,430.08
9499,2024-12,1098,500.3,513.59
9500,2024-12,1099,507.19,526.05
9501,2024-12,1100,1005.05,1076.37
9502,2024-12,1101,936.84,927.39
9503,2024-12,1102,936.99,904.94
9504,2024-12,1103,1415.08,1381.09
9505,2024-12,1104,750.17,719.55
9506,2024-12,1105,986.61,1033.3
9507,2024-12,1106,852.61,905.06
9508,2024-12,1107,1056.41,1110.82
9509,2024-12,1108,1015.47,1022.3
9510,2024-12,1109,823.88,846.99
9511,2024-12,1110,1189.09,1169.03
9512,2024-12,1111,924.62,891.4
9513,2024-12,1112,999.03,993.48
9514,2024-12,1113,1265.2,1209.68
9515,2024-12,1114,953.32,1002.35
9516,2024-12,1115,1049.01,1116.59
9517,2024-12,1116,1066.23,1049.6
9518,2024-12,1117,895.02,945.75
9519,2024-12,1118,814.11,806.58
9520,2024-12,1119,1102.48,1068.91
9521,2024-12,1120,69.46,72.93
9522,2024-12,1121,50.55,50.47
9523,2024-12,1122,61.51,59.16
9524,2024-12,1123,53.97,55.32
9525,2024-12,1124,66.87,65.74
9526,2024-12,1125,58.26,62.7
9527,2024-12,1126,47.82,46.55
9528,2024-12,1127,69.67,73.52
9529,2024-12,1128,40.85,39.63
9530,2024-12,1129,54.73,56.62
9531,2024-12,1130,66.01,63.43
9532,2024-12,1131,74.99,72.56
9533,2024-12,1132,56.86,59.11
9534,2024-12,1133,79.88,77.85
9535,2024-12,1134,57.56,62.13
9536,2024-12,1135,55.99,57.1
9537,2024-12,1136,52.77,50.5
9538,2024-12,1137,50.95,49.47
9539,2024-12,1138,61.15,65.77
9540,2024-12,1139,66.96,66.34
9541,2024-12,1140,983.3,990.92
9542,2024-12,1141,605.77,584.27
9543,2024-12,1142,592.83,575.85
9544,2024-12,1143,738.12,762.99
9545,2024-12,1144,593.72,624.04
9546,2024-12,1145,654.0,634.88
9547,2024-12,1146,549.93,549.75
9548,2024-12,1147,633.93,648.73
9549,2024-12,1148,567.34,554.97
9550,2024-12,1149,769.72,754.64
9551,2024-12,1150,645.39,620.22
9552,2024-12,1151,485.25,489.79
9553,2024-12,1152,777.79,813.11
9554,2024-12,1153,566.96,581.7
9555,2024-12,1154,625.22,661.82
9556,2024-12,1155,656.11,683.98
9557,2024-12,1156,505.97,536.69
9558,2024-12,1157,734.39,723.47
9559,2024-12,1158,704.02,718.86
9560,2024-12,1159,613.03,590.19
9561,2024-12,1160,63.85,62.65
9562,2024-12,1161,50.24,47.92
9563,2024-12,1162,57.34,58.72
9564,2024-12,1163,39.36,38.37
9565,2024-12,1164,35.31,36.02
9566,2024-12,1165,52.42,51.33
9567,2024-12,1166,51.6,49.98
9568,2024-12,1167,47.33,49.76
9569,2024-12,1168,45.28,47.26
9570,2024-12,1169,43.63,45.31
9571,2024-12,1170,61.06,61.19
9572,2024-12,1171,42.17,41.9
9573,2024-12,1172,47.23,48.16
9574,2024-12,1173,41.72,44.24
9575,2024-12,1174,42.83,41.88
9576,2024-12,1175,51.13,54.25
9577,2024-12,1176,54.68,53.02
9578,2024-12,1177,41.56,42.0
9579,2024-12,1178,40.9,39.01
9580,2024-12,1179,36.54,39.14
9581,2024-12,1180,126.2,132.07
9582,2024-12,1181,92.69,96.03
9583,2024-12,1182,87.02,85.1
9584,2024-12,1183,58.98,61.08
9585,2024-12,1184,71.28,70.51
9586,2024-12,1185,111.77,117.24
9587,2024-12,1186,110.59,110.16
9588,2024-12,1187,128.09,135.97
9589,2024-12,1188,87.37,86.58
9590,2024-12,1189,106.61,114.79
9591,2024-12,1190,108.53,107.23
9592,2024-12,1191,114.99,118.92
9593,2024-12,1192,119.73,120.29
9594,2024-12,1193,78.6,81.14
9595,2024-12,1194,113.8,109.93
9596,2024-12,1195,107.77,108.5
9597,2024-12,1196,72.01,73.61
9598,2024-12,1197,83.2,86.18
9599,2024-12,1198,105.98,113.78
9600,2024-12,1199,85.17,90.65
9601,2025-01,1000,601.0,575.84
9602,2025-01,1001,578.41,578.43
9603,2025-01,1002,599.49,583.28
9604,2025-01,1003,865.56,873.87
9605,2025-01,1004,571.05,574.16
9606,2025-01,1005,607.13,642.71
9607,2025-01,1006,698.03,683.45
9608,2025-01,1007,674.64,708.87
9609,2025-01,1008,620.8,634.7
9610,2025-01,1009,639.56,666.15
9611,2025-01,1010,869.92,937.1
9612,2025-01,1011,722.69,719.0
9613,2025-01,1012,733.73,706.85
9614,2025-01,1013,710.55,676.51
9615,2025-01,1014,1003.54,970.11
9616,2025-01,1015,692.11,711.39
9617,2025-01,1016,861.67,837.55
9618,2025-01,1017,803.0,857.21
9619,2025-01,1018,803.13,786.65
9620,2025-01,1019,723.37,718.89
9621,2025-01,1020,486.75,508.89
9622,2025-01,1021,564.68,562.19
9623,2025-01,1022,523.07,511.66
9624,2025-01,1023,564.91,597.26
9625,2025-01,1024,425.81,449.35
9626,2025-01,1025,665.13,716.45
9627,2025-01,1026,519.7,527.75
9628,2025-01,1027,376.55,381.28
9629,2025-01,1028,395.26,424.35
9630,2025-01,1029,459.77,483.06
9631,2025-01,1030,524.5,566.41
9632,2025-01,1031,493.97,500.25
9633,2025-01,1032,441.02,474.8
9634,2025-01,1033,547.23,541.73
9635,2025-01,1034,506.89,541.87
9636,2025-01,1035,493.62,490.24
9637,2025-01,1036,502.05,491.84
9638,2025-01,1037,527.34,554.09
9639,2025-01,1038,475.43,490.81
9640,2025-01,1039,618.87,608.09
9641,2025-01,1040,249.12,252.31
9642,2025-01,1041,263.53,276.59
9643,2025-01,1042,331.21,350.77
9644,2025-01,1043,304.21,301.23
9645,2025-01,1044,343.21,358.44
9646,2025-01,1045,360.55,362.47
9647,2025-01,1046,411.9,408.09
9648,2025-01,1047,377.19,376.68
9649,2025-01,1048,458.25,441.71
9650,2025-01,1049,296.25,297.43
9651,2025-01,1050,399.12,404.59
9652,2025-01,1051,345.86,338.66
9653,2025-01,1052,292.21,279.62
9654,2025-01,1053,317.54,336.97
9655,2025-01,1054,415.22,447.99
9656,2025-01,1055,328.68,343.69
9657,2025-01,1056,286.38,309.09
9658,2025-01,1057,342.3,344.28
9659,2025-01,1058,425.98,404.96
9660,2025-01,1059,342.28,362.66
9661,2025-01,1060,106.37,114.6
9662,2025-01,1061,69.0,71.37
9663,2025-01,1062,103.95,112.25
9664,2025-01,1063,95.88,102.66
9665,2025-01,1064,113.11,111.53
9666,2025-01,1065,88.4,85.12
9667,2025-01,1066,93.81,97.87
9668,2025-01,1067,115.4,116.92
9669,2025-01,1068,120.94,116.03
9670,2025-01,1069,120.04,116.88
9671,2025-01,1070,80.49,79.9
9672,2025-01,1071,75.06,76.78
9673,2025-01,1072,93.76,94.56
9674,2025-01,1073,112.85,114.46
9675,2025-01,1074,74.26,74.16
9676,2025-01,1075,117.86,127.07
9677,2025-01,1076,79.0,78.78
9678,2025-01,1077,92.01,93.59
9679,2025-01,1078,132.54,129.7
9680,2025-01,1079,109.57,117.3
9681,2025-01,1080,417.97,433.02
9682,2025-01,1081,451.0,458.95
9683,2025-01,1082,629.99,646.4
9684,2025-01,1083,418.87,438.59
9685,2025-01,1084,430.98,442.47
9686,2025-01,1085,471.54,506.11
9687,2025-01,1086,532.41,551.07
9688,2025-01,1087,378.87,378.58
9689,2025-01,1088,615.56,623.27
9690,2025-01,1089,525.13,503.92
9691,2025-01,1090,589.37,589.04
9692,2025-01,1091,491.28,485.0
9693,2025-01,1092,678.5,690.43
9694,2025-01,1093,586.05,590.93
9695,2025-01,1094,569.01,600.84
9696,2025-01,1095,326.63,350.65
9697,2025-01,1096,707.15,732.95
9698,2025-01,1097,421.91,406.28
9699,2025-01,1098,481.63,513.0
9700,2025-01,1099,496.87,499.57
9701,2025-01,1100,975.59,956.05
9702,2025-01,1101,959.17,1027.45
9703,2025-01,1102,951.62,1024.64
9704,2025-01,1103,1423.63,1491.63
9705,2025-01,1104,774.17,821.16
9706,2025-01,1105,956.52,957.04
9707,2025-01,1106,876.98,906.58
9708,2025-01,1107,1047.9,1003.64
9709,2025-01,1108,1054.07,1001.42
9710,2025-01,1109,834.72,851.77
9711,2025-01,1110,1273.87,1325.58
9712,2025-01,1111,892.39,898.19
9713,2025-01,1112,1026.29,1049.53
9714,2025-01,1113,1296.41,1373.53
9715,2025-01,1114,1005.47,1076.07
9716,2025-01,1115,1055.92,1083.03
9717,2025-01,1116,1188.07,1169.53
9718,2025-01,1117,928.8,909.45
9719,2025-01,1118,844.46,892.12
9720,2025-01,1119,1177.16,1246.83
9721,2025-01,1120,74.25,73.66
9722,2025-01,1121,51.27,55.0
9723,2025-01,1122,64.18,68.57
9724,2025-01,1123,55.92,58.53
9725,2025-01,1124,67.15,68.37
9726,2025-01,1125,60.24,57.33
9727,2025-01,1126,48.25,51.17
9728,2025-01,1127,75.85,79.4
9729,2025-01,1128,41.06,40.66
9730,2025-01,1129,56.9,60.12
9731,2025-01,1130,66.05,68.71
9732,2025-01,1131,74.1,76.68
9733,2025-01,1132,57.96,61.58
9734,2025-01,1133,81.87,83.71
9735,2025-01,1134,61.32,60.06
9736,2025-01,1135,58.49,60.41
9737,2025-01,1136,56.19,53.47
9738,2025-01,1137,52.32,53.38
9739,2025-01,1138,63.17,62.88
9740,2025-01,1139,70.41,70.15
9741,2025-01,1140,1011.07,969.33
9742,2025-01,1141,622.16,602.95
9743,2025-01,1142,608.97,642.78
9744,2025-01,1143,762.27,754.8
9745,2025-01,1144,619.19,667.08
9746,2025-01,1145,674.7,723.78
9747,2025-01,1146,564.42,580.67
9748,2025-01,1147,664.21,692.41
9749,2025-01,1148,557.38,533.92
9750,2025-01,1149,790.58,844.05
9751,2025-01,1150,665.67,706.82
9752,2025-01,1151,524.48,516.94
9753,2025-01,1152,789.75,754.82
9754,2025-01,1153,577.53,592.47
9755,2025-01,1154,615.97,632.82
9756,2025-01,1155,649.88,629.86
9757,2025-01,1156,538.27,524.29
9758,2025-01,1157,749.46,763.21
9759,2025-01,1158,734.84,737.38
9760,2025-01,1159,651.59,639.59
9761,2025-01,1160,64.8,62.1
9762,2025-01,1161,51.99,51.07
9763,2025-01,1162,55.78,53.01
9764,2025-01,1163,42.28,41.57
9765,2025-01,1164,35.45,35.11
9766,2025-01,1165,53.27,54.82
9767,2025-01,1166,51.43,53.62
9768,2025-01,1167,48.9,47.37
9769,2025-01,1168,46.99,50.02
9770,2025-01,1169,45.29,44.89
9771,2025-01,1170,60.73,60.67
9772,2025-01,1171,43.75,46.26
9773,2025-01,1172,45.89,49.09
9774,2025-01,1173,43.56,46.6
9775,2025-01,1174,42.85,45.78
9776,2025-01,1175,52.62,55.96
9777,2025-01,1176,56.18,57.15
9778,2025-01,1177,46.06,49.56
9779,2025-01,1178,40.22,39.88
9780,2025-01,1179,38.54,37.54
9781,2025-01,1180,130.68,140.05
9782,2025-01,1181,91.11,95.46
9783,2025-01,1182,93.47,99.28
9784,2025-01,1183,63.92,68.87
9785,2025-01,1184,73.2,76.44
9786,2025-01,1185,114.62,109.8
9787,2025-01,1186,104.72,105.14
9788,2025-01,1187,134.6,131.87
9789,2025-01,1188,86.8,91.79
9790,2025-01,1189,102.4,108.87
9791,2025-01,1190,111.41,115.24
9792,2025-01,1191,121.71,117.22
9793,2025-01,1192,125.45,126.86
9794,2025-01,1193,84.39,86.03
9795,2025-01,1194,113.57,120.89
9796,2025-01,1195,111.37,115.18
9797,2025-01,1196,75.99,78.16
9798,2025-01,1197,87.36,83.82
9799,2025-01,1198,112.94,118.38
9800,2025-01,1199,87.02,83.92
9801,2025-02,1000,583.98,597.82
9802,2025-02,1001,596.4,572.69
9803,2025-02,1002,609.57,639.4
9804,2025-02,1003,856.38,865.39
9805,2025-02,1004,598.11,629.29
9806,2025-02,1005,617.33,614.63
9807,2025-02,1006,672.04,665.18
9808,2025-02,1007,644.3,694.37
9809,2025-02,1008,607.31,606.39
9810,2025-02,1009,676.21,718.48
9811,2025-02,1010,823.57,863.37
9812,2025-02,1011,729.64,713.64
9813,2025-02,1012,734.35,761.62
9814,2025-02,1013,734.33,750.5
9815,2025-02,1014,987.88,1056.4
9816,2025-02,1015,696.39,717.96
9817,2025-02,1016,856.61,835.73
9818,2025-02,1017,778.76,816.18
9819,2025-02,1018,809.19,849.71
9820,2025-02,1019,712.74,682.0
9821,2025-02,1020,476.07,461.17
9822,2025-02,1021,592.3,638.98
9823,2025-02,1022,532.25,515.49
9824,2025-02,1023,547.75,590.33
9825,2025-02,1024,430.31,447.05
9826,2025-02,1025,648.5,696.95
9827,2025-02,1026,524.75,512.33
9828,2025-02,1027,377.29,395.25
9829,2025-02,1028,412.01,416.17
9830,2025-02,1029,471.73,493.12
9831,2025-02,1030,526.84,563.14
9832,2025-02,1031,513.94,521.37
9833,2025-02,1032,464.23,472.84
9834,2025-02,1033,534.89,575.57
9835,2025-02,1034,524.27,551.16
9836,2025-02,1035,525.9,560.98
9837,2025-02,1036,510.35,495.93
9838,2025-02,1037,530.59,517.9
9839,2025-02,1038,496.32,479.18
9840,2025-02,1039,626.96,660.81
9841,2025-02,1040,239.2,256.75
9842,2025-02,1041,268.35,265.32
9843,2025-02,1042,353.02,363.03
9844,2025-02,1043,293.42,296.97
9845,2025-02,1044,330.46,335.75
9846,2025-02,1045,356.94,360.84
9847,2025-02,1046,420.32,402.94
9848,2025-02,1047,371.67,396.73
9849,2025-02,1048,442.31,451.65
9850,2025-02,1049,297.54,315.53
9851,2025-02,1050,414.8,445.49
9852,2025-02,1051,348.17,351.69
9853,2025-02,1052,288.76,295.53
9854,2025-02,1053,318.35,309.4
9855,2025-02,1054,420.7,454.11
9856,2025-02,1055,328.28,341.26
9857,2025-02,1056,284.37,298.6
9858,2025-02,1057,370.41,361.64
9859,2025-02,1058,421.16,429.12
9860,2025-02,1059,352.38,363.21
9861,2025-02,1060,110.57,107.6
9862,2025-02,1061,69.45,67.88
9863,2025-02,1062,103.74,105.96
9864,2025-02,1063,94.05,95.72
9865,2025-02,1064,119.68,122.76
9866,2025-02,1065,87.18,85.53
9867,2025-02,1066,95.12,93.12
9868,2025-02,1067,116.17,123.87
9869,2025-02,1068,111.22,118.02
9870,2025-02,1069,120.16,118.36
9871,2025-02,1070,83.63,86.28
9872,2025-02,1071,77.01,79.51
9873,2025-02,1072,94.45,91.05
9874,2025-02,1073,110.88,108.84
9875,2025-02,1074,72.0,68.44
9876,2025-02,1075,118.32,120.14
9877,2025-02,1076,75.58,79.72
9878,2025-02,1077,95.21,92.95
9879,2025-02,1078,129.03,135.83
9880,2025-02,1079,113.33,112.31
9881,2025-02,1080,423.52,421.32
9882,2025-02,1081,434.26,433.93
9883,2025-02,1082,621.36,612.62
9884,2025-02,1083,416.1,425.1
9885,2025-02,1084,429.78,441.9
9886,2025-02,1085,500.33,495.83
9887,2025-02,1086,543.81,572.62
9888,2025-02,1087,388.46,398.41
9889,2025-02,1088,624.35,663.83
9890,2025-02,1089,517.55,508.38
9891,2025-02,1090,579.16,614.31
9892,2025-02,1091,502.52,482.39
9893,2025-02,1092,652.39,663.9
9894,2025-02,1093,594.77,613.98
9895,2025-02,1094,554.07,535.12
9896,2025-02,1095,315.35,317.5
9897,2025-02,1096,712.25,680.12
9898,2025-02,1097,449.99,484.36
9899,2025-02,1098,483.17,465.82
9900,2025-02,1099,526.27,502.74
9901,2025-02,1100,1022.47,1012.01
9902,2025-02,1101,955.04,969.26
9903,2025-02,1102,975.85,1014.17
9904,2025-02,1103,1339.57,1394.13
9905,2025-02,1104,786.96,806.98
9906,2025-02,1105,1043.24,1101.53
9907,2025-02,1106,825.93,864.6
9908,2025-02,1107,1044.75,1073.03
9909,2025-02,1108,1007.76,1060.0
9910,2025-02,1109,845.47,898.04
9911,2025-02,1110,1287.0,1283.67
9912,2025-02,1111,931.4,903.3
9913,2025-02,1112,1008.77,1088.49
9914,2025-02,1113,1264.13,1354.78
9915,2025-02,1114,1004.07,1000.26
9916,2025-02,1115,1110.67,1103.79
9917,2025-02,1116,1063.47,1021.08
9918,2025-02,1117,907.54,969.54
9919,2025-02,1118,853.52,824.39
9920,2025-02,1119,1135.19,1143.39
9921,2025-02,1120,71.12,75.9
9922,2025-02,1121,50.02,50.63
9923,2025-02,1122,59.95,62.86
9924,2025-02,1123,55.73,53.44
9925,2025-02,1124,67.34,65.85
9926,2025-02,1125,59.03,61.45
9927,2025-02,1126,51.9,55.63
9928,2025-02,1127,77.57,83.67
9929,2025-02,1128,41.72,40.77
9930,2025-02,1129,56.82,60.27
9931,2025-02,1130,67.3,68.78
9932,2025-02,1131,75.97,80.33
9933,2025-02,1132,57.77,59.99
9934,2025-02,1133,83.35,80.24
9935,2025-02,1134,60.17,58.86
9936,2025-02,1135,57.76,58.69
9937,2025-02,1136,55.97,58.02
9938,2025-02,1137,51.41,49.0
9939,2025-02,1138,61.58,62.22
9940,2025-02,1139,68.21,72.9
9941,2025-02,1140,966.88,929.37
9942,2025-02,1141,623.82,611.61
9943,2025-02,1142,601.42,625.71
9944,2025-02,1143,755.22,773.16
9945,2025-02,1144,591.79,625.07
9946,2025-02,1145,661.73,696.47
9947,2025-02,1146,565.93,600.57
9948,2025-02,1147,668.8,641.84
9949,2025-02,1148,583.12,624.89
9950,2025-02,1149,781.85,794.89
9951,2025-02,1150,661.6,680.22
9952,2025-02,1151,515.37,515.89
9953,2025-02,1152,830.01,832.9
9954,2025-02,1153,588.96,609.38
9955,2025-02,1154,646.98,693.23
9956,2025-02,1155,646.24,624.63
9957,2025-02,1156,503.91,514.6
9958,2025-02,1157,784.68,753.72
9959,2025-02,1158,783.44,769.48
9960,2025-02,1159,638.41,617.98
9961,2025-02,1160,61.59,59.07
9962,2025-02,1161,52.24,53.53
9963,2025-02,1162,57.18,57.75
9964,2025-02,1163,41.07,41.15
9965,2025-02,1164,34.6,36.03
9966,2025-02,1165,52.48,52.56
9967,2025-02,1166,55.23,52.64
9968,2025-02,1167,49.76,50.19
9969,2025-02,1168,46.79,44.81
9970,2025-02,1169,45.12,47.82
9971,2025-02,1170,62.33,63.31
9972,2025-02,1171,42.48,43.43
9973,2025-02,1172,47.59,49.11
9974,2025-02,1173,43.84,45.55
9975,2025-02,1174,44.4,45.25
9976,2025-02,1175,54.45,53.16
9977,2025-02,1176,57.41,56.8
9978,2025-02,1177,44.07,43.03
9979,2025-02,1178,39.94,42.04
9980,2025-02,1179,38.2,37.02
9981,2025-02,1180,130.02,131.24
9982,2025-02,1181,97.96,103.48
9983,2025-02,1182,94.7,91.33
9984,2025-02,1183,60.82,58.97
9985,2025-02,1184,72.18,77.48
9986,2025-02,1185,113.46,117.34
9987,2025-02,1186,109.66,115.05
9988,2025-02,1187,131.48,135.22
9989,2025-02,1188,90.51,90.4
9990,2025-02,1189,107.25,102.58
9991,2025-02,1190,102.84,105.49
9992,2025-02,1191,123.32,129.41
9993,2025-02,1192,111.39,116.26
9994,2025-02,1193,82.68,81.08
9995,2025-02,1194,113.97,112.72
9996,2025-02,1195,115.69,113.29
9997,2025-02,1196,73.55,72.02
9998,2025-02,1197,86.56,82.43
9999,2025-02,1198,110.81,109.6
10000,2025-02,1199,88.65,91.46
10001,2025-03,1000,567.97,567.88
10002,2025-03,1001,606.64,653.12
10003,2025-03,1002,603.87,601.63
10004,2025-03,1003,872.18,910.39
10005,2025-03,1004,604.74,637.86
10006,2025-03,1005,606.78,627.91
10007,2025-03,1006,685.8,653.84
10008,2025-03,1007,690.04,691.55
10009,2025-03,1008,641.58,619.62
10010,2025-03,1009,693.34,722.08
10011,2025-03,1010,855.48,899.57
10012,2025-03,1011,717.87,711.18
10013,2025-03,1012,720.41,706.06
10014,2025-03,1013,731.1,741.64
10015,2025-03,1014,1060.83,1132.99
10016,2025-03,1015,699.1,696.33
10017,2025-03,1016,873.94,844.63
10018,2025-03,1017,793.22,848.48
10019,2025-03,1018,782.27,805.69
10020,2025-03,1019,702.96,707.32
10021,2025-03,1020,497.56,508.83
10022,2025-03,1021,602.62,632.75
10023,2025-03,1022,537.56,556.86
10024,2025-03,1023,567.16,552.27
10025,2025-03,1024,447.13,433.3
10026,2025-03,1025,655.01,650.43
10027,2025-03,1026,510.68,504.18
10028,2025-03,1027,398.42,421.03
10029,2025-03,1028,405.92,407.78
10030,2025-03,1029,465.53,488.0
10031,2025-03,1030,551.11,549.56
10032,2025-03,1031,477.65,465.96
10033,2025-03,1032,474.36,509.37
10034,2025-03,1033,544.95,521.3
10035,2025-03,1034,519.02,509.38
10036,2025-03,1035,526.0,512.37
10037,2025-03,1036,508.84,493.55
10038,2025-03,1037,497.2,490.13
10039,2025-03,1038,463.74,447.19
10040,2025-03,1039,603.28,587.32
10041,2025-03,1040,239.49,256.03
10042,2025-03,1041,280.65,275.47
10043,2025-03,1042,335.79,360.78
10044,2025-03,1043,301.29,304.39
10045,2025-03,1044,335.69,324.08
10046,2025-03,1045,352.82,378.42
10047,2025-03,1046,420.46,436.64
10048,2025-03,1047,371.84,355.01
10049,2025-03,1048,464.65,483.71
10050,2025-03,1049,289.76,281.79
10051,2025-03,1050,405.35,388.79
10052,2025-03,1051,336.78,337.07
10053,2025-03,1052,301.03,298.94
10054,2025-03,1053,307.23,330.05
10055,2025-03,1054,411.07,407.14
10056,2025-03,1055,334.64,335.04
10057,2025-03,1056,273.33,281.32
10058,2025-03,1057,340.42,324.58
10059,2025-03,1058,413.34,393.59
10060,2025-03,1059,359.5,371.89
10061,2025-03,1060,108.85,114.3
10062,2025-03,1061,70.95,69.46
10063,2025-03,1062,106.02,108.57
10064,2025-03,1063,96.5,98.79
10065,2025-03,1064,118.35,118.74
10066,2025-03,1065,91.4,98.16
10067,2025-03,1066,92.84,98.48
10068,2025-03,1067,110.6,109.47
10069,2025-03,1068,115.61,119.77
10070,2025-03,1069,124.64,124.77
10071,2025-03,1070,81.24,83.2
10072,2025-03,1071,73.89,73.29
10073,2025-03,1072,96.02,99.25
10074,2025-03,1073,108.88,110.34
10075,2025-03,1074,72.62,74.57
10076,2025-03,1075,122.04,130.19
10077,2025-03,1076,79.68,76.56
10078,2025-03,1077,97.01,102.59
10079,2025-03,1078,129.67,126.84
10080,2025-03,1079,108.03,110.5
10081,2025-03,1080,421.47,423.25
10082,2025-03,1081,439.88,447.63
10083,2025-03,1082,644.27,681.49
10084,2025-03,1083,401.82,420.11
10085,2025-03,1084,439.53,449.06
10086,2025-03,1085,483.28,465.9
10087,2025-03,1086,524.71,561.27
10088,2025-03,1087,374.93,357.73
10089,2025-03,1088,621.94,668.01
10090,2025-03,1089,543.15,544.22
10091,2025-03,1090,549.17,530.94
10092,2025-03,1091,498.15,500.83
10093,2025-03,1092,697.69,681.06
10094,2025-03,1093,585.37,627.88
10095,2025-03,1094,574.54,561.17
10096,2025-03,1095,319.37,327.03
10097,2025-03,1096,686.55,692.13
10098,2025-03,1097,440.84,430.88
10099,2025-03,1098,462.88,457.01
10100,2025-03,1099,542.0,554.58
10101,2025-03,1100,1041.34,1000.7
10102,2025-03,1101,955.42,977.59
10103,2025-03,1102,921.35,983.0
10104,2025-03,1103,1451.95,1501.05
10105,2025-03,1104,775.75,767.76
10106,2025-03,1105,982.99,1007.82
10107,2025-03,1106,827.85,827.4
10108,2025-03,1107,1069.45,1099.35
10109,2025-03,1108,1066.74,1108.49
10110,2025-03,1109,876.41,907.17
10111,2025-03,1110,1243.13,1316.58
10112,2025-03,1111,907.21,924.73
10113,2025-03,1112,1038.42,1057.36
10114,2025-03,1113,1287.93,1347.19
10115,2025-03,1114,1013.82,1016.73
10116,2025-03,1115,1006.02,971.83
10117,2025-03,1116,1124.69,1116.75
10118,2025-03,1117,907.15,871.12
10119,2025-03,1118,847.64,847.25
10120,2025-03,1119,1124.74,1140.45
10121,2025-03,1120,72.62,73.1
10122,2025-03,1121,51.43,55.27
10123,2025-03,1122,63.55,63.23
10124,2025-03,1123,55.61,59.77
10125,2025-03,1124,70.86,70.96
10126,2025-03,1125,61.4,66.07
10127,2025-03,1126,47.77,45.51
10128,2025-03,1127,73.73,76.97
10129,2025-03,1128,42.68,43.8
10130,2025-03,1129,56.91,54.43
10131,2025-03,1130,70.12,69.07
10132,2025-03,1131,75.63,76.95
10133,2025-03,1132,57.62,61.36
10134,2025-03,1133,82.75,82.65
10135,2025-03,1134,57.69,59.75
10136,2025-03,1135,60.61,59.67
10137,2025-03,1136,52.57,53.9
10138,2025-03,1137,52.03,55.97
10139,2025-03,1138,63.35,60.95
10140,2025-03,1139,65.94,66.73
10141,2025-03,1140,973.02,929.39
10142,2025-03,1141,609.08,638.13
10143,2025-03,1142,609.73,617.61
10144,2025-03,1143,789.08,844.71
10145,2025-03,1144,622.17,671.66
10146,2025-03,1145,644.42,688.3
10147,2025-03,1146,610.04,595.34
10148,2025-03,1147,654.81,677.66
10149,2025-03,1148,577.66,568.17
10150,2025-03,1149,792.16,838.68
10151,2025-03,1150,674.57,660.24
10152,2025-03,1151,538.13,560.81
10153,2025-03,1152,837.75,856.05
10154,2025-03,1153,576.2,569.89
10155,2025-03,1154,600.02,574.91
10156,2025-03,1155,663.5,660.99
10157,2025-03,1156,518.26,533.13
10158,2025-03,1157,736.52,768.57
10159,2025-03,1158,732.12,770.55
10160,2025-03,1159,613.84,602.61
10161,2025-03,1160,62.27,60.05
10162,2025-03,1161,50.86,52.09
10163,2025-03,1162,58.23,55.99
10164,2025-03,1163,41.11,44.22
10165,2025-03,1164,34.62,36.01
10166,2025-03,1165,54.48,57.21
10167,2025-03,1166,53.53,55.67
10168,2025-03,1167,47.93,48.69
10169,2025-03,1168,46.14,49.54
10170,2025-03,1169,44.43,43.01
10171,2025-03,1170,63.17,67.75
10172,2025-03,1171,41.87,41.03
10173,2025-03,1172,46.73,48.19
10174,2025-03,1173,42.18,45.21
10175,2025-03,1174,41.8,45.09
10176,2025-03,1175,50.63,50.99
10177,2025-03,1176,57.89,55.74
10178,2025-03,1177,42.07,42.53
10179,2025-03,1178,41.41,41.79
10180,2025-03,1179,38.9,41.72
10181,2025-03,1180,127.42,128.93
10182,2025-03,1181,95.15,91.33
10183,2025-03,1182,92.15,87.93
10184,2025-03,1183,58.96,59.32
10185,2025-03,1184,69.04,72.94
10186,2025-03,1185,121.51,119.85
10187,2025-03,1186,108.06,105.03
10188,2025-03,1187,130.99,127.56
10189,2025-03,1188,92.44,97.57
10190,2025-03,1189,104.9,113.07
10191,2025-03,1190,106.96,106.03
10192,2025-03,1191,120.18,124.6
10193,2025-03,1192,119.92,120.15
10194,2025-03,1193,76.07,80.09
10195,2025-03,1194,119.16,123.89
10196,2025-03,1195,112.3,108.6
10197,2025-03,1196,72.47,77.1
10198,2025-03,1197,85.2,86.03
10199,2025-03,1198,113.98,121.13
10200,2025-03,1199,85.63,86.03
10201,2025-04,1000,559.72,599.93
10202,2025-04,1001,601.27,579.17
10203,2025-04,1002,637.54,663.48
10204,2025-04,1003,853.66,873.62
10205,2025-04,1004,572.2,584.99
10206,2025-04,1005,619.13,615.18
10207,2025-04,1006,690.26,686.3
10208,2025-04,1007,686.87,723.14
10209,2025-04,1008,623.17,672.53
10210,2025-04,1009,693.01,683.79
10211,2025-04,1010,878.89,898.45
10212,2025-04,1011,737.48,712.05
10213,2025-04,1012,736.88,733.94
10214,2025-04,1013,703.68,754.85
10215,2025-04,1014,1013.33,1045.67
10216,2025-04,1015,698.53,727.22
10217,2025-04,1016,875.09,939.98
10218,2025-04,1017,818.71,800.19
10219,2025-04,1018,781.76,801.2
10220,2025-04,1019,760.37,812.38
10221,2025-04,1020,497.3,494.89
10222,2025-04,1021,604.17,601.92
10223,2025-04,1022,540.99,534.57
10224,2025-04,1023,572.84,559.68
10225,2025-04,1024,438.42,459.63
10226,2025-04,1025,614.99,623.79
10227,2025-04,1026,534.28,557.92
10228,2025-04,1027,380.66,393.97
10229,2025-04,1028,420.44,446.74
10230,2025-04,1029,447.69,437.55
10231,2025-04,1030,559.84,553.16
10232,2025-04,1031,487.67,509.6
10233,2025-04,1032,451.89,459.37
10234,2025-04,1033,556.82,585.16
10235,2025-04,1034,526.67,543.05
10236,2025-04,1035,512.19,549.84
10237,2025-04,1036,493.68,509.03
10238,2025-04,1037,562.96,552.13
10239,2025-04,1038,491.34,500.55
10240,2025-04,1039,608.14,612.45
10241,2025-04,1040,255.76,269.15
10242,2025-04,1041,266.25,271.02
10243,2025-04,1042,331.32,333.79
10244,2025-04,1043,303.17,308.97
10245,2025-04,1044,345.49,342.79
10246,2025-04,1045,360.01,354.55
10247,2025-04,1046,421.44,405.64
10248,2025-04,1047,371.76,354.54
10249,2025-04,1048,426.34,438.16
10250,2025-04,1049,319.98,316.68
10251,2025-04,1050,403.43,410.07
10252,2025-04,1051,347.53,372.09
10253,2025-04,1052,286.04,300.18
10254,2025-04,1053,305.5,307.98
10255,2025-04,1054,395.82,381.97
10256,2025-04,1055,336.72,330.49
10257,2025-04,1056,284.12,272.53
10258,2025-04,1057,337.56,359.93
10259,2025-04,1058,410.07,431.89
10260,2025-04,1059,345.66,359.66
10261,2025-04,1060,104.52,106.04
10262,2025-04,1061,71.46,75.91
10263,2025-04,1062,108.37,113.27
10264,2025-04,1063,95.94,103.07
10265,2025-04,1064,116.62,118.41
10266,2025-04,1065,90.29,86.98
10267,2025-04,1066,96.91,97.43
10268,2025-04,1067,114.86,111.81
10269,2025-04,1068,118.54,124.22
10270,2025-04,1069,121.4,126.43
10271,2025-04,1070,84.63,85.52
10272,2025-04,1071,74.67,75.01
10273,2025-04,1072,101.49,96.53
10274,2025-04,1073,110.71,105.64
10275,2025-04,1074,73.66,74.99
10276,2025-04,1075,121.19,130.44
10277,2025-04,1076,76.7,82.79
10278,2025-04,1077,91.4,87.2
10279,2025-04,1078,129.46,125.76
10280,2025-04,1079,107.94,104.59
10281,2025-04,1080,419.47,408.75
10282,2025-04,1081,455.36,441.8
10283,2025-04,1082,685.46,672.7
10284,2025-04,1083,390.16,406.87
10285,2025-04,1084,438.72,447.05
10286,2025-04,1085,472.13,476.28
10287,2025-04,1086,543.64,523.64
10288,2025-04,1087,377.13,388.9
10289,2025-04,1088,640.79,627.68
10290,2025-04,1089,538.52,513.35
10291,2025-04,1090,545.83,588.41
10292,2025-04,1091,505.36,500.1
10293,2025-04,1092,663.82,692.69
10294,2025-04,1093,589.72,584.25
10295,2025-04,1094,551.2,587.81
10296,2025-04,1095,325.22,318.67
10297,2025-04,1096,727.27,766.04
10298,2025-04,1097,429.41,409.11
10299,2025-04,1098,487.49,496.03
10300,2025-04,1099,514.75,528.76
10301,2025-04,1100,963.66,985.18
10302,2025-04,1101,973.92,1036.85
10303,2025-04,1102,944.96,938.02
10304,2025-04,1103,1363.59,1396.13
10305,2025-04,1104,764.46,798.83
10306,2025-04,1105,1001.86,1075.68
10307,2025-04,1106,813.67,852.38
10308,2025-04,1107,1075.82,1159.63
10309,2025-04,1108,1060.29,1023.65
10310,2025-04,1109,860.78,835.53
10311,2025-04,1110,1304.92,1334.26
10312,2025-04,1111,903.29,860.14
10313,2025-04,1112,1004.41,1017.53
10314,2025-04,1113,1305.52,1375.96
10315,2025-04,1114,998.96,995.39
10316,2025-04,1115,1041.78,996.27
10317,2025-04,1116,1121.34,1117.16
10318,2025-04,1117,977.76,958.91
10319,2025-04,1118,850.52,824.24
10320,2025-04,1119,1174.37,1217.33
10321,2025-04,1120,72.48,76.4
10322,2025-04,1121,53.64,55.1
10323,2025-04,1122,60.29,62.84
10324,2025-04,1123,54.82,55.74
10325,2025-04,1124,65.57,64.96
10326,2025-04,1125,58.83,61.86
10327,2025-04,1126,48.69,48.85
10328,2025-04,1127,77.3,82.79
10329,2025-04,1128,40.04,39.02
10330,2025-04,1129,58.26,58.13
10331,2025-04,1130,66.55,63.49
10332,2025-04,1131,75.31,76.99
10333,2025-04,1132,55.49,58.22
10334,2025-04,1133,83.04,80.97
10335,2025-04,1134,58.22,56.45
10336,2025-04,1135,55.23,58.33
10337,2025-04,1136,56.78,54.4
10338,2025-04,1137,49.95,50.01
10339,2025-04,1138,62.24,65.95
10340,2025-04,1139,67.76,67.84
10341,2025-04,1140,1003.85,981.24
10342,2025-04,1141,580.24,553.68
10343,2025-04,1142,582.31,596.93
10344,2025-04,1143,751.21,734.46
10345,2025-04,1144,620.71,657.78
10346,2025-04,1145,645.11,667.28
10347,2025-04,1146,557.3,540.17
10348,2025-04,1147,652.45,668.29
10349,2025-04,1148,608.42,580.23
10350,2025-04,1149,809.2,794.17
10351,2025-04,1150,679.84,733.44
10352,2025-04,1151,524.25,540.77
10353,2025-04,1152,761.09,739.65
10354,2025-04,1153,572.98,571.8
10355,2025-04,1154,616.76,626.46
10356,2025-04,1155,655.24,695.82
10357,2025-04,1156,549.69,555.61
10358,2025-04,1157,756.62,752.12
10359,2025-04,1158,734.3,722.91
10360,2025-04,1159,635.47,686.06
10361,2025-04,1160,62.79,64.92
10362,2025-04,1161,52.25,50.07
10363,2025-04,1162,57.39,60.5
10364,2025-04,1163,41.04,42.11
10365,2025-04,1164,35.71,38.41
10366,2025-04,1165,52.92,56.79
10367,2025-04,1166,54.43,56.91
10368,2025-04,1167,49.81,52.1
10369,2025-04,1168,48.28,49.7
10370,2025-04,1169,45.82,44.17
10371,2025-04,1170,60.25,61.13
10372,2025-04,1171,44.36,42.71
10373,2025-04,1172,48.28,51.14
10374,2025-04,1173,40.27,40.95
10375,2025-04,1174,43.66,47.1
10376,2025-04,1175,50.39,48.92
10377,2025-04,1176,57.16,60.83
10378,2025-04,1177,40.99,39.2
10379,2025-04,1178,41.64,42.18
10380,2025-04,1179,40.59,40.52
10381,2025-04,1180,129.11,132.58
10382,2025-04,1181,92.57,96.55
10383,2025-04,1182,94.17,93.87
10384,2025-04,1183,61.39,64.9
10385,2025-04,1184,71.93,68.9
10386,2025-04,1185,111.66,112.7
10387,2025-04,1186,109.64,113.44
10388,2025-04,1187,134.75,137.9
10389,2025-04,1188,93.42,94.67
10390,2025-04,1189,103.77,103.99
10391,2025-04,1190,108.4,116.73
10392,2025-04,1191,120.88,121.73
10393,2025-04,1192,117.37,123.32
10394,2025-04,1193,81.95,79.72
10395,2025-04,1194,113.93,118.86
10396,2025-04,1195,109.86,116.26
10397,2025-04,1196,78.65,81.29
10398,2025-04,1197,83.36,89.71
10399,2025-04,1198,112.12,115.03
10400,2025-04,1199,88.33,87.45
10401,2025-05,1000,579.34,561.71
10402,2025-05,1001,606.98,600.79
10403,2025-05,1002,609.07,588.34
10404,2025-05,1003,836.58,898.84
10405,2025-05,1004,576.11,602.33
10406,2025-05,1005,590.9,608.61
10407,2025-05,1006,679.57,714.15
10408,2025-05,1007,690.17,708.05
10409,2025-05,1008,618.03,663.99
10410,2025-05,1009,686.91,703.45
10411,2025-05,1010,830.93,880.41
10412,2025-05,1011,723.36,729.73
10413,2025-05,1012,733.3,751.31
10414,2025-05,1013,761.66,753.14
10415,2025-05,1014,1007.9,986.01
10416,2025-05,1015,678.96,721.37
10417,2025-05,1016,870.63,876.23
10418,2025-05,1017,769.93,764.82
10419,2025-05,1018,755.88,751.0
10420,2025-05,1019,714.17,744.95
10421,2025-05,1020,482.18,501.98
10422,2025-05,1021,584.81,600.34
10423,2025-05,1022,522.09,510.49
10424,2025-05,1023,569.89,612.74
10425,2025-05,1024,424.02,449.48
10426,2025-05,1025,651.39,642.92
10427,2025-05,1026,543.05,535.02
10428,2025-05,1027,384.86,394.3
10429,2025-05,1028,399.99,431.91
10430,2025-05,1029,485.5,469.24
10431,2025-05,1030,514.94,497.06
10432,2025-05,1031,482.71,492.92
10433,2025-05,1032,464.26,463.84
10434,2025-05,1033,549.4,527.09
10435,2025-05,1034,509.57,533.64
10436,2025-05,1035,501.9,534.14
10437,2025-05,1036,506.85,485.56
10438,2025-05,1037,535.85,555.47
10439,2025-05,1038,503.67,533.84
10440,2025-05,1039,620.88,667.26
10441,2025-05,1040,256.17,252.27
10442,2025-05,1041,273.1,286.04
10443,2025-05,1042,339.3,354.03
10444,2025-05,1043,299.94,299.17
10445,2025-05,1044,345.42,363.23
10446,2025-05,1045,335.76,341.49
10447,2025-05,1046,403.18,404.57
10448,2025-05,1047,377.47,374.81
10449,2025-05,1048,435.39,468.15
10450,2025-05,1049,320.8,331.74
10451,2025-05,1050,414.33,426.54
10452,2025-05,1051,337.36,327.0
10453,2025-05,1052,296.09,282.36
10454,2025-05,1053,304.21,314.77
10455,2025-05,1054,416.85,414.73
10456,2025-05,1055,332.44,340.27
10457,2025-05,1056,295.3,296.63
10458,2025-05,1057,341.66,342.38
10459,2025-05,1058,398.16,399.4
10460,2025-05,1059,343.42,346.62
10461,2025-05,1060,106.38,107.26
10462,2025-05,1061,70.32,69.85
10463,2025-05,1062,106.48,106.75
10464,2025-05,1063,97.71,93.07
10465,2025-05,1064,117.38,115.85
10466,2025-05,1065,91.82,98.14
10467,2025-05,1066,90.98,88.61
10468,2025-05,1067,111.68,106.18
10469,2025-05,1068,112.38,119.2
10470,2025-05,1069,120.25,121.39
10471,2025-05,1070,80.45,85.54
10472,2025-05,1071,74.53,74.46
10473,2025-05,1072,99.69,104.27
10474,2025-05,1073,109.06,117.67
10475,2025-05,1074,71.77,70.66
10476,2025-05,1075,117.02,125.77
10477,2025-05,1076,80.15,79.91
10478,2025-05,1077,96.94,96.2
10479,2025-05,1078,127.26,128.94
10480,2025-05,1079,110.53,117.63
10481,2025-05,1080,424.43,403.94
10482,2025-05,1081,440.38,468.72
10483,2025-05,1082,663.48,695.35
10484,2025-05,1083,414.23,438.57
10485,2025-05,1084,426.62,440.26
10486,2025-05,1085,485.97,480.06
10487,2025-05,1086,520.36,527.71
10488,2025-05,1087,397.38,386.36
10489,2025-05,1088,629.57,661.74
10490,2025-05,1089,511.01,492.84
10491,2025-05,1090,581.0,606.45
10492,2025-05,1091,507.85,536.54
10493,2025-05,1092,670.32,689.17
10494,2025-05,1093,588.14,632.64
10495,2025-05,1094,558.68,538.7
10496,2025-05,1095,331.28,340.26
10497,2025-05,1096,724.68,765.12
10498,2025-05,1097,446.73,454.45
10499,2025-05,1098,473.1,470.87
10500,2025-05,1099,493.87,520.57
10501,2025-05,1100,1014.61,1038.87
10502,2025-05,1101,969.83,931.14
10503,2025-05,1102,964.66,1001.41
10504,2025-05,1103,1428.03,1380.37
10505,2025-05,1104,760.19,786.24
10506,2025-05,1105,1029.47,1097.76
10507,2025-05,1106,840.87,811.05
10508,2025-05,1107,1077.56,1135.15
10509,2025-05,1108,1038.66,1014.19
10510,2025-05,1109,832.84,868.5
10511,2025-05,1110,1316.36,1323.26
10512,2025-05,1111,913.34,880.84
10513,2025-05,1112,1021.82,1058.03
10514,2025-05,1113,1274.95,1343.31
10515,2025-05,1114,977.33,975.6
10516,2025-05,1115,1076.42,1119.61
10517,2025-05,1116,1120.97,1150.73
10518,2025-05,1117,924.8,932.59
10519,2025-05,1118,838.3,848.44
10520,2025-05,1119,1140.46,1165.82
10521,2025-05,1120,76.25,79.44
10522,2025-05,1121,50.72,50.1
10523,2025-05,1122,62.56,61.23
10524,2025-05,1123,56.36,53.82
10525,2025-05,1124,67.64,71.05
10526,2025-05,1125,59.27,57.61
10527,2025-05,1126,52.1,51.36
10528,2025-05,1127,76.74,81.44
10529,2025-05,1128,40.77,42.45
10530,2025-05,1129,54.96,58.79
10531,2025-05,1130,66.48,68.14
10532,2025-05,1131,78.27,74.93
10533,2025-05,1132,57.94,61.47
10534,2025-05,1133,84.09,80.11
10535,2025-05,1134,60.53,62.99
10536,2025-05,1135,56.42,57.53
10537,2025-05,1136,54.93,56.29
10538,2025-05,1137,52.09,55.73
10539,2025-05,1138,64.56,62.79
10540,2025-05,1139,68.52,69.86
10541,2025-05,1140,978.51,1022.34
10542,2025-05,1141,601.73,578.04
10543,2025-05,1142,587.64,619.48
10544,2025-05,1143,761.08,818.12
10545,2025-05,1144,602.15,591.6
10546,2025-05,1145,656.81,654.54
10547,2025-05,1146,587.53,616.42
10548,2025-05,1147,663.67,716.54
10549,2025-05,1148,607.96,596.7
10550,2025-05,1149,835.66,853.97
10551,2025-05,1150,633.27,638.08
10552,2025-05,1151,517.88,495.61
10553,2025-05,1152,799.35,800.58
10554,2025-05,1153,591.98,626.42
10555,2025-05,1154,618.07,594.63
10556,2025-05,1155,682.54,665.36
10557,2025-05,1156,537.16,534.79
10558,2025-05,1157,747.95,751.79
10559,2025-05,1158,734.26,741.91
10560,2025-05,1159,657.06,695.77
10561,2025-05,1160,65.37,62.94
10562,2025-05,1161,51.3,54.72
10563,2025-05,1162,60.42,61.28
10564,2025-05,1163,42.28,43.02
10565,2025-05,1164,34.88,33.8
10566,2025-05,1165,51.98,49.76
10567,2025-05,1166,51.77,52.49
10568,2025-05,1167,48.68,46.79
10569,2025-05,1168,47.68,48.78
10570,2025-05,1169,43.14,42.64
10571,2025-05,1170,61.78,62.69
10572,2025-05,1171,42.04,40.31
10573,2025-05,1172,46.03,47.53
10574,2025-05,1173,42.67,44.26
10575,2025-05,1174,44.31,44.62
10576,2025-05,1175,52.38,50.39
10577,2025-05,1176,54.59,57.65
10578,2025-05,1177,42.9,42.72
10579,2025-05,1178,40.73,40.45
10580,2025-05,1179,38.8,39.55
10581,2025-05,1180,129.83,128.03
10582,2025-05,1181,95.0,96.09
10583,2025-05,1182,90.91,88.26
10584,2025-05,1183,60.64,60.15
10585,2025-05,1184,71.79,74.86
10586,2025-05,1185,115.99,111.68
10587,2025-05,1186,108.53,117.17
10588,2025-05,1187,134.12,138.03
10589,2025-05,1188,89.92,94.39
10590,2025-05,1189,106.94,108.78
10591,2025-05,1190,107.48,102.17
10592,2025-05,1191,121.68,122.73
10593,2025-05,1192,112.52,120.85
10594,2025-05,1193,81.41,81.98
10595,2025-05,1194,112.93,115.72
10596,2025-05,1195,109.21,112.48
10597,2025-05,1196,77.45,81.14
10598,2025-05,1197,88.83,93.92
10599,2025-05,1198,106.81,111.21
10600,2025-05,1199,88.73,85.84
10601,2025-06,1000,584.63,595.96
10602,2025-06,1001,608.02,647.34
10603,2025-06,1002,614.99,632.58
10604,2025-06,1003,880.86,900.92
10605,2025-06,1004,559.36,597.75
10606,2025-06,1005,604.27,637.62
10607,2025-06,1006,657.54,702.93
10608,2025-06,1007,666.25,713.31
10609,2025-06,1008,614.22,647.59
10610,2025-06,1009,709.31,679.25
10611,2025-06,1010,866.42,932.21
10612,2025-06,1011,706.03,703.55
10613,2025-06,1012,748.17,752.2
10614,2025-06,1013,736.09,773.74
10615,2025-06,1014,998.64,1074.0
10616,2025-06,1015,682.91,680.15
10617,2025-06,1016,853.99,831.97
10618,2025-06,1017,793.88,798.04
10619,2025-06,1018,776.81,791.5
10620,2025-06,1019,733.23,709.3
10621,2025-06,1020,485.9,503.85
10622,2025-06,1021,592.48,595.37
10623,2025-06,1022,540.53,546.21
10624,2025-06,1023,566.94,590.24
10625,2025-06,1024,429.97,428.74
10626,2025-06,1025,639.34,631.12
10627,2025-06,1026,535.47,562.27
10628,2025-06,1027,365.53,384.67
10629,2025-06,1028,400.74,385.98
10630,2025-06,1029,468.31,493.33
10631,2025-06,1030,547.28,587.38
10632,2025-06,1031,509.86,494.74
10633,2025-06,1032,455.07,470.9
10634,2025-06,1033,535.49,526.06
10635,2025-06,1034,496.64,517.96
10636,2025-06,1035,516.8,544.52
10637,2025-06,1036,505.27,495.38
10638,2025-06,1037,511.29,509.46
10639,2025-06,1038,451.0,431.21
10640,2025-06,1039,635.8,647.72
10641,2025-06,1040,246.63,262.1
10642,2025-06,1041,281.6,301.35
10643,2025-06,1042,339.78,361.37
10644,2025-06,1043,298.65,288.67
10645,2025-06,1044,327.76,319.68
10646,2025-06,1045,351.71,360.57
10647,2025-06,1046,410.51,391.17
10648,2025-06,1047,392.29,415.39
10649,2025-06,1048,462.42,448.81
10650,2025-06,1049,300.55,315.29
10651,2025-06,1050,405.15,420.25
10652,2025-06,1051,339.87,352.54
10653,2025-06,1052,289.85,304.34
10654,2025-06,1053,310.56,333.94
10655,2025-06,1054,400.26,429.84
10656,2025-06,1055,335.01,357.79
10657,2025-06,1056,284.42,274.01
10658,2025-06,1057,337.29,351.31
10659,2025-06,1058,419.75,414.76
10660,2025-06,1059,351.29,375.57
10661,2025-06,1060,112.07,107.49
10662,2025-06,1061,69.4,74.13
10663,2025-06,1062,104.32,103.77
10664,2025-06,1063,99.72,101.46
10665,2025-06,1064,120.52,127.81
10666,2025-06,1065,88.63,87.89
10667,2025-06,1066,95.71,103.13
10668,2025-06,1067,111.41,108.25
10669,2025-06,1068,110.09,112.09
10670,2025-06,1069,125.03,120.14
10671,2025-06,1070,84.36,88.52
10672,2025-06,1071,73.85,72.71
10673,2025-06,1072,98.59,103.18
10674,2025-06,1073,109.27,115.13
10675,2025-06,1074,73.98,70.88
10676,2025-06,1075,122.33,129.54
10677,2025-06,1076,76.66,79.81
10678,2025-06,1077,94.0,96.45
10679,2025-06,1078,133.53,143.49
10680,2025-06,1079,104.66,110.16
10681,2025-06,1080,413.55,432.96
10682,2025-06,1081,448.54,436.24
10683,2025-06,1082,637.56,608.23
10684,2025-06,1083,412.71,394.02
10685,2025-06,1084,436.91,429.48
10686,2025-06,1085,470.33,458.36
10687,2025-06,1086,530.16,542.14
10688,2025-06,1087,369.34,383.53
10689,2025-06,1088,597.98,615.34
10690,2025-06,1089,510.19,531.93
10691,2025-06,1090,552.19,591.11
10692,2025-06,1091,491.14,514.9
10693,2025-06,1092,649.92,664.47
10694,2025-06,1093,608.6,607.72
10695,2025-06,1094,559.99,548.88
10696,2025-06,1095,322.48,316.18
10697,2025-06,1096,731.97,696.52
10698,2025-06,1097,440.66,461.22
10699,2025-06,1098,492.36,487.66
10700,2025-06,1099,502.85,488.52
10701,2025-06,1100,996.22,961.85
10702,2025-06,1101,973.0,924.52
10703,2025-06,1102,925.7,976.07
10704,2025-06,1103,1436.43,1394.21
10705,2025-06,1104,760.69,764.0
10706,2025-06,1105,994.81,1069.27
10707,2025-06,1106,857.15,908.57
10708,2025-06,1107,1081.39,1083.17
10709,2025-06,1108,1001.52,1002.78
10710,2025-06,1109,837.64,848.69
10711,2025-06,1110,1241.9,1330.85
10712,2025-06,1111,934.28,951.01
10713,2025-06,1112,991.53,949.23
10714,2025-06,1113,1281.97,1379.95
10715,2025-06,1114,950.67,1013.05
10716,2025-06,1115,1051.82,1063.39
10717,2025-06,1116,1126.64,1179.97
10718,2025-06,1117,916.28,924.32
10719,2025-06,1118,814.06,859.42
10720,2025-06,1119,1156.41,1183.76
10721,2025-06,1120,72.21,76.52
10722,2025-06,1121,53.25,51.5
10723,2025-06,1122,61.98,60.79
10724,2025-06,1123,55.12,58.08
10725,2025-06,1124,69.04,67.41
10726,2025-06,1125,57.56,60.81
10727,2025-06,1126,48.82,50.78
10728,2025-06,1127,76.68,79.91
10729,2025-06,1128,41.2,43.42
10730,2025-06,1129,56.8,59.59
10731,2025-06,1130,64.17,63.56
10732,2025-06,1131,76.02,73.96
10733,2025-06,1132,56.35,57.92
10734,2025-06,1133,83.89,83.47
10735,2025-06,1134,59.38,63.83
10736,2025-06,1135,57.93,55.5
10737,2025-06,1136,54.32,57.06
10738,2025-06,1137,53.02,54.02
10739,2025-06,1138,62.78,60.96
10740,2025-06,1139,71.48,74.55
10741,2025-06,1140,986.75,1012.23
10742,2025-06,1141,626.86,633.11
10743,2025-06,1142,590.12,571.31
10744,2025-06,1143,723.26,696.79
10745,2025-06,1144,616.07,595.38
10746,2025-06,1145,645.32,632.86
10747,2025-06,1146,584.1,582.31
10748,2025-06,1147,656.13,637.51
10749,2025-06,1148,581.2,619.28
10750,2025-06,1149,812.84,864.99
10751,2025-06,1150,668.78,666.53
10752,2025-06,1151,509.47,543.11
10753,2025-06,1152,814.36,867.1
10754,2025-06,1153,577.72,620.1
10755,2025-06,1154,630.52,668.28
10756,2025-06,1155,640.49,630.11
10757,2025-06,1156,518.94,546.58
10758,2025-06,1157,750.99,773.31
10759,2025-06,1158,732.24,782.64
10760,2025-06,1159,657.78,692.62
10761,2025-06,1160,63.72,63.29
10762,2025-06,1161,50.85,52.72
10763,2025-06,1162,58.45,60.36
10764,2025-06,1163,40.88,40.15
10765,2025-06,1164,35.56,35.07
10766,2025-06,1165,50.31,48.03
10767,2025-06,1166,53.04,50.84
10768,2025-06,1167,46.9,48.09
10769,2025-06,1168,46.64,47.93
10770,2025-06,1169,44.46,46.18
10771,2025-06,1170,63.13,62.05
10772,2025-06,1171,43.65,41.83
10773,2025-06,1172,46.93,48.67
10774,2025-06,1173,42.35,41.6
10775,2025-06,1174,43.92,46.05
10776,2025-06,1175,52.42,51.23
10777,2025-06,1176,55.08,58.88
10778,2025-06,1177,43.29,45.33
10779,2025-06,1178,39.76,38.06
10780,2025-06,1179,39.54,40.33
10781,2025-06,1180,125.39,127.61
10782,2025-06,1181,96.88,100.3
10783,2025-06,1182,92.19,94.36
10784,2025-06,1183,60.51,59.61
10785,2025-06,1184,75.22,73.32
10786,2025-06,1185,110.49,115.69
10787,2025-06,1186,109.07,112.18
10788,2025-06,1187,137.13,146.52
10789,2025-06,1188,89.12,93.95
10790,2025-06,1189,104.47,108.07
10791,2025-06,1190,103.84,106.59
10792,2025-06,1191,124.84,130.17
10793,2025-06,1192,117.05,117.81
10794,2025-06,1193,77.93,81.41
10795,2025-06,1194,116.99,119.88
10796,2025-06,1195,107.8,102.8
10797,2025-06,1196,80.79,78.71
10798,2025-06,1197,83.39,84.42
10799,2025-06,1198,108.71,108.05
10800,2025-06,1199,90.87,94.1
10801,2025-07,1000,597.47,573.31
10802,2025-07,1001,593.32,577.42
10803,2025-07,1002,597.17,586.04
10804,2025-07,1003,876.12,906.29
10805,2025-07,1004,575.87,591.97
10806,2025-07,1005,572.62,550.87
10807,2025-07,1006,680.48,651.46
10808,2025-07,1007,640.2,620.35
10809,2025-07,1008,623.46,625.6
10810,2025-07,1009,683.18,733.11
10811,2025-07,1010,849.72,854.61
10812,2025-07,1011,723.69,720.46
10813,2025-07,1012,709.84,766.18
10814,2025-07,1013,696.4,705.52
10815,2025-07,1014,965.54,953.26
10816,2025-07,1015,661.94,709.86
10817,2025-07,1016,877.82,849.32
10818,2025-07,1017,761.82,747.73
10819,2025-07,1018,819.69,848.12
10820,2025-07,1019,733.8,762.91
10821,2025-07,1020,475.05,478.57
10822,2025-07,1021,578.12,554.4
10823,2025-07,1022,538.33,523.76
10824,2025-07,1023,546.05,562.87
10825,2025-07,1024,412.19,410.11
10826,2025-07,1025,642.81,640.36
10827,2025-07,1026,532.93,547.61
10828,2025-07,1027,374.93,397.01
10829,2025-07,1028,403.4,387.91
10830,2025-07,1029,473.7,464.71
10831,2025-07,1030,545.32,555.46
10832,2025-07,1031,482.2,518.33
10833,2025-07,1032,467.46,480.05
10834,2025-07,1033,562.09,543.67
10835,2025-07,1034,520.17,514.16
10836,2025-07,1035,482.93,484.76
10837,2025-07,1036,509.22,487.28
10838,2025-07,1037,543.88,566.71
10839,2025-07,1038,478.55,505.35
10840,2025-07,1039,641.78,663.21
10841,2025-07,1040,247.55,265.7
10842,2025-07,1041,261.83,250.98
10843,2025-07,1042,345.71,356.02
10844,2025-07,1043,291.96,290.27
10845,2025-07,1044,348.14,341.57
10846,2025-07,1045,357.73,346.9
10847,2025-07,1046,422.26,434.01
10848,2025-07,1047,380.28,377.64
10849,2025-07,1048,452.03,458.23
10850,2025-07,1049,326.72,334.09
10851,2025-07,1050,417.55,397.17
10852,2025-07,1051,341.45,325.56
10853,2025-07,1052,280.21,270.69
10854,2025-07,1053,318.71,316.71
10855,2025-07,1054,389.35,406.98
10856,2025-07,1055,345.79,339.49
10857,2025-07,1056,286.73,305.24
10858,2025-07,1057,356.08,357.47
10859,2025-07,1058,441.38,446.87
10860,2025-07,1059,341.96,335.27
10861,2025-07,1060,108.02,107.17
10862,2025-07,1061,69.35,74.52
10863,2025-07,1062,105.42,100.58
10864,2025-07,1063,93.44,99.65
10865,2025-07,1064,119.05,117.92
10866,2025-07,1065,90.1,95.43
10867,2025-07,1066,94.95,102.4
10868,2025-07,1067,119.24,113.92
10869,2025-07,1068,115.09,117.5
10870,2025-07,1069,123.55,129.71
10871,2025-07,1070,83.96,80.27
10872,2025-07,1071,74.33,79.02
10873,2025-07,1072,101.32,98.49
10874,2025-07,1073,102.68,110.37
10875,2025-07,1074,73.45,74.96
10876,2025-07,1075,115.47,112.42
10877,2025-07,1076,81.35,82.62
10878,2025-07,1077,96.25,97.25
10879,2025-07,1078,131.11,138.17
10880,2025-07,1079,112.28,117.1
10881,2025-07,1080,406.64,425.71
10882,2025-07,1081,442.65,424.79
10883,2025-07,1082,653.24,690.87
10884,2025-07,1083,412.04,416.72
10885,2025-07,1084,430.3,416.68
10886,2025-07,1085,488.55,466.39
10887,2025-07,1086,533.27,538.84
10888,2025-07,1087,371.61,392.52
10889,2025-07,1088,619.8,642.7
10890,2025-07,1089,508.19,499.48
10891,2025-07,1090,588.62,606.21
10892,2025-07,1091,491.93,502.91
10893,2025-07,1092,715.12,708.91
10894,2025-07,1093,587.83,615.31
10895,2025-07,1094,551.91,567.88
10896,2025-07,1095,335.19,334.52
10897,2025-07,1096,748.26,764.61
10898,2025-07,1097,425.48,457.09
10899,2025-07,1098,472.83,454.51
10900,2025-07,1099,490.8,505.18
10901,2025-07,1100,984.55,1059.11
10902,2025-07,1101,937.91,904.82
10903,2025-07,1102,915.2,955.35
10904,2025-07,1103,1351.69,1424.78
10905,2025-07,1104,756.26,788.15
10906,2025-07,1105,1007.27,1043.51
10907,2025-07,1106,844.64,870.59
10908,2025-07,1107,1109.67,1098.16
10909,2025-07,1108,1071.69,1122.67
10910,2025-07,1109,861.36,857.45
10911,2025-07,1110,1265.38,1359.79
10912,2025-07,1111,890.57,943.41
10913,2025-07,1112,1011.16,1035.27
10914,2025-07,1113,1260.26,1321.89
10915,2025-07,1114,1013.38,1033.68
10916,2025-07,1115,1086.35,1053.3
10917,2025-07,1116,1183.86,1233.91
10918,2025-07,1117,946.2,907.65
10919,2025-07,1118,888.14,845.31
10920,2025-07,1119,1127.12,1085.07
10921,2025-07,1120,72.65,73.23
10922,2025-07,1121,52.12,51.68
10923,2025-07,1122,63.1,65.97
10924,2025-07,1123,55.35,55.18
10925,2025-07,1124,67.72,64.53
10926,2025-07,1125,58.94,61.67
10927,2025-07,1126,49.22,50.59
10928,2025-07,1127,74.91,72.07
10929,2025-07,1128,43.24,45.72
10930,2025-07,1129,58.4,57.69
10931,2025-07,1130,68.16,68.14
10932,2025-07,1131,76.34,77.97
10933,2025-07,1132,59.88,60.72
10934,2025-07,1133,84.1,84.7
10935,2025-07,1134,60.09,59.93
10936,2025-07,1135,57.52,59.64
10937,2025-07,1136,54.56,54.31
10938,2025-07,1137,52.32,52.19
10939,2025-07,1138,63.05,65.23
10940,2025-07,1139,68.67,65.38
10941,2025-07,1140,978.25,1018.16
10942,2025-07,1141,617.28,622.23
10943,2025-07,1142,596.26,622.24
10944,2025-07,1143,750.92,759.27
10945,2025-07,1144,589.98,590.19
10946,2025-07,1145,658.07,700.68
10947,2025-07,1146,573.64,577.11
10948,2025-07,1147,662.56,699.65
10949,2025-07,1148,572.72,561.49
10950,2025-07,1149,800.28,849.91
10951,2025-07,1150,656.77,637.84
10952,2025-07,1151,511.72,493.96
10953,2025-07,1152,806.01,834.27
10954,2025-07,1153,576.9,556.13
10955,2025-07,1154,649.68,682.2
10956,2025-07,1155,671.66,639.61
10957,2025-07,1156,526.9,547.31
10958,2025-07,1157,730.12,715.27
10959,2025-07,1158,736.96,771.09
10960,2025-07,1159,648.82,656.11
10961,2025-07,1160,65.58,64.87
10962,2025-07,1161,50.68,50.5
10963,2025-07,1162,59.61,58.32
10964,2025-07,1163,39.94,38.98
10965,2025-07,1164,34.94,34.22
10966,2025-07,1165,53.06,56.46
10967,2025-07,1166,52.65,50.67
10968,2025-07,1167,49.56,49.9
10969,2025-07,1168,48.72,48.38
10970,2025-07,1169,45.67,44.58
10971,2025-07,1170,61.85,60.24
10972,2025-07,1171,44.32,44.62
10973,2025-07,1172,48.92,51.6
10974,2025-07,1173,43.65,42.4
10975,2025-07,1174,43.88,45.83
10976,2025-07,1175,53.98,54.78
10977,2025-07,1176,56.51,59.01
10978,2025-07,1177,44.07,45.46
10979,2025-07,1178,39.25,41.11
10980,2025-07,1179,39.13,37.35
10981,2025-07,1180,126.61,126.45
10982,2025-07,1181,90.3,88.9
10983,2025-07,1182,92.91,89.9
10984,2025-07,1183,60.04,60.02
10985,2025-07,1184,73.22,77.58
10986,2025-07,1185,114.01,120.94
10987,2025-07,1186,108.08,113.47
10988,2025-07,1187,132.03,128.44
10989,2025-07,1188,93.18,94.62
10990,2025-07,1189,99.93,95.84
10991,2025-07,1190,112.09,119.15
10992,2025-07,1191,120.21,123.36
10993,2025-07,1192,120.75,118.07
10994,2025-07,1193,85.89,90.42
10995,2025-07,1194,113.73,119.53
10996,2025-07,1195,109.17,110.21
10997,2025-07,1196,73.42,76.87
10998,2025-07,1197,84.38,83.92
10999,2025-07,1198,111.3,109.89
11000,2025-07,1199,90.94,97.27
11001,2025-08,1000,603.59,609.46
11002,2025-08,1001,599.36,614.34
11003,2025-08,1002,599.8,626.75
11004,2025-08,1003,879.75,860.71
11005,2025-08,1004,591.5,631.02
11006,2025-08,1005,622.69,659.04
11007,2025-08,1006,690.92,701.69
11008,2025-08,1007,685.61,654.13
11009,2025-08,1008,619.87,617.01
11010,2025-08,1009,689.16,711.64
11011,2025-08,1010,855.0,859.28
11012,2025-08,1011,751.92,748.43
11013,2025-08,1012,738.95,786.4
11014,2025-08,1013,715.36,754.42
11015,2025-08,1014,1004.49,1076.73
11016,2025-08,1015,693.84,703.23
11017,2025-08,1016,844.37,844.86
11018,2025-08,1017,804.61,856.71
11019,2025-08,1018,783.47,840.15
11020,2025-08,1019,708.08,710.04
11021,2025-08,1020,476.63,460.44
11022,2025-08,1021,601.29,622.33
11023,2025-08,1022,547.09,526.7
11024,2025-08,1023,561.71,548.75
11025,2025-08,1024,428.28,458.26
11026,2025-08,1025,612.84,586.34
11027,2025-08,1026,529.33,526.91
11028,2025-08,1027,364.59,386.17
11029,2025-08,1028,405.73,405.08
11030,2025-08,1029,480.69,474.54
11031,2025-08,1030,532.49,514.86
11032,2025-08,1031,516.97,500.29
11033,2025-08,1032,451.42,430.34
11034,2025-08,1033,547.0,576.34
11035,2025-08,1034,527.4,529.44
11036,2025-08,1035,515.16,528.9
11037,2025-08,1036,513.24,500.89
11038,2025-08,1037,555.32,555.66
11039,2025-08,1038,469.46,451.35
11040,2025-08,1039,625.13,636.42
11041,2025-08,1040,243.68,236.45
11042,2025-08,1041,254.97,247.67
11043,2025-08,1042,339.83,348.35
11044,2025-08,1043,291.25,307.86
11045,2025-08,1044,334.02,355.08
11046,2025-08,1045,355.7,347.84
11047,2025-08,1046,415.62,447.6
11048,2025-08,1047,366.24,386.07
11049,2025-08,1048,467.13,468.88
11050,2025-08,1049,305.8,320.52
11051,2025-08,1050,414.23,400.56
11052,2025-08,1051,339.98,362.71
11053,2025-08,1052,294.63,308.08
11054,2025-08,1053,306.23,307.47
11055,2025-08,1054,412.51,442.1
11056,2025-08,1055,327.75,349.77
11057,2025-08,1056,268.42,281.41
11058,2025-08,1057,355.64,371.12
11059,2025-08,1058,427.53,435.18
11060,2025-08,1059,356.27,370.08
11061,2025-08,1060,106.78,106.1
11062,2025-08,1061,68.08,66.09
11063,2025-08,1062,106.3,107.15
11064,2025-08,1063,99.92,97.78
11065,2025-08,1064,119.0,120.06
11066,2025-08,1065,90.97,90.87
11067,2025-08,1066,95.37,101.11
11068,2025-08,1067,110.09,114.42
11069,2025-08,1068,118.61,116.51
11070,2025-08,1069,119.35,122.23
11071,2025-08,1070,78.89,81.05
11072,2025-08,1071,75.61,75.56
11073,2025-08,1072,97.71,92.94
11074,2025-08,1073,107.97,111.33
11075,2025-08,1074,74.78,75.79
11076,2025-08,1075,115.92,110.55
11077,2025-08,1076,80.66,76.92
11078,2025-08,1077,95.23,93.18
11079,2025-08,1078,133.61,132.38
11080,2025-08,1079,102.14,106.99
11081,2025-08,1080,418.54,424.67
11082,2025-08,1081,463.47,452.28
11083,2025-08,1082,636.23,645.41
11084,2025-08,1083,390.68,388.34
11085,2025-08,1084,436.85,417.33
11086,2025-08,1085,502.3,515.57
11087,2025-08,1086,504.06,501.17
11088,2025-08,1087,380.19,385.68
11089,2025-08,1088,623.23,597.38
11090,2025-08,1089,534.13,564.73
11091,2025-08,1090,541.48,561.03
11092,2025-08,1091,488.06,512.25
11093,2025-08,1092,685.47,733.22
11094,2025-08,1093,612.15,649.42
11095,2025-08,1094,558.2,548.55
11096,2025-08,1095,327.69,344.46
11097,2025-08,1096,690.84,660.75
11098,2025-08,1097,417.27,414.14
11099,2025-08,1098,478.46,481.58
11100,2025-08,1099,502.45,487.62
11101,2025-08,1100,1014.19,1051.45
11102,2025-08,1101,930.79,887.36
11103,2025-08,1102,962.1,956.25
11104,2025-08,1103,1444.37,1404.19
11105,2025-08,1104,762.39,823.32
11106,2025-08,1105,1045.63,1083.91
11107,2025-08,1106,829.65,853.59
11108,2025-08,1107,1104.77,1104.55
11109,2025-08,1108,1045.99,1028.27
11110,2025-08,1109,885.27,849.04
11111,2025-08,1110,1257.6,1233.27
11112,2025-08,1111,917.59,986.8
11113,2025-08,1112,983.59,1034.17
11114,2025-08,1113,1292.38,1374.58
11115,2025-08,1114,991.91,1021.85
11116,2025-08,1115,1015.83,976.36
11117,2025-08,1116,1122.34,1133.8
11118,2025-08,1117,913.08,945.02
11119,2025-08,1118,832.22,821.45
11120,2025-08,1119,1132.87,1212.71
11121,2025-08,1120,74.93,78.78
11122,2025-08,1121,51.8,55.0
11123,2025-08,1122,60.76,62.9
11124,2025-08,1123,54.82,56.08
11125,2025-08,1124,71.12,76.45
11126,2025-08,1125,60.46,62.13
11127,2025-08,1126,50.12,52.85
11128,2025-08,1127,75.23,71.96
11129,2025-08,1128,41.74,43.9
11130,2025-08,1129,56.91,56.0
11131,2025-08,1130,64.08,63.86
11132,2025-08,1131,77.09,73.6
11133,2025-08,1132,59.65,62.97
11134,2025-08,1133,81.98,87.05
11135,2025-08,1134,59.23,62.5
11136,2025-08,1135,58.28,55.91
11137,2025-08,1136,52.26,52.08
11138,2025-08,1137,50.83,54.74
11139,2025-08,1138,60.83,58.7
11140,2025-08,1139,69.43,66.33
11141,2025-08,1140,1014.58,1083.81
11142,2025-08,1141,592.71,587.93
11143,2025-08,1142,572.7,578.94
11144,2025-08,1143,733.75,724.55
11145,2025-08,1144,608.58,601.0
11146,2025-08,1145,672.91,690.36
11147,2025-08,1146,575.04,564.39
11148,2025-08,1147,641.6,617.27
11149,2025-08,1148,582.4,576.92
11150,2025-08,1149,779.14,810.46
11151,2025-08,1150,670.25,651.42
11152,2025-08,1151,528.26,503.85
11153,2025-08,1152,775.48,762.2
11154,2025-08,1153,583.91,615.55
11155,2025-08,1154,623.0,598.12
11156,2025-08,1155,672.36,725.57
11157,2025-08,1156,522.47,497.35
11158,2025-08,1157,751.08,718.95
11159,2025-08,1158,738.61,730.61
11160,2025-08,1159,649.81,697.67
11161,2025-08,1160,64.27,61.63
11162,2025-08,1161,52.86,56.5
11163,2025-08,1162,59.89,58.35
11164,2025-08,1163,41.86,42.22
11165,2025-08,1164,35.21,33.64
11166,2025-08,1165,50.96,52.43
11167,2025-08,1166,52.6,55.62
11168,2025-08,1167,51.71,50.11
11169,2025-08,1168,46.4,47.65
11170,2025-08,1169,45.36,43.18
11171,2025-08,1170,62.07,62.13
11172,2025-08,1171,42.9,44.44
11173,2025-08,1172,48.84,51.51
11174,2025-08,1173,42.76,44.11
11175,2025-08,1174,44.35,43.82
11176,2025-08,1175,52.69,50.79
11177,2025-08,1176,56.87,56.38
11178,2025-08,1177,44.31,47.3
11179,2025-08,1178,41.08,39.99
11180,2025-08,1179,39.1,37.86
11181,2025-08,1180,130.38,125.89
11182,2025-08,1181,90.85,96.51
11183,2025-08,1182,93.03,95.68
11184,2025-08,1183,59.62,64.17
11185,2025-08,1184,75.86,79.26
11186,2025-08,1185,117.37,123.82
11187,2025-08,1186,112.14,107.3
11188,2025-08,1187,137.06,137.31
11189,2025-08,1188,95.24,99.09
11190,2025-08,1189,105.92,111.61
11191,2025-08,1190,104.57,111.99
11192,2025-08,1191,123.56,129.67
11193,2025-08,1192,111.43,107.68
11194,2025-08,1193,82.71,79.49
11195,2025-08,1194,116.33,114.81
11196,2025-08,1195,111.47,108.76
11197,2025-08,1196,77.17,82.18
11198,2025-08,1197,83.26,84.92
11199,2025-08,1198,109.28,107.75
11200,2025-08,1199,85.74,91.62
11201,2025-09,1000,633.71,626.35
11202,2025-09,1001,630.51,634.92
11203,2025-09,1002,620.44,604.21
11204,2025-09,1003,807.26,785.24
11205,2025-09,1004,612.58,612.23
11206,2025-09,1005,620.38,632.38
11207,2025-09,1006,685.81,735.85
11208,2025-09,1007,655.79,629.62
11209,2025-09,1008,638.75,644.52
11210,2025-09,1009,715.45,739.04
11211,2025-09,1010,867.93,895.18
11212,2025-09,1011,691.8,663.89
11213,2025-09,1012,752.38,782.87
11214,2025-09,1013,719.39,773.65
11215,2025-09,1014,991.84,1060.53
11216,2025-09,1015,675.33,711.63
11217,2025-09,1016,852.91,839.35
11218,2025-09,1017,764.17,793.17
11219,2025-09,1018,791.61,758.6
11220,2025-09,1019,725.05,712.79
11221,2025-09,1020,478.25,470.39
11222,2025-09,1021,569.54,557.05
11223,2025-09,1022,541.02,538.47
11224,2025-09,1023,596.01,623.42
11225,2025-09,1024,435.58,433.75
11226,2025-09,1025,620.46,603.37
11227,2025-09,1026,530.39,558.01
11228,2025-09,1027,380.28,366.47
11229,2025-09,1028,409.47,403.54
11230,2025-09,1029,446.57,472.97
11231,2025-09,1030,526.78,535.86
11232,2025-09,1031,510.31,520.22
11233,2025-09,1032,467.77,481.63
11234,2025-09,1033,553.22,568.44
11235,2025-09,1034,512.96,541.28
11236,2025-09,1035,515.37,501.6
11237,2025-09,1036,510.77,536.12
11238,2025-09,1037,532.77,528.39
11239,2025-09,1038,487.13,487.9
11240,2025-09,1039,629.48,628.88
11241,2025-09,1040,256.97,244.37
11242,2025-09,1041,283.12,285.43
11243,2025-09,1042,348.2,343.22
11244,2025-09,1043,305.94,295.86
11245,2025-09,1044,343.62,365.74
11246,2025-09,1045,365.81,349.99
11247,2025-09,1046,429.52,460.03
11248,2025-09,1047,378.56,404.33
11249,2025-09,1048,434.67,455.94
11250,2025-09,1049,314.32,337.04
11251,2025-09,1050,391.48,373.57
11252,2025-09,1051,355.15,344.61
11253,2025-09,1052,292.63,280.81
11254,2025-09,1053,312.33,302.96
11255,2025-09,1054,419.07,409.88
11256,2025-09,1055,331.78,331.12
11257,2025-09,1056,278.83,297.27
11258,2025-09,1057,343.45,345.78
11259,2025-09,1058,420.57,439.18
11260,2025-09,1059,345.82,328.79
11261,2025-09,1060,107.42,111.83
11262,2025-09,1061,69.48,66.79
11263,2025-09,1062,103.03,107.58
11264,2025-09,1063,97.07,92.77
11265,2025-09,1064,117.75,115.31
11266,2025-09,1065,91.31,91.06
11267,2025-09,1066,94.29,89.98
11268,2025-09,1067,113.63,116.59
11269,2025-09,1068,120.1,119.82
11270,2025-09,1069,124.51,123.87
11271,2025-09,1070,81.48,78.48
11272,2025-09,1071,75.0,73.36
11273,2025-09,1072,94.52,94.1
11274,2025-09,1073,110.34,116.65
11275,2025-09,1074,74.2,71.85
11276,2025-09,1075,120.31,114.95
11277,2025-09,1076,78.73,76.08
11278,2025-09,1077,92.3,97.02
11279,2025-09,1078,130.14,132.03
11280,2025-09,1079,107.02,106.27
11281,2025-09,1080,431.18,448.66
11282,2025-09,1081,448.28,441.2
11283,2025-09,1082,637.59,648.7
11284,2025-09,1083,399.48,402.48
11285,2025-09,1084,449.12,445.79
11286,2025-09,1085,471.41,492.6
11287,2025-09,1086,524.38,558.32
11288,2025-09,1087,398.33,389.63
11289,2025-09,1088,597.85,644.74
11290,2025-09,1089,543.32,544.01
11291,2025-09,1090,562.4,563.44
11292,2025-09,1091,489.96,513.81
11293,2025-09,1092,676.4,723.61
11294,2025-09,1093,601.57,604.79
11295,2025-09,1094,549.89,588.74
11296,2025-09,1095,327.13,343.0
11297,2025-09,1096,734.41,699.92
11298,2025-09,1097,420.11,442.95
11299,2025-09,1098,471.86,480.26
11300,2025-09,1099,524.47,545.71
11301,2025-09,1100,1015.19,1024.51
11302,2025-09,1101,965.24,1022.13
11303,2025-09,1102,959.28,1001.2
11304,2025-09,1103,1368.76,1469.53
11305,2025-09,1104,733.47,734.92
11306,2025-09,1105,967.31,942.73
11307,2025-09,1106,817.3,834.64
11308,2025-09,1107,1043.32,1042.42
11309,2025-09,1108,1038.45,1024.99
11310,2025-09,1109,904.84,938.19
11311,2025-09,1110,1326.74,1353.32
11312,2025-09,1111,909.63,874.19
11313,2025-09,1112,1011.16,1033.46
11314,2025-09,1113,1276.6,1344.39
11315,2025-09,1114,1002.54,1063.74
11316,2025-09,1115,1041.48,1030.27
11317,2025-09,1116,1138.43,1152.67
11318,2025-09,1117,942.72,942.2
11319,2025-09,1118,853.57,884.74
11320,2025-09,1119,1187.37,1129.98
11321,2025-09,1120,72.13,77.64
11322,2025-09,1121,54.12,55.55
11323,2025-09,1122,61.35,60.43
11324,2025-09,1123,56.28,58.28
11325,2025-09,1124,68.39,73.04
11326,2025-09,1125,59.47,56.6
11327,2025-09,1126,49.92,50.85
11328,2025-09,1127,78.7,82.05
11329,2025-09,1128,40.6,42.89
11330,2025-09,1129,61.07,59.82
11331,2025-09,1130,66.49,69.39
11332,2025-09,1131,75.64,74.21
11333,2025-09,1132,55.98,59.93
11334,2025-09,1133,83.58,87.86
11335,2025-09,1134,57.54,56.03
11336,2025-09,1135,58.59,62.62
11337,2025-09,1136,52.83,54.73
11338,2025-09,1137,53.63,54.95
11339,2025-09,1138,58.71,57.09
11340,2025-09,1139,68.19,68.05
11341,2025-09,1140,928.53,913.7
11342,2025-09,1141,586.78,577.94
11343,2025-09,1142,568.89,596.77
11344,2025-09,1143,725.93,731.31
11345,2025-09,1144,599.22,630.22
11346,2025-09,1145,647.41,659.96
11347,2025-09,1146,576.19,608.89
11348,2025-09,1147,662.28,704.77
11349,2025-09,1148,570.61,561.8
11350,2025-09,1149,829.7,824.71
11351,2025-09,1150,664.05,643.81
11352,2025-09,1151,531.55,539.19
11353,2025-09,1152,800.99,832.39
11354,2025-09,1153,585.31,621.79
11355,2025-09,1154,629.25,624.22
11356,2025-09,1155,665.5,647.5
11357,2025-09,1156,522.82,554.62
11358,2025-09,1157,770.76,747.52
11359,2025-09,1158,789.82,771.29
11360,2025-09,1159,629.46,619.8
11361,2025-09,1160,61.3,65.12
11362,2025-09,1161,49.11,51.32
11363,2025-09,1162,58.37,56.19
11364,2025-09,1163,43.12,43.98
11365,2025-09,1164,37.02,39.16
11366,2025-09,1165,51.61,51.45
11367,2025-09,1166,53.95,52.04
11368,2025-09,1167,47.91,49.84
11369,2025-09,1168,49.02,48.72
11370,2025-09,1169,43.46,45.05
11371,2025-09,1170,58.38,58.02
11372,2025-09,1171,44.22,45.99
11373,2025-09,1172,47.8,48.89
11374,2025-09,1173,43.88,46.55
11375,2025-09,1174,44.09,41.98
11376,2025-09,1175,51.61,50.38
11377,2025-09,1176,56.87,55.94
11378,2025-09,1177,42.86,43.12
11379,2025-09,1178,40.47,39.07
11380,2025-09,1179,38.38,40.4
11381,2025-09,1180,130.7,128.24
11382,2025-09,1181,94.63,99.53
11383,2025-09,1182,92.96,96.14
11384,2025-09,1183,63.53,67.32
11385,2025-09,1184,73.09,75.63
11386,2025-09,1185,118.68,118.55
11387,2025-09,1186,107.89,115.87
11388,2025-09,1187,136.89,146.63
11389,2025-09,1188,91.25,93.8
11390,2025-09,1189,105.16,101.19
11391,2025-09,1190,106.53,113.93
11392,2025-09,1191,122.89,121.41
11393,2025-09,1192,114.99,118.56
11394,2025-09,1193,83.37,82.96
11395,2025-09,1194,114.79,115.0
11396,2025-09,1195,110.83,111.77
11397,2025-09,1196,76.16,81.71
11398,2025-09,1197,89.98,95.43
11399,2025-09,1198,113.01,121.89
11400,2025-09,1199,89.71,92.16
11401,2025-10,1000,599.09,642.52
11402,2025-10,1001,589.88,613.09
11403,2025-10,1002,603.54,615.74
11404,2025-10,1003,846.0,906.29
11405,2025-10,1004,612.78,657.39
11406,2025-10,1005,610.62,615.29
11407,2025-10,1006,674.57,663.61
11408,2025-10,1007,668.16,682.85
11409,2025-10,1008,607.89,622.86
11410,2025-10,1009,676.39,707.21
11411,2025-10,1010,850.18,885.73
11412,2025-10,1011,705.36,676.22
11413,2025-10,1012,751.55,773.49
11414,2025-10,1013,737.73,747.42
11415,2025-10,1014,1004.38,1067.19
11416,2025-10,1015,694.69,701.78
11417,2025-10,1016,844.17,868.69
11418,2025-10,1017,802.37,846.97
11419,2025-10,1018,799.5,783.08
11420,2025-10,1019,685.2,711.92
11421,2025-10,1020,490.17,524.95
11422,2025-10,1021,579.15,607.19
11423,2025-10,1022,536.62,561.58
11424,2025-10,1023,573.57,571.53
11425,2025-10,1024,432.09,420.83
11426,2025-10,1025,652.75,678.88
11427,2025-10,1026,531.63,524.11
11428,2025-10,1027,382.1,370.18
11429,2025-10,1028,409.2,413.01
11430,2025-10,1029,465.03,461.34
11431,2025-10,1030,508.05,504.42
11432,2025-10,1031,489.46,495.46
11433,2025-10,1032,456.94,486.78
11434,2025-10,1033,543.76,571.33
11435,2025-10,1034,512.84,540.49
11436,2025-10,1035,518.43,558.17
11437,2025-10,1036,494.32,473.95
11438,2025-10,1037,528.67,514.27
11439,2025-10,1038,478.15,510.39
11440,2025-10,1039,603.86,632.96
11441,2025-10,1040,258.01,258.46
11442,2025-10,1041,268.84,288.14
11443,2025-10,1042,341.1,350.21
11444,2025-10,1043,284.87,289.13
11445,2025-10,1044,330.95,349.18
11446,2025-10,1045,354.94,344.34
11447,2025-10,1046,412.25,398.7
11448,2025-10,1047,377.65,397.73
11449,2025-10,1048,450.56,432.08
11450,2025-10,1049,311.48,307.93
11451,2025-10,1050,405.17,395.51
11452,2025-10,1051,345.76,341.39
11453,2025-10,1052,288.53,288.65
11454,2025-10,1053,299.3,286.49
11455,2025-10,1054,417.8,429.84
11456,2025-10,1055,349.33,352.42
11457,2025-10,1056,284.97,282.78
11458,2025-10,1057,347.57,366.49
11459,2025-10,1058,446.22,425.94
11460,2025-10,1059,354.94,345.95
11461,2025-10,1060,111.14,108.53
11462,2025-10,1061,70.52,67.22
11463,2025-10,1062,104.84,106.07
11464,2025-10,1063,90.56,88.42
11465,2025-10,1064,121.01,128.25
11466,2025-10,1065,89.83,92.01
11467,2025-10,1066,94.51,100.52
11468,2025-10,1067,118.49,125.87
11469,2025-10,1068,118.73,123.53
11470,2025-10,1069,119.9,114.79
11471,2025-10,1070,77.89,76.19
11472,2025-10,1071,76.0,77.42
11473,2025-10,1072,102.49,106.91
11474,2025-10,1073,110.89,118.59
11475,2025-10,1074,75.58,77.07
11476,2025-10,1075,119.12,121.66
11477,2025-10,1076,82.07,79.33
11478,2025-10,1077,94.24,93.25
11479,2025-10,1078,132.08,128.49
11480,2025-10,1079,108.99,113.82
11481,2025-10,1080,419.97,441.79
11482,2025-10,1081,461.85,442.18
11483,2025-10,1082,646.29,641.16
11484,2025-10,1083,408.96,421.05
11485,2025-10,1084,423.61,439.56
11486,2025-10,1085,487.55,478.69
11487,2025-10,1086,535.35,541.27
11488,2025-10,1087,388.25,401.83
11489,2025-10,1088,626.92,605.16
11490,2025-10,1089,536.41,575.63
11491,2025-10,1090,544.95,521.76
11492,2025-10,1091,508.83,540.07
11493,2025-10,1092,684.42,732.99
11494,2025-10,1093,541.89,564.68
11495,2025-10,1094,561.78,570.43
11496,2025-10,1095,319.62,323.29
11497,2025-10,1096,695.54,660.89
11498,2025-10,1097,429.05,416.4
11499,2025-10,1098,486.54,523.02
11500,2025-10,1099,526.44,525.02
11501,2025-10,1100,1015.14,1012.68
11502,2025-10,1101,952.39,952.68
11503,2025-10,1102,955.59,1027.76
11504,2025-10,1103,1414.42,1407.58
11505,2025-10,1104,806.92,795.22
11506,2025-10,1105,1009.55,991.39
11507,2025-10,1106,870.6,923.43
11508,2025-10,1107,1037.02,1101.16
11509,2025-10,1108,1018.95,1044.68
11510,2025-10,1109,875.47,911.95
11511,2025-10,1110,1287.18,1263.06
11512,2025-10,1111,891.44,875.66
11513,2025-10,1112,1057.76,1011.65
11514,2025-10,1113,1317.61,1394.77
11515,2025-10,1114,1020.87,1081.12
11516,2025-10,1115,1102.41,1162.41
11517,2025-10,1116,1151.96,1141.94
11518,2025-10,1117,970.66,1023.75
11519,2025-10,1118,859.22,822.96
11520,2025-10,1119,1122.59,1069.21
11521,2025-10,1120,74.04,75.89
11522,2025-10,1121,52.05,49.92
11523,2025-10,1122,61.58,59.42
11524,2025-10,1123,56.31,53.98
11525,2025-10,1124,67.25,65.86
11526,2025-10,1125,58.18,56.92
11527,2025-10,1126,50.24,50.49
11528,2025-10,1127,74.01,73.11
11529,2025-10,1128,41.79,44.36
11530,2025-10,1129,57.71,56.24
11531,2025-10,1130,63.03,60.03
11532,2025-10,1131,77.48,76.91
11533,2025-10,1132,59.48,61.07
11534,2025-10,1133,84.77,90.17
11535,2025-10,1134,58.37,60.47
11536,2025-10,1135,57.78,57.68
11537,2025-10,1136,54.23,53.83
11538,2025-10,1137,52.93,51.66
11539,2025-10,1138,61.12,60.05
11540,2025-10,1139,69.14,73.96
11541,2025-10,1140,934.36,919.84
11542,2025-10,1141,621.83,597.01
11543,2025-10,1142,582.41,588.79
11544,2025-10,1143,741.64,705.2
11545,2025-10,1144,594.32,606.16
11546,2025-10,1145,646.08,646.13
11547,2025-10,1146,577.2,601.45
11548,2025-10,1147,680.51,694.4
11549,2025-10,1148,593.84,589.46
11550,2025-10,1149,770.11,825.24
11551,2025-10,1150,645.59,651.84
11552,2025-10,1151,520.6,548.3
11553,2025-10,1152,788.23,823.53
11554,2025-10,1153,552.06,566.13
11555,2025-10,1154,625.91,667.2
11556,2025-10,1155,646.4,621.81
11557,2025-10,1156,529.94,559.57
11558,2025-10,1157,767.89,824.43
11559,2025-10,1158,683.95,653.31
11560,2025-10,1159,621.49,590.69
11561,2025-10,1160,63.59,66.06
11562,2025-10,1161,50.47,52.89
11563,2025-10,1162,61.19,61.07
11564,2025-10,1163,41.04,43.1
11565,2025-10,1164,35.0,37.14
11566,2025-10,1165,53.92,55.05
11567,2025-10,1166,53.55,50.9
11568,2025-10,1167,47.39,50.34
11569,2025-10,1168,48.04,47.84
11570,2025-10,1169,44.1,45.46
11571,2025-10,1170,60.16,63.73
11572,2025-10,1171,41.67,43.21
11573,2025-10,1172,48.33,50.43
11574,2025-10,1173,41.5,40.99
11575,2025-10,1174,44.99,46.09
11576,2025-10,1175,50.84,50.6
11577,2025-10,1176,58.05,60.82
11578,2025-10,1177,41.27,41.16
11579,2025-10,1178,39.45,39.8
11580,2025-10,1179,38.54,36.74
11581,2025-10,1180,134.93,132.73
11582,2025-10,1181,92.95,94.56
11583,2025-10,1182,95.73,96.25
11584,2025-10,1183,62.03,62.77
11585,2025-10,1184,77.41,76.2
11586,2025-10,1185,116.22,112.5
11587,2025-10,1186,107.03,110.12
11588,2025-10,1187,133.19,140.79
11589,2025-10,1188,89.75,94.56
11590,2025-10,1189,105.91,111.29
11591,2025-10,1190,105.66,104.07
11592,2025-10,1191,120.23,123.9
11593,2025-10,1192,121.62,120.41
11594,2025-10,1193,80.49,81.88
11595,2025-10,1194,118.72,125.31
11596,2025-10,1195,111.22,107.84
11597,2025-10,1196,76.14,76.14
11598,2025-10,1197,80.68,78.43
11599,2025-10,1198,114.42,111.62
11600,2025-10,1199,90.31,92.32
11601,2025-11,1000,600.02,638.21
11602,2025-11,1001,611.54,583.29
11603,2025-11,1002,586.22,595.41
11604,2025-11,1003,853.23,921.21
11605,2025-11,1004,581.82,565.73
11606,2025-11,1005,618.61,588.18
11607,2025-11,1006,684.97,732.39
11608,2025-11,1007,677.96,660.92
11609,2025-11,1008,589.3,609.1
11610,2025-11,1009,663.9,671.96
11611,2025-11,1010,844.66,887.68
11612,2025-11,1011,705.43,727.92
11613,2025-11,1012,716.79,768.66
11614,2025-11,1013,749.94,779.23
11615,2025-11,1014,969.1,960.99
11616,2025-11,1015,683.61,720.66
11617,2025-11,1016,842.02,898.0
11618,2025-11,1017,767.35,809.58
11619,2025-11,1018,793.07,823.74
11620,2025-11,1019,727.72,727.45
11621,2025-11,1020,486.87,484.09
11622,2025-11,1021,556.53,554.29
11623,2025-11,1022,523.27,535.38
11624,2025-11,1023,581.05,589.38
11625,2025-11,1024,439.27,424.85
11626,2025-11,1025,657.61,707.55
11627,2025-11,1026,516.5,492.81
11628,2025-11,1027,398.34,405.52
11629,2025-11,1028,402.08,404.36
11630,2025-11,1029,459.97,486.36
11631,2025-11,1030,543.24,552.64
11632,2025-11,1031,482.55,484.19
11633,2025-11,1032,464.35,447.22
11634,2025-11,1033,561.83,563.32
11635,2025-11,1034,497.7,482.82
11636,2025-11,1035,504.26,495.22
11637,2025-11,1036,489.99,466.22
11638,2025-11,1037,562.71,546.81
11639,2025-11,1038,496.43,482.06
11640,2025-11,1039,623.91,647.07
11641,2025-11,1040,261.24,280.5
11642,2025-11,1041,266.08,275.51
11643,2025-11,1042,345.87,336.05
11644,2025-11,1043,306.04,313.47
11645,2025-11,1044,341.81,341.55
11646,2025-11,1045,355.3,358.12
11647,2025-11,1046,420.16,437.6
11648,2025-11,1047,365.21,364.55
11649,2025-11,1048,457.27,468.52
11650,2025-11,1049,307.69,330.79
11651,2025-11,1050,411.59,406.88
11652,2025-11,1051,358.01,370.45
11653,2025-11,1052,291.25,291.85
11654,2025-11,1053,310.9,333.66
11655,2025-11,1054,391.71,418.02
11656,2025-11,1055,325.81,338.7
11657,2025-11,1056,294.51,291.83
11658,2025-11,1057,337.23,361.26
11659,2025-11,1058,410.47,414.92
11660,2025-11,1059,340.33,338.89
11661,2025-11,1060,109.47,112.59
11662,2025-11,1061,73.45,71.56
11663,2025-11,1062,108.56,113.94
11664,2025-11,1063,98.93,99.92
11665,2025-11,1064,120.8,120.68
11666,2025-11,1065,88.93,94.0
11667,2025-11,1066,98.14,101.75
11668,2025-11,1067,115.98,121.57
11669,2025-11,1068,114.02,122.88
11670,2025-11,1069,126.2,120.77
11671,2025-11,1070,78.68,84.2
11672,2025-11,1071,73.75,79.33
11673,2025-11,1072,98.21,101.88
11674,2025-11,1073,106.91,113.42
11675,2025-11,1074,69.88,66.69
11676,2025-11,1075,118.66,123.26
11677,2025-11,1076,79.33,78.6
11678,2025-11,1077,99.98,98.57
11679,2025-11,1078,127.73,133.88
11680,2025-11,1079,109.4,110.51
11681,2025-11,1080,416.71,437.6
11682,2025-11,1081,424.8,407.3
11683,2025-11,1082,642.24,685.26
11684,2025-11,1083,411.85,413.56
11685,2025-11,1084,444.56,432.02
11686,2025-11,1085,499.02,536.99
11687,2025-11,1086,500.37,504.26
11688,2025-11,1087,383.15,408.58
11689,2025-11,1088,630.83,613.25
11690,2025-11,1089,508.52,516.9
11691,2025-11,1090,594.98,591.9
11692,2025-11,1091,488.48,468.76
11693,2025-11,1092,708.11,680.73
11694,2025-11,1093,593.95,617.22
11695,2025-11,1094,538.72,579.73
11696,2025-11,1095,323.55,316.89
11697,2025-11,1096,747.57,769.37
11698,2025-11,1097,430.69,464.79
11699,2025-11,1098,478.1,462.85
11700,2025-11,1099,511.17,497.37
11701,2025-11,1100,1005.57,1072.18
11702,2025-11,1101,938.14,946.37
11703,2025-11,1102,955.31,967.46
11704,2025-11,1103,1358.55,1364.97
11705,2025-11,1104,765.74,792.04
11706,2025-11,1105,1007.77,1034.21
11707,2025-11,1106,826.38,814.64
11708,2025-11,1107,1030.91,1025.69
11709,2025-11,1108,1029.98,1042.66
11710,2025-11,1109,825.52,816.39
11711,2025-11,1110,1333.23,1330.63
11712,2025-11,1111,914.84,925.73
11713,2025-11,1112,1000.46,1022.82
11714,2025-11,1113,1290.1,1235.64
11715,2025-11,1114,1048.74,1019.83
11716,2025-11,1115,1021.38,1032.95
11717,2025-11,1116,1140.49,1183.15
11718,2025-11,1117,935.36,889.7
11719,2025-11,1118,850.52,909.45
11720,2025-11,1119,1138.07,1214.9
11721,2025-11,1120,72.78,71.26
11722,2025-11,1121,52.2,50.37
11723,2025-11,1122,63.08,63.86
11724,2025-11,1123,52.24,55.72
11725,2025-11,1124,66.42,65.91
11726,2025-11,1125,61.34,58.8
11727,2025-11,1126,47.62,47.05
11728,2025-11,1127,76.07,72.7
11729,2025-11,1128,42.4,43.04
11730,2025-11,1129,57.18,55.54
11731,2025-11,1130,69.5,67.26
11732,2025-11,1131,74.11,72.92
11733,2025-11,1132,58.52,61.23
11734,2025-11,1133,83.74,86.18
11735,2025-11,1134,58.67,58.51
11736,2025-11,1135,58.85,63.51
11737,2025-11,1136,55.27,58.7
11738,2025-11,1137,54.19,54.03
11739,2025-11,1138,63.42,65.69
11740,2025-11,1139,69.97,74.98
11741,2025-11,1140,957.56,1012.59
11742,2025-11,1141,597.74,599.03
11743,2025-11,1142,576.94,554.67
11744,2025-11,1143,753.06,778.91
11745,2025-11,1144,626.65,603.66
11746,2025-11,1145,663.11,709.5
11747,2025-11,1146,555.9,532.48
11748,2025-11,1147,682.71,709.96
11749,2025-11,1148,588.18,592.66
11750,2025-11,1149,824.34,786.75
11751,2025-11,1150,659.32,668.31
11752,2025-11,1151,530.06,516.47
11753,2025-11,1152,801.36,828.49
11754,2025-11,1153,562.84,596.42
11755,2025-11,1154,648.19,665.58
11756,2025-11,1155,660.09,629.99
11757,2025-11,1156,515.99,509.82
11758,2025-11,1157,758.45,727.88
11759,2025-11,1158,726.84,745.24
11760,2025-11,1159,653.91,656.17
11761,2025-11,1160,67.35,69.02
11762,2025-11,1161,50.43,48.44
11763,2025-11,1162,57.4,59.36
11764,2025-11,1163,41.38,43.39
11765,2025-11,1164,36.17,38.1
11766,2025-11,1165,51.41,50.35
11767,2025-11,1166,53.77,55.42
11768,2025-11,1167,49.01,51.05
11769,2025-11,1168,47.41,50.14
11770,2025-11,1169,44.84,47.74
11771,2025-11,1170,60.41,64.71
11772,2025-11,1171,43.55,42.43
11773,2025-11,1172,45.38,43.57
11774,2025-11,1173,42.06,43.51
11775,2025-11,1174,45.26,47.01
11776,2025-11,1175,54.37,53.79
11777,2025-11,1176,57.16,59.78
11778,2025-11,1177,42.75,43.72
11779,2025-11,1178,40.4,40.4
11780,2025-11,1179,38.73,37.01
11781,2025-11,1180,127.84,123.0
11782,2025-11,1181,94.39,91.62
11783,2025-11,1182,88.12,92.47
11784,2025-11,1183,58.17,59.73
11785,2025-11,1184,73.71,74.18
11786,2025-11,1185,113.29,122.19
11787,2025-11,1186,108.35,115.67
11788,2025-11,1187,132.3,136.22
11789,2025-11,1188,90.93,96.04
11790,2025-11,1189,105.4,102.41
11791,2025-11,1190,108.44,113.52
11792,2025-11,1191,116.41,118.99
11793,2025-11,1192,118.19,112.54
11794,2025-11,1193,82.02,82.87
11795,2025-11,1194,116.25,114.91
11796,2025-11,1195,113.52,118.98
11797,2025-11,1196,79.33,79.12
11798,2025-11,1197,84.95,84.17
11799,2025-11,1198,111.23,106.57
11800,2025-11,1199,89.47,88.01
11801,2025-12,1000,606.07,604.34
11802,2025-12,1001,608.29,618.57
11803,2025-12,1002,614.28,587.1
11804,2025-12,1003,838.36,898.8
11805,2025-12,1004,604.36,582.18
11806,2025-12,1005,605.6,645.48
11807,2025-12,1006,664.69,680.32
11808,2025-12,1007,677.96,714.53
11809,2025-12,1008,613.88,648.69
11810,2025-12,1009,674.5,644.67
11811,2025-12,1010,854.33,847.63
11812,2025-12,1011,696.25,694.15
11813,2025-12,1012,710.92,729.08
11814,2025-12,1013,736.48,709.35
11815,2025-12,1014,988.0,1043.02
11816,2025-12,1015,698.42,753.49
11817,2025-12,1016,865.68,905.2
11818,2025-12,1017,803.68,789.02
11819,2025-12,1018,787.52,849.5
11820,2025-12,1019,750.37,721.04
11821,2025-12,1020,452.41,442.17
11822,2025-12,1021,595.52,633.97
11823,2025-12,1022,528.7,510.19
11824,2025-12,1023,574.87,602.25
11825,2025-12,1024,426.62,423.13
11826,2025-12,1025,656.4,639.04
11827,2025-12,1026,520.87,519.31
11828,2025-12,1027,391.84,404.45
11829,2025-12,1028,406.5,406.97
11830,2025-12,1029,460.05,444.99
11831,2025-12,1030,504.8,497.15
11832,2025-12,1031,476.57,506.72
11833,2025-12,1032,458.47,477.27
11834,2025-12,1033,538.57,559.03
11835,2025-12,1034,500.65,492.83
11836,2025-12,1035,516.67,546.84
11837,2025-12,1036,513.94,505.89
11838,2025-12,1037,564.5,587.26
11839,2025-12,1038,473.5,469.87
11840,2025-12,1039,640.6,660.58
11841,2025-12,1040,264.88,258.22
11842,2025-12,1041,260.19,275.89
11843,2025-12,1042,335.83,333.42
11844,2025-12,1043,289.78,301.05
11845,2025-12,1044,336.05,348.75
11846,2025-12,1045,346.89,343.12
11847,2025-12,1046,418.63,449.05
11848,2025-12,1047,376.68,387.28
11849,2025-12,1048,428.58,421.0
11850,2025-12,1049,313.65,312.22
11851,2025-12,1050,415.72,403.94
11852,2025-12,1051,329.77,343.8
11853,2025-12,1052,282.8,280.98
11854,2025-12,1053,316.34,340.53
11855,2025-12,1054,411.07,421.93
11856,2025-12,1055,330.43,336.15
11857,2025-12,1056,283.19,271.15
11858,2025-12,1057,345.41,349.76
11859,2025-12,1058,445.04,451.15
11860,2025-12,1059,335.0,320.63
11861,2025-12,1060,109.68,114.89
11862,2025-12,1061,68.09,66.69
11863,2025-12,1062,106.75,114.45
11864,2025-12,1063,96.14,96.91
11865,2025-12,1064,118.51,123.04
11866,2025-12,1065,90.45,86.06
11867,2025-12,1066,92.73,93.26
11868,2025-12,1067,113.98,122.33
11869,2025-12,1068,114.01,110.9
11870,2025-12,1069,121.91,122.87
11871,2025-12,1070,80.56,80.09
11872,2025-12,1071,74.24,74.06
11873,2025-12,1072,94.57,97.27
11874,2025-12,1073,115.57,121.95
11875,2025-12,1074,75.28,80.04
11876,2025-12,1075,118.26,112.48
11877,2025-12,1076,76.92,75.51
11878,2025-12,1077,100.42,104.29
11879,2025-12,1078,129.6,137.37
11880,2025-12,1079,108.52,103.61
11881,2025-12,1080,418.07,451.09
11882,2025-12,1081,438.18,420.92
11883,2025-12,1082,615.6,596.75
11884,2025-12,1083,417.48,428.64
11885,2025-12,1084,430.5,444.36
11886,2025-12,1085,490.85,514.44
11887,2025-12,1086,536.13,546.45
11888,2025-12,1087,360.94,360.37
11889,2025-12,1088,615.41,658.13
11890,2025-12,1089,558.91,542.99
11891,2025-12,1090,594.67,625.6
11892,2025-12,1091,492.74,507.69
11893,2025-12,1092,672.06,647.82
11894,2025-12,1093,598.8,615.78
11895,2025-12,1094,548.91,591.94
11896,2025-12,1095,324.53,337.73
11897,2025-12,1096,692.66,670.35
11898,2025-12,1097,449.86,443.71
11899,2025-12,1098,493.72,489.8
11900,2025-12,1099,506.04,545.69
11901,2025-12,1100,1009.87,982.06
11902,2025-12,1101,934.85,915.11
11903,2025-12,1102,938.33,975.35
11904,2025-12,1103,1437.7,1415.15
11905,2025-12,1104,739.77,706.48
11906,2025-12,1105,968.75,976.4
11907,2025-12,1106,843.84,849.08
11908,2025-12,1107,1055.19,1057.86
11909,2025-12,1108,1064.84,1050.62
11910,2025-12,1109,876.58,936.94
11911,2025-12,1110,1180.01,1186.64
11912,2025-12,1111,934.24,965.41
11913,2025-12,1112,1017.03,1065.69
11914,2025-12,1113,1299.8,1330.79
11915,2025-12,1114,966.0,1020.21
11916,2025-12,1115,1037.29,1055.88
11917,2025-12,1116,1135.88,1110.82
11918,2025-12,1117,949.68,915.68
11919,2025-12,1118,862.54,846.99
11920,2025-12,1119,1160.19,1197.74
11921,2025-12,1120,74.68,76.74
11922,2025-12,1121,52.85,52.91
11923,2025-12,1122,66.46,65.0
11924,2025-12,1123,58.76,63.16
11925,2025-12,1124,66.79,71.78
11926,2025-12,1125,62.78,61.78
11927,2025-12,1126,50.28,50.07
11928,2025-12,1127,73.86,71.47
11929,2025-12,1128,42.67,40.75
11930,2025-12,1129,55.59,57.29
11931,2025-12,1130,65.89,66.79
11932,2025-12,1131,73.68,75.87
11933,2025-12,1132,58.67,61.64
11934,2025-12,1133,81.79,79.55
11935,2025-12,1134,60.08,59.56
11936,2025-12,1135,61.82,63.62
11937,2025-12,1136,53.78,56.16
11938,2025-12,1137,52.39,51.86
11939,2025-12,1138,61.44,61.59
11940,2025-12,1139,68.88,69.31
11941,2025-12,1140,1000.15,1076.27
11942,2025-12,1141,601.56,602.2
11943,2025-12,1142,572.24,596.2
11944,2025-12,1143,768.11,770.93
11945,2025-12,1144,586.2,565.78
11946,2025-12,1145,640.61,630.97
11947,2025-12,1146,542.3,540.41
11948,2025-12,1147,666.21,647.05
11949,2025-12,1148,586.29,573.53
11950,2025-12,1149,809.15,855.64
11951,2025-12,1150,672.7,685.6
11952,2025-12,1151,502.71,489.38
11953,2025-12,1152,821.91,790.51
11954,2025-12,1153,581.2,619.75
11955,2025-12,1154,603.07,638.32
11956,2025-12,1155,671.15,676.22
11957,2025-12,1156,564.11,542.67
11958,2025-12,1157,750.09,761.29
11959,2025-12,1158,744.72,740.97
11960,2025-12,1159,616.68,639.61
11961,2025-12,1160,64.46,63.15
11962,2025-12,1161,50.34,52.87
11963,2025-12,1162,59.88,62.1
11964,2025-12,1163,41.36,41.09
11965,2025-12,1164,36.64,39.48
11966,2025-12,1165,52.46,54.41
11967,2025-12,1166,51.55,53.64
11968,2025-12,1167,50.5,52.85
11969,2025-12,1168,47.98,46.32
11970,2025-12,1169,43.51,43.66
11971,2025-12,1170,61.35,63.97
11972,2025-12,1171,41.63,44.06
11973,2025-12,1172,45.74,43.95
11974,2025-12,1173,43.77,45.48
11975,2025-12,1174,41.94,42.6
11976,2025-12,1175,52.56,56.05
11977,2025-12,1176,55.08,56.87
11978,2025-12,1177,44.29,42.41
11979,2025-12,1178,39.76,41.93
11980,2025-12,1179,39.6,42.6
11981,2025-12,1180,124.09,125.59
11982,2025-12,1181,92.25,87.84
11983,2025-12,1182,93.49,93.77
11984,2025-12,1183,60.82,62.73
11985,2025-12,1184,73.05,70.76
11986,2025-12,1185,114.48,120.54
11987,2025-12,1186,112.07,115.8
11988,2025-12,1187,131.58,134.01
11989,2025-12,1188,88.46,85.23
11990,2025-12,1189,102.11,109.15
11991,2025-12,1190,106.37,104.38
11992,2025-12,1191,120.59,124.23
11993,2025-12,1192,121.54,129.13
11994,2025-12,1193,83.63,80.86
11995,2025-12,1194,118.76,113.47
11996,2025-12,1195,111.76,108.67
11997,2025-12,1196,75.81,79.41
11998,2025-12,1197,84.23,85.21
11999,2025-12,1198,112.68,119.02
12000,2025-12,1199,91.33,94.44
